page,ticker,company,median_worker_pay,pay_ratio,source_url,scraped_at
0,A,Agilent Technologies Inc,"$75,642",120:1,https://aflcio.org/paywatch/company-pay-ratios?order=ticker&sort=asc&page=0,2026-07-23T11:11:02.949Z
0,AA,Alcoa Corp,"$104,845",129:1,https://aflcio.org/paywatch/company-pay-ratios?order=ticker&sort=asc&page=0,2026-07-23T11:11:02.949Z
0,AAL,American Airlines Group Inc.,"$81,744",191:1,https://aflcio.org/paywatch/company-pay-ratios?order=ticker&sort=asc&page=0,2026-07-23T11:11:02.949Z
0,AAMI,Acadian Asset Management Inc.,"$260,569",3:1,https://aflcio.org/paywatch/company-pay-ratios?order=ticker&sort=asc&page=0,2026-07-23T11:11:02.949Z
0,AAOI,"Applied Optoelectronics, Inc.","$11,821",314:1,https://aflcio.org/paywatch/company-pay-ratios?order=ticker&sort=asc&page=0,2026-07-23T11:11:02.949Z
0,AAON,"Aaon, Inc.","$61,661",67:1,https://aflcio.org/paywatch/company-pay-ratios?order=ticker&sort=asc&page=0,2026-07-23T11:11:02.949Z
0,AAP,Advance Auto Parts Inc,"$24,377",423:1,https://aflcio.org/paywatch/company-pay-ratios?order=ticker&sort=asc&page=0,2026-07-23T11:11:02.949Z
0,AAPL,Apple Inc,"$114,738",650:1,https://aflcio.org/paywatch/company-pay-ratios?order=ticker&sort=asc&page=0,2026-07-23T11:11:02.949Z
0,AAT,"American Assets Trust, Inc.","$80,198",42:1,https://aflcio.org/paywatch/company-pay-ratios?order=ticker&sort=asc&page=0,2026-07-23T11:11:02.949Z
0,ABBV,AbbVie Inc,"$134,351",138:1,https://aflcio.org/paywatch/company-pay-ratios?order=ticker&sort=asc&page=0,2026-07-23T11:11:02.949Z
0,ABCB,Ameris Bancorp,"$79,774",69:1,https://aflcio.org/paywatch/company-pay-ratios?order=ticker&sort=asc&page=0,2026-07-23T11:11:02.949Z
0,ABG,Asbury Automotive Group Inc,"$69,670",129:1,https://aflcio.org/paywatch/company-pay-ratios?order=ticker&sort=asc&page=0,2026-07-23T11:11:02.949Z
0,ABM,Abm Industries Inc,"$39,581",219:1,https://aflcio.org/paywatch/company-pay-ratios?order=ticker&sort=asc&page=0,2026-07-23T11:11:02.949Z
0,ABNB,Airbnb Inc,"$271,657",1:1,https://aflcio.org/paywatch/company-pay-ratios?order=ticker&sort=asc&page=0,2026-07-23T11:11:02.949Z
0,ABR,Arbor Realty Trust Inc,"$103,797",116:1,https://aflcio.org/paywatch/company-pay-ratios?order=ticker&sort=asc&page=0,2026-07-23T11:11:02.949Z
0,ABT,Abbott Laboratories,"$128,746",177:1,https://aflcio.org/paywatch/company-pay-ratios?order=ticker&sort=asc&page=0,2026-07-23T11:11:02.949Z
0,ACA,"Arcosa, Inc.","$68,719",106:1,https://aflcio.org/paywatch/company-pay-ratios?order=ticker&sort=asc&page=0,2026-07-23T11:11:02.949Z
0,ACAD,Acadia Pharmaceuticals Inc,"$340,972",25:1,https://aflcio.org/paywatch/company-pay-ratios?order=ticker&sort=asc&page=0,2026-07-23T11:11:02.949Z
0,ACCD,"Accolade, Inc.","$74,163",51:1,https://aflcio.org/paywatch/company-pay-ratios?order=ticker&sort=asc&page=0,2026-07-23T11:11:02.949Z
0,ACCO,ACCO BRANDS Corp,"$40,448",104:1,https://aflcio.org/paywatch/company-pay-ratios?order=ticker&sort=asc&page=0,2026-07-23T11:11:02.949Z
1,ACEL,"Accel Entertainment, Inc.","$55,336",69:1,https://aflcio.org/paywatch/company-pay-ratios?order=ticker&sort=asc&page=1,2026-07-23T11:11:03.463Z
1,ACGL,Arch Capital Group Ltd,"$149,222",212:1,https://aflcio.org/paywatch/company-pay-ratios?order=ticker&sort=asc&page=1,2026-07-23T11:11:03.463Z
1,ACHC,"Acadia Healthcare Company, Inc.","$48,375",147:1,https://aflcio.org/paywatch/company-pay-ratios?order=ticker&sort=asc&page=1,2026-07-23T11:11:03.463Z
1,ACHR,Archer Aviation Inc.,"$242,287",73:1,https://aflcio.org/paywatch/company-pay-ratios?order=ticker&sort=asc&page=1,2026-07-23T11:11:03.463Z
1,ACIC,American Coastal Insurance Corp,"$274,840",1:1,https://aflcio.org/paywatch/company-pay-ratios?order=ticker&sort=asc&page=1,2026-07-23T11:11:03.463Z
1,ACIW,"Aci Worldwide, Inc.","$85,513",142:1,https://aflcio.org/paywatch/company-pay-ratios?order=ticker&sort=asc&page=1,2026-07-23T11:11:03.463Z
1,ACLS,Axcelis Technologies Inc,"$83,745",51:1,https://aflcio.org/paywatch/company-pay-ratios?order=ticker&sort=asc&page=1,2026-07-23T11:11:03.463Z
1,ACLX,"Arcellx, Inc.","$271,452",78:1,https://aflcio.org/paywatch/company-pay-ratios?order=ticker&sort=asc&page=1,2026-07-23T11:11:03.463Z
1,ACM,Aecom,"$70,951",203:1,https://aflcio.org/paywatch/company-pay-ratios?order=ticker&sort=asc&page=1,2026-07-23T11:11:03.463Z
1,ACMR,"ACM Research, Inc.","$33,323",15:1,https://aflcio.org/paywatch/company-pay-ratios?order=ticker&sort=asc&page=1,2026-07-23T11:11:03.463Z
1,ACN,Accenture PLC,"$22,106","1,127:1",https://aflcio.org/paywatch/company-pay-ratios?order=ticker&sort=asc&page=1,2026-07-23T11:11:03.463Z
1,ACNB,Acnb Corp,"$61,268",26:1,https://aflcio.org/paywatch/company-pay-ratios?order=ticker&sort=asc&page=1,2026-07-23T11:11:03.463Z
1,ACT,"Enact Holdings, Inc.","$182,676",55:1,https://aflcio.org/paywatch/company-pay-ratios?order=ticker&sort=asc&page=1,2026-07-23T11:11:03.463Z
1,ACVA,ACV Auctions Inc.,"$75,983",100:1,https://aflcio.org/paywatch/company-pay-ratios?order=ticker&sort=asc&page=1,2026-07-23T11:11:03.463Z
1,ADBE,Adobe Inc,"$209,583",250:1,https://aflcio.org/paywatch/company-pay-ratios?order=ticker&sort=asc&page=1,2026-07-23T11:11:03.463Z
1,ADC,Agree Realty Corp,"$135,756",62:1,https://aflcio.org/paywatch/company-pay-ratios?order=ticker&sort=asc&page=1,2026-07-23T11:11:03.463Z
1,ADEA,Adeia Inc.,"$359,712",20:1,https://aflcio.org/paywatch/company-pay-ratios?order=ticker&sort=asc&page=1,2026-07-23T11:11:03.463Z
1,ADI,Analog Devices Inc,"$49,925",449:1,https://aflcio.org/paywatch/company-pay-ratios?order=ticker&sort=asc&page=1,2026-07-23T11:11:03.463Z
1,ADM,Archer-Daniels-Midland Co,"$80,513",268:1,https://aflcio.org/paywatch/company-pay-ratios?order=ticker&sort=asc&page=1,2026-07-23T11:11:03.463Z
1,ADMA,"Adma Biologics, Inc.","$80,331",99:1,https://aflcio.org/paywatch/company-pay-ratios?order=ticker&sort=asc&page=1,2026-07-23T11:11:03.463Z
2,ADNT,Adient plc,"$19,922",485:1,https://aflcio.org/paywatch/company-pay-ratios?order=ticker&sort=asc&page=2,2026-07-23T11:11:03.944Z
2,ADP,Automatic Data Processing Inc,"$65,894",241:1,https://aflcio.org/paywatch/company-pay-ratios?order=ticker&sort=asc&page=2,2026-07-23T11:11:03.944Z
2,ADPT,Adaptive Biotechnologies Corp,"$170,306",29:1,https://aflcio.org/paywatch/company-pay-ratios?order=ticker&sort=asc&page=2,2026-07-23T11:11:03.944Z
2,ADSK,Autodesk Inc,"$143,780",175:1,https://aflcio.org/paywatch/company-pay-ratios?order=ticker&sort=asc&page=2,2026-07-23T11:11:03.944Z
2,ADT,ADT Inc.,"$72,008",224:1,https://aflcio.org/paywatch/company-pay-ratios?order=ticker&sort=asc&page=2,2026-07-23T11:11:03.944Z
2,ADTN,"ADTRAN Holdings, Inc.","$79,916",50:1,https://aflcio.org/paywatch/company-pay-ratios?order=ticker&sort=asc&page=2,2026-07-23T11:11:03.944Z
2,ADUS,Addus HomeCare Corp,"$13,048",425:1,https://aflcio.org/paywatch/company-pay-ratios?order=ticker&sort=asc&page=2,2026-07-23T11:11:03.944Z
2,ADV,Advantage Solutions Inc.,"$12,773",488:1,https://aflcio.org/paywatch/company-pay-ratios?order=ticker&sort=asc&page=2,2026-07-23T11:11:03.944Z
2,ADVM,"Adverum Biotechnologies, Inc.","$212,303",19:1,https://aflcio.org/paywatch/company-pay-ratios?order=ticker&sort=asc&page=2,2026-07-23T11:11:03.944Z
2,AEE,Ameren Corp,"$128,436",76:1,https://aflcio.org/paywatch/company-pay-ratios?order=ticker&sort=asc&page=2,2026-07-23T11:11:03.944Z
2,AEIS,Advanced Energy Industries Inc,"$8,942",980:1,https://aflcio.org/paywatch/company-pay-ratios?order=ticker&sort=asc&page=2,2026-07-23T11:11:03.944Z
2,AEO,American Eagle Outfitters Inc,"$7,488","2,011:1",https://aflcio.org/paywatch/company-pay-ratios?order=ticker&sort=asc&page=2,2026-07-23T11:11:03.944Z
2,AEP,American Electric Power Co Inc,"$126,212",105:1,https://aflcio.org/paywatch/company-pay-ratios?order=ticker&sort=asc&page=2,2026-07-23T11:11:03.944Z
2,AES,AES Corp/The,"$97,584",137:1,https://aflcio.org/paywatch/company-pay-ratios?order=ticker&sort=asc&page=2,2026-07-23T11:11:03.944Z
2,AFG,American Financial Group Inc,"$99,192",117:1,https://aflcio.org/paywatch/company-pay-ratios?order=ticker&sort=asc&page=2,2026-07-23T11:11:03.944Z
2,AFL,Aflac Inc,"$70,367",274:1,https://aflcio.org/paywatch/company-pay-ratios?order=ticker&sort=asc&page=2,2026-07-23T11:11:03.944Z
2,AFRM,"Affirm Holdings, Inc.","$298,543",1:1,https://aflcio.org/paywatch/company-pay-ratios?order=ticker&sort=asc&page=2,2026-07-23T11:11:03.944Z
2,AGCO,Agco Corp,"$55,509",265:1,https://aflcio.org/paywatch/company-pay-ratios?order=ticker&sort=asc&page=2,2026-07-23T11:11:03.944Z
2,AGEN,Agenus Inc,"$114,901",32:1,https://aflcio.org/paywatch/company-pay-ratios?order=ticker&sort=asc&page=2,2026-07-23T11:11:03.944Z
2,AGIO,"Agios Pharmaceuticals, Inc.","$331,591",20:1,https://aflcio.org/paywatch/company-pay-ratios?order=ticker&sort=asc&page=2,2026-07-23T11:11:03.944Z
3,AGL,"agilon health, inc.","$56,150",96:1,https://aflcio.org/paywatch/company-pay-ratios?order=ticker&sort=asc&page=3,2026-07-23T11:11:04.442Z
3,AGM,Federal Agricultural Mortgage Corp,"$165,000",20:1,https://aflcio.org/paywatch/company-pay-ratios?order=ticker&sort=asc&page=3,2026-07-23T11:11:04.442Z
3,AGNC,AGNC Investment Corp.,"$358,750",37:1,https://aflcio.org/paywatch/company-pay-ratios?order=ticker&sort=asc&page=3,2026-07-23T11:11:04.442Z
3,AGO,Assured Guaranty Ltd,"$314,500",47:1,https://aflcio.org/paywatch/company-pay-ratios?order=ticker&sort=asc&page=3,2026-07-23T11:11:04.442Z
3,AGX,Argan Inc,"$99,462",23:1,https://aflcio.org/paywatch/company-pay-ratios?order=ticker&sort=asc&page=3,2026-07-23T11:11:04.442Z
3,AHCO,AdaptHealth Corp.,"$50,869",172:1,https://aflcio.org/paywatch/company-pay-ratios?order=ticker&sort=asc&page=3,2026-07-23T11:11:04.442Z
3,AHH,"Armada Hoffler Properties, Inc.","$115,290",24:1,https://aflcio.org/paywatch/company-pay-ratios?order=ticker&sort=asc&page=3,2026-07-23T11:11:04.442Z
3,AHR,"American Healthcare REIT, Inc.","$137,540",55:1,https://aflcio.org/paywatch/company-pay-ratios?order=ticker&sort=asc&page=3,2026-07-23T11:11:04.442Z
3,AI,"C3.ai, Inc.","$256,691",96:1,https://aflcio.org/paywatch/company-pay-ratios?order=ticker&sort=asc&page=3,2026-07-23T11:11:04.442Z
3,AIG,American International Group Inc,"$82,224",300:1,https://aflcio.org/paywatch/company-pay-ratios?order=ticker&sort=asc&page=3,2026-07-23T11:11:04.442Z
3,AIN,Albany International Corp,"$53,241",74:1,https://aflcio.org/paywatch/company-pay-ratios?order=ticker&sort=asc&page=3,2026-07-23T11:11:04.442Z
3,AIR,Aar Corp,"$70,389",112:1,https://aflcio.org/paywatch/company-pay-ratios?order=ticker&sort=asc&page=3,2026-07-23T11:11:04.442Z
3,AIT,Applied Industrial Technologies Inc,"$81,529",77:1,https://aflcio.org/paywatch/company-pay-ratios?order=ticker&sort=asc&page=3,2026-07-23T11:11:04.442Z
3,AIV,Apartment Investment & Management Co,"$254,355",16:1,https://aflcio.org/paywatch/company-pay-ratios?order=ticker&sort=asc&page=3,2026-07-23T11:11:04.442Z
3,AIZ,Assurant Inc,"$53,501",258:1,https://aflcio.org/paywatch/company-pay-ratios?order=ticker&sort=asc&page=3,2026-07-23T11:11:04.442Z
3,AJG,Arthur J Gallagher & Co,"$58,230",300:1,https://aflcio.org/paywatch/company-pay-ratios?order=ticker&sort=asc&page=3,2026-07-23T11:11:04.442Z
3,AKAM,Akamai Technologies Inc,"$129,006",117:1,https://aflcio.org/paywatch/company-pay-ratios?order=ticker&sort=asc&page=3,2026-07-23T11:11:04.442Z
3,AKBA,"Akebia Therapeutics, Inc.","$248,328",17:1,https://aflcio.org/paywatch/company-pay-ratios?order=ticker&sort=asc&page=3,2026-07-23T11:11:04.442Z
3,AKR,Acadia Realty Trust,"$126,500",49:1,https://aflcio.org/paywatch/company-pay-ratios?order=ticker&sort=asc&page=3,2026-07-23T11:11:04.442Z
3,AKRO,"Akero Therapeutics, Inc.","$485,093",21:1,https://aflcio.org/paywatch/company-pay-ratios?order=ticker&sort=asc&page=3,2026-07-23T11:11:04.442Z
4,AKYA,"Akoya Biosciences, Inc.","$131,871",48:1,https://aflcio.org/paywatch/company-pay-ratios?order=ticker&sort=asc&page=4,2026-07-23T11:11:04.945Z
4,AL,Air Lease Corp,"$383,985",22:1,https://aflcio.org/paywatch/company-pay-ratios?order=ticker&sort=asc&page=4,2026-07-23T11:11:04.945Z
4,ALB,Albemarle Corp,"$67,663",212:1,https://aflcio.org/paywatch/company-pay-ratios?order=ticker&sort=asc&page=4,2026-07-23T11:11:04.945Z
4,ALE,Allete Inc,"$138,809",27:1,https://aflcio.org/paywatch/company-pay-ratios?order=ticker&sort=asc&page=4,2026-07-23T11:11:04.945Z
4,ALEC,"Alector, Inc.","$270,712",13:1,https://aflcio.org/paywatch/company-pay-ratios?order=ticker&sort=asc&page=4,2026-07-23T11:11:04.945Z
4,ALEX,"Alexander & Baldwin, Inc.","$183,604",24:1,https://aflcio.org/paywatch/company-pay-ratios?order=ticker&sort=asc&page=4,2026-07-23T11:11:04.945Z
4,ALG,Alamo Group Inc,"$53,757",78:1,https://aflcio.org/paywatch/company-pay-ratios?order=ticker&sort=asc&page=4,2026-07-23T11:11:04.945Z
4,ALGM,"Allegro Microsystems, Inc.","$10,410",673:1,https://aflcio.org/paywatch/company-pay-ratios?order=ticker&sort=asc&page=4,2026-07-23T11:11:04.945Z
4,ALGN,Align Technology Inc,"$24,348","1,122:1",https://aflcio.org/paywatch/company-pay-ratios?order=ticker&sort=asc&page=4,2026-07-23T11:11:04.945Z
4,ALGT,Allegiant Travel CO,"$53,876",32:1,https://aflcio.org/paywatch/company-pay-ratios?order=ticker&sort=asc&page=4,2026-07-23T11:11:04.945Z
4,ALHC,"Alignment Healthcare, Inc.","$70,853",90:1,https://aflcio.org/paywatch/company-pay-ratios?order=ticker&sort=asc&page=4,2026-07-23T11:11:04.945Z
4,ALIT,"Alight, Inc.","$61,834",133:1,https://aflcio.org/paywatch/company-pay-ratios?order=ticker&sort=asc&page=4,2026-07-23T11:11:04.945Z
4,ALK,"Alaska Air Group, Inc.","$72,410",119:1,https://aflcio.org/paywatch/company-pay-ratios?order=ticker&sort=asc&page=4,2026-07-23T11:11:04.945Z
4,ALKS,Alkermes plc.,"$225,915",45:1,https://aflcio.org/paywatch/company-pay-ratios?order=ticker&sort=asc&page=4,2026-07-23T11:11:04.945Z
4,ALKT,"Alkami Technology, Inc.","$154,991",50:1,https://aflcio.org/paywatch/company-pay-ratios?order=ticker&sort=asc&page=4,2026-07-23T11:11:04.945Z
4,ALL,Allstate Corp,"$73,333",364:1,https://aflcio.org/paywatch/company-pay-ratios?order=ticker&sort=asc&page=4,2026-07-23T11:11:04.945Z
4,ALLE,Allegion plc,"$64,714",131:1,https://aflcio.org/paywatch/company-pay-ratios?order=ticker&sort=asc&page=4,2026-07-23T11:11:04.945Z
4,ALLY,Ally Financial Inc.,"$116,971",179:1,https://aflcio.org/paywatch/company-pay-ratios?order=ticker&sort=asc&page=4,2026-07-23T11:11:04.945Z
4,ALNT,Allient Inc,"$42,418",69:1,https://aflcio.org/paywatch/company-pay-ratios?order=ticker&sort=asc&page=4,2026-07-23T11:11:04.945Z
4,ALNY,"Alnylam Pharmaceuticals, Inc.","$297,040",39:1,https://aflcio.org/paywatch/company-pay-ratios?order=ticker&sort=asc&page=4,2026-07-23T11:11:04.945Z
5,ALRM,"Alarm.com Holdings, Inc.","$117,757",26:1,https://aflcio.org/paywatch/company-pay-ratios?order=ticker&sort=asc&page=5,2026-07-23T11:11:05.452Z
5,ALRS,Alerus Financial Corp,"$77,183",17:1,https://aflcio.org/paywatch/company-pay-ratios?order=ticker&sort=asc&page=5,2026-07-23T11:11:05.452Z
5,ALSN,Allison Transmission Holdings Inc,"$115,597",107:1,https://aflcio.org/paywatch/company-pay-ratios?order=ticker&sort=asc&page=5,2026-07-23T11:11:05.452Z
5,ALTG,Alta Equipment Group Inc.,"$70,852",33:1,https://aflcio.org/paywatch/company-pay-ratios?order=ticker&sort=asc&page=5,2026-07-23T11:11:05.452Z
5,ALTR,Altair Engineering Inc.,"$95,251",95:1,https://aflcio.org/paywatch/company-pay-ratios?order=ticker&sort=asc&page=5,2026-07-23T11:11:05.452Z
5,ALX,Alexanders Inc,"$70,136",2:1,https://aflcio.org/paywatch/company-pay-ratios?order=ticker&sort=asc&page=5,2026-07-23T11:11:05.452Z
5,ALZN,"Alzamend Neuro, Inc.","$130,000",3:1,https://aflcio.org/paywatch/company-pay-ratios?order=ticker&sort=asc&page=5,2026-07-23T11:11:05.452Z
5,AM,Antero Midstream Corp,"$40,945",271:1,https://aflcio.org/paywatch/company-pay-ratios?order=ticker&sort=asc&page=5,2026-07-23T11:11:05.452Z
5,AMAL,Amalgamated Financial Corp.,"$102,995",52:1,https://aflcio.org/paywatch/company-pay-ratios?order=ticker&sort=asc&page=5,2026-07-23T11:11:05.452Z
5,AMAT,Applied Materials Inc,"$86,954",320:1,https://aflcio.org/paywatch/company-pay-ratios?order=ticker&sort=asc&page=5,2026-07-23T11:11:05.452Z
5,AMBA,Ambarella Inc,"$92,396",81:1,https://aflcio.org/paywatch/company-pay-ratios?order=ticker&sort=asc&page=5,2026-07-23T11:11:05.452Z
5,AMBC,Ambac Financial Group Inc,"$179,231",35:1,https://aflcio.org/paywatch/company-pay-ratios?order=ticker&sort=asc&page=5,2026-07-23T11:11:05.452Z
5,AMC,"Amc Entertainment Holdings, Inc.","$11,659",974:1,https://aflcio.org/paywatch/company-pay-ratios?order=ticker&sort=asc&page=5,2026-07-23T11:11:05.452Z
5,AMCR,Amcor PLC,"$71,038",110:1,https://aflcio.org/paywatch/company-pay-ratios?order=ticker&sort=asc&page=5,2026-07-23T11:11:05.452Z
5,AMCX,AMC Networks Inc.,"$81,888",106:1,https://aflcio.org/paywatch/company-pay-ratios?order=ticker&sort=asc&page=5,2026-07-23T11:11:05.452Z
5,AMD,Advanced Micro Devices Inc,"$143,804",216:1,https://aflcio.org/paywatch/company-pay-ratios?order=ticker&sort=asc&page=5,2026-07-23T11:11:05.452Z
5,AME,AMETEK Inc,"$65,294",224:1,https://aflcio.org/paywatch/company-pay-ratios?order=ticker&sort=asc&page=5,2026-07-23T11:11:05.452Z
5,AMED,Amedisys Inc,"$73,868",103:1,https://aflcio.org/paywatch/company-pay-ratios?order=ticker&sort=asc&page=5,2026-07-23T11:11:05.452Z
5,AMG,"Affiliated Managers Group, Inc.","$201,689",65:1,https://aflcio.org/paywatch/company-pay-ratios?order=ticker&sort=asc&page=5,2026-07-23T11:11:05.452Z
5,AMGN,Amgen Inc,"$160,017",153:1,https://aflcio.org/paywatch/company-pay-ratios?order=ticker&sort=asc&page=5,2026-07-23T11:11:05.452Z
6,AMH,American Homes 4 Rent,"$72,736",142:1,https://aflcio.org/paywatch/company-pay-ratios?order=ticker&sort=asc&page=6,2026-07-23T11:11:05.958Z
6,AMKR,"Amkor Technology, Inc.","$17,141",971:1,https://aflcio.org/paywatch/company-pay-ratios?order=ticker&sort=asc&page=6,2026-07-23T11:11:05.958Z
6,AMLX,"Amylyx Pharmaceuticals, Inc.","$311,207",21:1,https://aflcio.org/paywatch/company-pay-ratios?order=ticker&sort=asc&page=6,2026-07-23T11:11:05.958Z
6,AMN,Amn Healthcare Services Inc,"$83,818",114:1,https://aflcio.org/paywatch/company-pay-ratios?order=ticker&sort=asc&page=6,2026-07-23T11:11:05.958Z
6,AMP,Ameriprise Financial Inc,"$134,226",210:1,https://aflcio.org/paywatch/company-pay-ratios?order=ticker&sort=asc&page=6,2026-07-23T11:11:05.958Z
6,AMPH,"Amphastar Pharmaceuticals, Inc.","$82,289",94:1,https://aflcio.org/paywatch/company-pay-ratios?order=ticker&sort=asc&page=6,2026-07-23T11:11:05.958Z
6,AMPL,"Amplitude, Inc.","$490,944",1:1,https://aflcio.org/paywatch/company-pay-ratios?order=ticker&sort=asc&page=6,2026-07-23T11:11:05.958Z
6,AMR,"Alpha Metallurgical Resources, Inc.","$91,149",54:1,https://aflcio.org/paywatch/company-pay-ratios?order=ticker&sort=asc&page=6,2026-07-23T11:11:05.958Z
6,AMRC,"Ameresco, Inc.","$109,226",14:1,https://aflcio.org/paywatch/company-pay-ratios?order=ticker&sort=asc&page=6,2026-07-23T11:11:05.958Z
6,AMRK,"A-Mark Precious Metals, Inc.","$12,079",595:1,https://aflcio.org/paywatch/company-pay-ratios?order=ticker&sort=asc&page=6,2026-07-23T11:11:05.958Z
6,AMRX,"Amneal Pharmaceuticals, Inc.","$12,079",595:1,https://aflcio.org/paywatch/company-pay-ratios?order=ticker&sort=asc&page=6,2026-07-23T11:11:05.958Z
6,AMSF,Amerisafe Inc,"$71,765",32:1,https://aflcio.org/paywatch/company-pay-ratios?order=ticker&sort=asc&page=6,2026-07-23T11:11:05.958Z
6,AMT,American Tower Corp,"$85,726",157:1,https://aflcio.org/paywatch/company-pay-ratios?order=ticker&sort=asc&page=6,2026-07-23T11:11:05.958Z
6,AMTB,Amerant Bancorp Inc.,"$117,937",24:1,https://aflcio.org/paywatch/company-pay-ratios?order=ticker&sort=asc&page=6,2026-07-23T11:11:05.958Z
6,AMWD,American Woodmark Corp,"$49,529",137:1,https://aflcio.org/paywatch/company-pay-ratios?order=ticker&sort=asc&page=6,2026-07-23T11:11:05.958Z
6,AMWL,American Well Corp,"$132,692",16:1,https://aflcio.org/paywatch/company-pay-ratios?order=ticker&sort=asc&page=6,2026-07-23T11:11:05.958Z
6,AMZN,Amazon.com Inc,"$37,181",43:1,https://aflcio.org/paywatch/company-pay-ratios?order=ticker&sort=asc&page=6,2026-07-23T11:11:05.958Z
6,AN,"Autonation, Inc.","$68,488",233:1,https://aflcio.org/paywatch/company-pay-ratios?order=ticker&sort=asc&page=6,2026-07-23T11:11:05.958Z
6,ANDE,"Andersons, Inc.","$94,576",61:1,https://aflcio.org/paywatch/company-pay-ratios?order=ticker&sort=asc&page=6,2026-07-23T11:11:05.958Z
6,ANET,Arista Networks Inc,"$171,500",52:1,https://aflcio.org/paywatch/company-pay-ratios?order=ticker&sort=asc&page=6,2026-07-23T11:11:05.958Z
7,ANF,Abercrombie & Fitch Co,"$2,531","6,731:1",https://aflcio.org/paywatch/company-pay-ratios?order=ticker&sort=asc&page=7,2026-07-23T11:11:06.496Z
7,ANGI,Angi Inc.,"$93,690",74:1,https://aflcio.org/paywatch/company-pay-ratios?order=ticker&sort=asc&page=7,2026-07-23T11:11:06.496Z
7,ANGO,Angiodynamics Inc,"$111,747",45:1,https://aflcio.org/paywatch/company-pay-ratios?order=ticker&sort=asc&page=7,2026-07-23T11:11:06.496Z
7,ANIK,"Anika Therapeutics, Inc.","$99,333",51:1,https://aflcio.org/paywatch/company-pay-ratios?order=ticker&sort=asc&page=7,2026-07-23T11:11:06.496Z
7,ANIP,Ani Pharmaceuticals Inc,"$82,949",107:1,https://aflcio.org/paywatch/company-pay-ratios?order=ticker&sort=asc&page=7,2026-07-23T11:11:06.496Z
7,ANSS,ANSYS Inc,"$110,125",298:1,https://aflcio.org/paywatch/company-pay-ratios?order=ticker&sort=asc&page=7,2026-07-23T11:11:06.496Z
7,AON,Aon PLC,"$85,717",306:1,https://aflcio.org/paywatch/company-pay-ratios?order=ticker&sort=asc&page=7,2026-07-23T11:11:06.496Z
7,AOS,A O Smith Corp,"$50,022",153:1,https://aflcio.org/paywatch/company-pay-ratios?order=ticker&sort=asc&page=7,2026-07-23T11:11:06.496Z
7,AOSL,ALPHA & OMEGA SEMICONDUCTOR Ltd,"$20,893",142:1,https://aflcio.org/paywatch/company-pay-ratios?order=ticker&sort=asc&page=7,2026-07-23T11:11:06.496Z
7,APA,APA Corp,"$208,313",55:1,https://aflcio.org/paywatch/company-pay-ratios?order=ticker&sort=asc&page=7,2026-07-23T11:11:06.496Z
7,APAM,Artisan Partners Asset Management Inc.,"$259,281",26:1,https://aflcio.org/paywatch/company-pay-ratios?order=ticker&sort=asc&page=7,2026-07-23T11:11:06.496Z
7,APD,Air Products and Chemicals Inc,"$71,961",221:1,https://aflcio.org/paywatch/company-pay-ratios?order=ticker&sort=asc&page=7,2026-07-23T11:11:06.496Z
7,APEI,American Public Education Inc,"$30,851",94:1,https://aflcio.org/paywatch/company-pay-ratios?order=ticker&sort=asc&page=7,2026-07-23T11:11:06.496Z
7,APG,APi Group Corp,"$75,771",117:1,https://aflcio.org/paywatch/company-pay-ratios?order=ticker&sort=asc&page=7,2026-07-23T11:11:06.496Z
7,APH,Amphenol Corp,"$17,712",969:1,https://aflcio.org/paywatch/company-pay-ratios?order=ticker&sort=asc&page=7,2026-07-23T11:11:06.496Z
7,APLE,"Apple Hospitality REIT, Inc.","$183,403",31:1,https://aflcio.org/paywatch/company-pay-ratios?order=ticker&sort=asc&page=7,2026-07-23T11:11:06.496Z
7,APLS,"Apellis Pharmaceuticals, Inc.","$330,094",33:1,https://aflcio.org/paywatch/company-pay-ratios?order=ticker&sort=asc&page=7,2026-07-23T11:11:06.496Z
7,APO,Apollo Global Management Inc,"$182,781",4:1,https://aflcio.org/paywatch/company-pay-ratios?order=ticker&sort=asc&page=7,2026-07-23T11:11:06.496Z
7,APOG,"Apogee Enterprises, Inc.","$59,275",89:1,https://aflcio.org/paywatch/company-pay-ratios?order=ticker&sort=asc&page=7,2026-07-23T11:11:06.496Z
7,APP,AppLovin Corp,"$98,555",114:1,https://aflcio.org/paywatch/company-pay-ratios?order=ticker&sort=asc&page=7,2026-07-23T11:11:06.496Z
8,APPF,Appfolio Inc,"$200,472",25:1,https://aflcio.org/paywatch/company-pay-ratios?order=ticker&sort=asc&page=8,2026-07-23T11:11:07.037Z
8,APPN,Appian Corp,"$161,267",7:1,https://aflcio.org/paywatch/company-pay-ratios?order=ticker&sort=asc&page=8,2026-07-23T11:11:07.037Z
8,APTV,Aptiv PLC,"$9,052","2,072:1",https://aflcio.org/paywatch/company-pay-ratios?order=ticker&sort=asc&page=8,2026-07-23T11:11:07.037Z
8,AR,ANTERO RESOURCES Corp,"$135,429",105:1,https://aflcio.org/paywatch/company-pay-ratios?order=ticker&sort=asc&page=8,2026-07-23T11:11:07.037Z
8,ARAY,Accuray Inc,"$110,996",31:1,https://aflcio.org/paywatch/company-pay-ratios?order=ticker&sort=asc&page=8,2026-07-23T11:11:07.037Z
8,ARCB,Arcbest Corp,"$77,386",58:1,https://aflcio.org/paywatch/company-pay-ratios?order=ticker&sort=asc&page=8,2026-07-23T11:11:07.037Z
8,ARCT,Arcturus Therapeutics Holdings Inc.,"$269,150",13:1,https://aflcio.org/paywatch/company-pay-ratios?order=ticker&sort=asc&page=8,2026-07-23T11:11:07.037Z
8,ARDX,"Ardelyx, Inc.","$239,432",40:1,https://aflcio.org/paywatch/company-pay-ratios?order=ticker&sort=asc&page=8,2026-07-23T11:11:07.037Z
8,ARE,Alexandria Real Estate Equities Inc,"$193,000",92:1,https://aflcio.org/paywatch/company-pay-ratios?order=ticker&sort=asc&page=8,2026-07-23T11:11:07.037Z
8,ARES,Ares Management Corp,"$240,000",356:1,https://aflcio.org/paywatch/company-pay-ratios?order=ticker&sort=asc&page=8,2026-07-23T11:11:07.037Z
8,ARHS,"Arhaus, Inc.","$55,735",41:1,https://aflcio.org/paywatch/company-pay-ratios?order=ticker&sort=asc&page=8,2026-07-23T11:11:07.037Z
8,ARKO,ARKO Corp.,"$26,103",184:1,https://aflcio.org/paywatch/company-pay-ratios?order=ticker&sort=asc&page=8,2026-07-23T11:11:07.037Z
8,ARLO,"Arlo Technologies, Inc.","$281,581",83:1,https://aflcio.org/paywatch/company-pay-ratios?order=ticker&sort=asc&page=8,2026-07-23T11:11:07.037Z
8,ARMK,Aramark,"$16,829","1,114:1",https://aflcio.org/paywatch/company-pay-ratios?order=ticker&sort=asc&page=8,2026-07-23T11:11:07.037Z
8,AROC,"Archrock, Inc.","$130,462",65:1,https://aflcio.org/paywatch/company-pay-ratios?order=ticker&sort=asc&page=8,2026-07-23T11:11:07.037Z
8,AROW,Arrow Financial Corp,"$57,067",22:1,https://aflcio.org/paywatch/company-pay-ratios?order=ticker&sort=asc&page=8,2026-07-23T11:11:07.037Z
8,ARQT,"Arcutis Biotherapeutics, Inc.","$267,635",14:1,https://aflcio.org/paywatch/company-pay-ratios?order=ticker&sort=asc&page=8,2026-07-23T11:11:07.037Z
8,ARRY,"Array Technologies, Inc.","$40,137",221:1,https://aflcio.org/paywatch/company-pay-ratios?order=ticker&sort=asc&page=8,2026-07-23T11:11:07.037Z
8,ARVN,"Arvinas, Inc.","$292,571",44:1,https://aflcio.org/paywatch/company-pay-ratios?order=ticker&sort=asc&page=8,2026-07-23T11:11:07.037Z
8,ARW,"Arrow Electronics, Inc.","$54,613",151:1,https://aflcio.org/paywatch/company-pay-ratios?order=ticker&sort=asc&page=8,2026-07-23T11:11:07.038Z
9,ARWR,"Arrowhead Pharmaceuticals, Inc.","$174,364",70:1,https://aflcio.org/paywatch/company-pay-ratios?order=ticker&sort=asc&page=9,2026-07-23T11:11:07.515Z
9,ASB,Associated Banc-Corp,"$69,463",79:1,https://aflcio.org/paywatch/company-pay-ratios?order=ticker&sort=asc&page=9,2026-07-23T11:11:07.515Z
9,ASGN,ASGN Inc,"$68,710",121:1,https://aflcio.org/paywatch/company-pay-ratios?order=ticker&sort=asc&page=9,2026-07-23T11:11:07.515Z
9,ASH,Ashland Inc.,"$76,448",117:1,https://aflcio.org/paywatch/company-pay-ratios?order=ticker&sort=asc&page=9,2026-07-23T11:11:07.515Z
9,ASIX,AdvanSix Inc.,"$114,213",49:1,https://aflcio.org/paywatch/company-pay-ratios?order=ticker&sort=asc&page=9,2026-07-23T11:11:07.515Z
9,ASLE,AerSale Corp,"$75,436",71:1,https://aflcio.org/paywatch/company-pay-ratios?order=ticker&sort=asc&page=9,2026-07-23T11:11:07.515Z
9,ASO,"Academy Sports & Outdoors, Inc.","$21,341",406:1,https://aflcio.org/paywatch/company-pay-ratios?order=ticker&sort=asc&page=9,2026-07-23T11:11:07.515Z
9,ASPN,Aspen Aerogels Inc,"$101,299",30:1,https://aflcio.org/paywatch/company-pay-ratios?order=ticker&sort=asc&page=9,2026-07-23T11:11:07.515Z
9,ASTE,Astec Industries Inc,"$69,181",53:1,https://aflcio.org/paywatch/company-pay-ratios?order=ticker&sort=asc&page=9,2026-07-23T11:11:07.515Z
9,ASTH,"Astrana Health, Inc.","$51,483",354:1,https://aflcio.org/paywatch/company-pay-ratios?order=ticker&sort=asc&page=9,2026-07-23T11:11:07.515Z
9,ATEC,"Alphatec Holdings, Inc.","$103,708",57:1,https://aflcio.org/paywatch/company-pay-ratios?order=ticker&sort=asc&page=9,2026-07-23T11:11:07.515Z
9,ATEN,"A10 Networks, Inc.","$187,328",33:1,https://aflcio.org/paywatch/company-pay-ratios?order=ticker&sort=asc&page=9,2026-07-23T11:11:07.515Z
9,ATEX,Anterix Inc.,"$200,000",16:1,https://aflcio.org/paywatch/company-pay-ratios?order=ticker&sort=asc&page=9,2026-07-23T11:11:07.515Z
9,ATGE,Adtalem Global Education Inc.,"$51,610",277:1,https://aflcio.org/paywatch/company-pay-ratios?order=ticker&sort=asc&page=9,2026-07-23T11:11:07.515Z
9,ATI,Ati Inc,"$90,854",69:1,https://aflcio.org/paywatch/company-pay-ratios?order=ticker&sort=asc&page=9,2026-07-23T11:11:07.515Z
9,ATKR,Atkore Inc.,"$51,862",155:1,https://aflcio.org/paywatch/company-pay-ratios?order=ticker&sort=asc&page=9,2026-07-23T11:11:07.515Z
9,ATNI,"ATN International, Inc.","$65,789",34:1,https://aflcio.org/paywatch/company-pay-ratios?order=ticker&sort=asc&page=9,2026-07-23T11:11:07.515Z
9,ATO,Atmos Energy Corp,"$90,476",152:1,https://aflcio.org/paywatch/company-pay-ratios?order=ticker&sort=asc&page=9,2026-07-23T11:11:07.515Z
9,ATR,"Aptargroup, Inc.","$57,266",173:1,https://aflcio.org/paywatch/company-pay-ratios?order=ticker&sort=asc&page=9,2026-07-23T11:11:07.515Z
9,ATRC,"AtriCure, Inc.","$133,948",75:1,https://aflcio.org/paywatch/company-pay-ratios?order=ticker&sort=asc&page=9,2026-07-23T11:11:07.515Z
10,ATRO,Astronics Corp,"$64,210",45:1,https://aflcio.org/paywatch/company-pay-ratios?order=ticker&sort=asc&page=10,2026-07-23T11:11:08.045Z
10,ATSG,"Air Transport Services Group, Inc.","$64,668",62:1,https://aflcio.org/paywatch/company-pay-ratios?order=ticker&sort=asc&page=10,2026-07-23T11:11:08.045Z
10,ATUS,"Altice USA, Inc.","$73,531",196:1,https://aflcio.org/paywatch/company-pay-ratios?order=ticker&sort=asc&page=10,2026-07-23T11:11:08.045Z
10,AUB,Atlantic Union Bankshares Corp,"$65,173",65:1,https://aflcio.org/paywatch/company-pay-ratios?order=ticker&sort=asc&page=10,2026-07-23T11:11:08.045Z
10,AUPH,Aurinia Pharmaceuticals Inc.,"$319,139",20:1,https://aflcio.org/paywatch/company-pay-ratios?order=ticker&sort=asc&page=10,2026-07-23T11:11:08.045Z
10,AUR,"Aurora Innovation, Inc.","$235,984",1:1,https://aflcio.org/paywatch/company-pay-ratios?order=ticker&sort=asc&page=10,2026-07-23T11:11:08.045Z
10,AVA,Avista Corp,"$186,718",27:1,https://aflcio.org/paywatch/company-pay-ratios?order=ticker&sort=asc&page=10,2026-07-23T11:11:08.045Z
10,AVAV,AeroVironment Inc,"$112,898",67:1,https://aflcio.org/paywatch/company-pay-ratios?order=ticker&sort=asc&page=10,2026-07-23T11:11:08.045Z
10,AVB,AvalonBay Communities Inc,"$89,952",101:1,https://aflcio.org/paywatch/company-pay-ratios?order=ticker&sort=asc&page=10,2026-07-23T11:11:08.045Z
10,AVD,American Vanguard Corp,"$56,430",36:1,https://aflcio.org/paywatch/company-pay-ratios?order=ticker&sort=asc&page=10,2026-07-23T11:11:08.045Z
10,AVDL,Avadel Pharmaceuticals Plc,"$271,964",27:1,https://aflcio.org/paywatch/company-pay-ratios?order=ticker&sort=asc&page=10,2026-07-23T11:11:08.045Z
10,AVGO,Broadcom Inc,"$324,658",8:1,https://aflcio.org/paywatch/company-pay-ratios?order=ticker&sort=asc&page=10,2026-07-23T11:11:08.045Z
10,AVNS,"Avanos Medical, Inc.","$9,963",706:1,https://aflcio.org/paywatch/company-pay-ratios?order=ticker&sort=asc&page=10,2026-07-23T11:11:08.045Z
10,AVNT,Avient Corp,"$61,504",112:1,https://aflcio.org/paywatch/company-pay-ratios?order=ticker&sort=asc&page=10,2026-07-23T11:11:08.045Z
10,AVNW,"Aviat Networks, Inc.","$59,822",77:1,https://aflcio.org/paywatch/company-pay-ratios?order=ticker&sort=asc&page=10,2026-07-23T11:11:08.045Z
10,AVO,"Mission Produce, Inc.","$6,567",533:1,https://aflcio.org/paywatch/company-pay-ratios?order=ticker&sort=asc&page=10,2026-07-23T11:11:08.045Z
10,AVPT,"AvePoint, Inc.","$38,128",78:1,https://aflcio.org/paywatch/company-pay-ratios?order=ticker&sort=asc&page=10,2026-07-23T11:11:08.045Z
10,AVT,Avnet Inc,"$44,824",196:1,https://aflcio.org/paywatch/company-pay-ratios?order=ticker&sort=asc&page=10,2026-07-23T11:11:08.045Z
10,AVTR,"Avantor, Inc.","$47,780",303:1,https://aflcio.org/paywatch/company-pay-ratios?order=ticker&sort=asc&page=10,2026-07-23T11:11:08.045Z
10,AVXL,Anavex Life Sciences Corp.,"$324,729",8:1,https://aflcio.org/paywatch/company-pay-ratios?order=ticker&sort=asc&page=10,2026-07-23T11:11:08.045Z
11,AVY,Avery Dennison Corp,"$17,126",575:1,https://aflcio.org/paywatch/company-pay-ratios?order=ticker&sort=asc&page=11,2026-07-23T11:11:08.549Z
11,AWI,Armstrong World Industries Inc,"$89,151",103:1,https://aflcio.org/paywatch/company-pay-ratios?order=ticker&sort=asc&page=11,2026-07-23T11:11:08.549Z
11,AWK,American Water Works Co Inc,"$107,694",80:1,https://aflcio.org/paywatch/company-pay-ratios?order=ticker&sort=asc&page=11,2026-07-23T11:11:08.549Z
11,AWR,American States Water Co,"$88,759",55:1,https://aflcio.org/paywatch/company-pay-ratios?order=ticker&sort=asc&page=11,2026-07-23T11:11:08.549Z
11,AX,"Axos Financial, Inc.","$95,736",145:1,https://aflcio.org/paywatch/company-pay-ratios?order=ticker&sort=asc&page=11,2026-07-23T11:11:08.549Z
11,AXGN,"Axogen, Inc.","$96,901",104:1,https://aflcio.org/paywatch/company-pay-ratios?order=ticker&sort=asc&page=11,2026-07-23T11:11:08.549Z
11,AXL,American Axle & Manufacturing Holdings Inc,"$51,812",215:1,https://aflcio.org/paywatch/company-pay-ratios?order=ticker&sort=asc&page=11,2026-07-23T11:11:08.549Z
11,AXON,Axon Enterprise Inc,"$205,322",801:1,https://aflcio.org/paywatch/company-pay-ratios?order=ticker&sort=asc&page=11,2026-07-23T11:11:08.549Z
11,AXP,American Express Co,"$60,421",615:1,https://aflcio.org/paywatch/company-pay-ratios?order=ticker&sort=asc&page=11,2026-07-23T11:11:08.549Z
11,AXS,Axis Capital Holdings Ltd,"$154,806",51:1,https://aflcio.org/paywatch/company-pay-ratios?order=ticker&sort=asc&page=11,2026-07-23T11:11:08.549Z
11,AXSM,"Axsome Therapeutics, Inc.","$487,562",21:1,https://aflcio.org/paywatch/company-pay-ratios?order=ticker&sort=asc&page=11,2026-07-23T11:11:08.549Z
11,AXTA,Axalta Coating Systems Ltd.,"$73,065",134:1,https://aflcio.org/paywatch/company-pay-ratios?order=ticker&sort=asc&page=11,2026-07-23T11:11:08.549Z
11,AYI,Acuity Inc.,"$17,006",641:1,https://aflcio.org/paywatch/company-pay-ratios?order=ticker&sort=asc&page=11,2026-07-23T11:11:08.549Z
11,AZEK,AZEK Co Inc.,"$67,369",94:1,https://aflcio.org/paywatch/company-pay-ratios?order=ticker&sort=asc&page=11,2026-07-23T11:11:08.549Z
11,AZO,AutoZone Inc,"$30,637",300:1,https://aflcio.org/paywatch/company-pay-ratios?order=ticker&sort=asc&page=11,2026-07-23T11:11:08.549Z
11,AZTA,"Azenta, Inc.","$56,095",120:1,https://aflcio.org/paywatch/company-pay-ratios?order=ticker&sort=asc&page=11,2026-07-23T11:11:08.549Z
11,AZZ,Azz Inc,"$69,767",78:1,https://aflcio.org/paywatch/company-pay-ratios?order=ticker&sort=asc&page=11,2026-07-23T11:11:08.549Z
11,BA,Boeing Co/The,"$106,624",183:1,https://aflcio.org/paywatch/company-pay-ratios?order=ticker&sort=asc&page=11,2026-07-23T11:11:08.549Z
11,BAC,Bank of America Corp,"$117,234",245:1,https://aflcio.org/paywatch/company-pay-ratios?order=ticker&sort=asc&page=11,2026-07-23T11:11:08.549Z
11,BAH,Booz Allen Hamilton Holding Corp,"$158,058",89:1,https://aflcio.org/paywatch/company-pay-ratios?order=ticker&sort=asc&page=11,2026-07-23T11:11:08.549Z
12,BALL,Ball Corp,"$79,128",156:1,https://aflcio.org/paywatch/company-pay-ratios?order=ticker&sort=asc&page=12,2026-07-23T11:11:09.055Z
12,BALY,Bally's Corp,"$41,912",54:1,https://aflcio.org/paywatch/company-pay-ratios?order=ticker&sort=asc&page=12,2026-07-23T11:11:09.055Z
12,BANC,"Banc Of California, Inc.","$92,087",132:1,https://aflcio.org/paywatch/company-pay-ratios?order=ticker&sort=asc&page=12,2026-07-23T11:11:09.055Z
12,BAND,Bandwidth Inc.,"$115,987",18:1,https://aflcio.org/paywatch/company-pay-ratios?order=ticker&sort=asc&page=12,2026-07-23T11:11:09.055Z
12,BANF,Bancfirst Corp,"$36,066",27:1,https://aflcio.org/paywatch/company-pay-ratios?order=ticker&sort=asc&page=12,2026-07-23T11:11:09.055Z
12,BANR,Banner Corp,"$74,086",43:1,https://aflcio.org/paywatch/company-pay-ratios?order=ticker&sort=asc&page=12,2026-07-23T11:11:09.055Z
12,BAX,Baxter International Inc,"$70,331",257:1,https://aflcio.org/paywatch/company-pay-ratios?order=ticker&sort=asc&page=12,2026-07-23T11:11:09.055Z
12,BBIO,"BridgeBio Pharma, Inc.","$348,914",45:1,https://aflcio.org/paywatch/company-pay-ratios?order=ticker&sort=asc&page=12,2026-07-23T11:11:09.055Z
12,BBSI,Barrett Business Services Inc,"$114,000",38:1,https://aflcio.org/paywatch/company-pay-ratios?order=ticker&sort=asc&page=12,2026-07-23T11:11:09.055Z
12,BBWI,"Bath & Body Works, Inc.","$9,733","1,291:1",https://aflcio.org/paywatch/company-pay-ratios?order=ticker&sort=asc&page=12,2026-07-23T11:11:09.055Z
12,BBY,Best Buy Co Inc,"$31,141",518:1,https://aflcio.org/paywatch/company-pay-ratios?order=ticker&sort=asc&page=12,2026-07-23T11:11:09.055Z
12,BC,Brunswick Corp,"$52,866",208:1,https://aflcio.org/paywatch/company-pay-ratios?order=ticker&sort=asc&page=12,2026-07-23T11:11:09.055Z
12,BCBP,Bcb Bancorp Inc,"$46,690",18:1,https://aflcio.org/paywatch/company-pay-ratios?order=ticker&sort=asc&page=12,2026-07-23T11:11:09.055Z
12,BCC,Boise Cascade Co,"$65,533",114:1,https://aflcio.org/paywatch/company-pay-ratios?order=ticker&sort=asc&page=12,2026-07-23T11:11:09.055Z
12,BCO,Brinks Co,"$11,958",699:1,https://aflcio.org/paywatch/company-pay-ratios?order=ticker&sort=asc&page=12,2026-07-23T11:11:09.055Z
12,BCPC,Balchem Corp,"$57,332",120:1,https://aflcio.org/paywatch/company-pay-ratios?order=ticker&sort=asc&page=12,2026-07-23T11:11:09.055Z
12,BCRX,Biocryst Pharmaceuticals Inc,"$274,492",30:1,https://aflcio.org/paywatch/company-pay-ratios?order=ticker&sort=asc&page=12,2026-07-23T11:11:09.055Z
12,BCYC,Bicycle Therapeutics Plc,"$203,298",24:1,https://aflcio.org/paywatch/company-pay-ratios?order=ticker&sort=asc&page=12,2026-07-23T11:11:09.055Z
12,BDC,Belden Inc.,"$51,812",155:1,https://aflcio.org/paywatch/company-pay-ratios?order=ticker&sort=asc&page=12,2026-07-23T11:11:09.055Z
12,BDX,Becton Dickinson & Co,"$43,763",396:1,https://aflcio.org/paywatch/company-pay-ratios?order=ticker&sort=asc&page=12,2026-07-23T11:11:09.055Z
13,BE,Bloom Energy Corp,"$82,028",548:1,https://aflcio.org/paywatch/company-pay-ratios?order=ticker&sort=asc&page=13,2026-07-23T11:11:09.630Z
13,BEAM,Beam Therapeutics Inc.,"$257,815",25:1,https://aflcio.org/paywatch/company-pay-ratios?order=ticker&sort=asc&page=13,2026-07-23T11:11:09.630Z
13,BELFA,Bel Fuse Inc,"$7,080",284:1,https://aflcio.org/paywatch/company-pay-ratios?order=ticker&sort=asc&page=13,2026-07-23T11:11:09.630Z
13,BEN,Franklin Resources Inc,"$154,596",112:1,https://aflcio.org/paywatch/company-pay-ratios?order=ticker&sort=asc&page=13,2026-07-23T11:11:09.630Z
13,BERY,"Berry Global Group, Inc.","$70,735",283:1,https://aflcio.org/paywatch/company-pay-ratios?order=ticker&sort=asc&page=13,2026-07-23T11:11:09.630Z
13,BF-A,Brown-Forman Corp,"$57,220",231:1,https://aflcio.org/paywatch/company-pay-ratios?order=ticker&sort=asc&page=13,2026-07-23T11:11:09.630Z
13,BFAM,Bright Horizons Family Solutions Inc.,"$33,164",155:1,https://aflcio.org/paywatch/company-pay-ratios?order=ticker&sort=asc&page=13,2026-07-23T11:11:09.630Z
13,BFC,Bank First Corp,"$57,929",31:1,https://aflcio.org/paywatch/company-pay-ratios?order=ticker&sort=asc&page=13,2026-07-23T11:11:09.630Z
13,BFH,"Bread Financial Holdings, Inc.","$82,597",129:1,https://aflcio.org/paywatch/company-pay-ratios?order=ticker&sort=asc&page=13,2026-07-23T11:11:09.630Z
13,BFS,"Saul Centers, Inc.","$74,597",18:1,https://aflcio.org/paywatch/company-pay-ratios?order=ticker&sort=asc&page=13,2026-07-23T11:11:09.630Z
13,BFST,"Business First Bancshares, Inc.","$61,014",51:1,https://aflcio.org/paywatch/company-pay-ratios?order=ticker&sort=asc&page=13,2026-07-23T11:11:09.630Z
13,BG,Bunge Global SA,"$61,474",273:1,https://aflcio.org/paywatch/company-pay-ratios?order=ticker&sort=asc&page=13,2026-07-23T11:11:09.630Z
13,BGC,"BGC Group, Inc.","$128,205",117:1,https://aflcio.org/paywatch/company-pay-ratios?order=ticker&sort=asc&page=13,2026-07-23T11:11:09.630Z
13,BGS,"B&G Foods, Inc.","$51,108",99:1,https://aflcio.org/paywatch/company-pay-ratios?order=ticker&sort=asc&page=13,2026-07-23T11:11:09.630Z
13,BH-A,Biglari Holdings Inc.,"$15,632",87:1,https://aflcio.org/paywatch/company-pay-ratios?order=ticker&sort=asc&page=13,2026-07-23T11:11:09.630Z
13,BHB,Bar Harbor Bankshares,"$77,621",17:1,https://aflcio.org/paywatch/company-pay-ratios?order=ticker&sort=asc&page=13,2026-07-23T11:11:09.630Z
13,BHE,Benchmark Electronics Inc,"$13,982",468:1,https://aflcio.org/paywatch/company-pay-ratios?order=ticker&sort=asc&page=13,2026-07-23T11:11:09.630Z
13,BHF,"Brighthouse Financial, Inc.","$150,787",67:1,https://aflcio.org/paywatch/company-pay-ratios?order=ticker&sort=asc&page=13,2026-07-23T11:11:09.630Z
13,BHLB,Berkshire Hills Bancorp Inc,"$61,001",44:1,https://aflcio.org/paywatch/company-pay-ratios?order=ticker&sort=asc&page=13,2026-07-23T11:11:09.630Z
13,BIGC,"BigCommerce Holdings, Inc.","$104,145",44:1,https://aflcio.org/paywatch/company-pay-ratios?order=ticker&sort=asc&page=13,2026-07-23T11:11:09.630Z
14,BIIB,Biogen Inc,"$183,062",132:1,https://aflcio.org/paywatch/company-pay-ratios?order=ticker&sort=asc&page=14,2026-07-23T11:11:10.196Z
14,BILL,"BILL Holdings, Inc.","$206,309",70:1,https://aflcio.org/paywatch/company-pay-ratios?order=ticker&sort=asc&page=14,2026-07-23T11:11:10.197Z
14,BIO,"Bio-Rad Laboratories, Inc.","$76,818",108:1,https://aflcio.org/paywatch/company-pay-ratios?order=ticker&sort=asc&page=14,2026-07-23T11:11:10.197Z
14,BJ,"BJ's Wholesale Club Holdings, Inc.","$26,507",513:1,https://aflcio.org/paywatch/company-pay-ratios?order=ticker&sort=asc&page=14,2026-07-23T11:11:10.197Z
14,BJRI,BJs Restaurants Inc,"$44,451",25:1,https://aflcio.org/paywatch/company-pay-ratios?order=ticker&sort=asc&page=14,2026-07-23T11:11:10.197Z
14,BK,Bank of New York Mellon Corp/The,"$80,839",288:1,https://aflcio.org/paywatch/company-pay-ratios?order=ticker&sort=asc&page=14,2026-07-23T11:11:10.197Z
14,BKD,Brookdale Senior Living Inc.,"$29,523",332:1,https://aflcio.org/paywatch/company-pay-ratios?order=ticker&sort=asc&page=14,2026-07-23T11:11:10.197Z
14,BKE,Buckle Inc,"$7,838","1,124:1",https://aflcio.org/paywatch/company-pay-ratios?order=ticker&sort=asc&page=14,2026-07-23T11:11:10.197Z
14,BKH,Black Hills Corp,"$122,794",47:1,https://aflcio.org/paywatch/company-pay-ratios?order=ticker&sort=asc&page=14,2026-07-23T11:11:10.197Z
14,BKNG,Booking Holdings Inc,"$96,228",466:1,https://aflcio.org/paywatch/company-pay-ratios?order=ticker&sort=asc&page=14,2026-07-23T11:11:10.197Z
14,BKR,Baker Hughes Co,"$74,104",269:1,https://aflcio.org/paywatch/company-pay-ratios?order=ticker&sort=asc&page=14,2026-07-23T11:11:10.197Z
14,BKU,"BankUnited, Inc.","$104,522",63:1,https://aflcio.org/paywatch/company-pay-ratios?order=ticker&sort=asc&page=14,2026-07-23T11:11:10.197Z
14,BL,"Blackline, Inc.","$186,315",56:1,https://aflcio.org/paywatch/company-pay-ratios?order=ticker&sort=asc&page=14,2026-07-23T11:11:10.197Z
14,BLBD,Blue Bird Corp,"$50,299",95:1,https://aflcio.org/paywatch/company-pay-ratios?order=ticker&sort=asc&page=14,2026-07-23T11:11:10.197Z
14,BLCO,Bausch & Lomb Corp,"$50,500",472:1,https://aflcio.org/paywatch/company-pay-ratios?order=ticker&sort=asc&page=14,2026-07-23T11:11:10.197Z
14,BLD,TopBuild Corp,"$62,403",120:1,https://aflcio.org/paywatch/company-pay-ratios?order=ticker&sort=asc&page=14,2026-07-23T11:11:10.197Z
14,BLDR,Builders FirstSource Inc,"$66,269",53:1,https://aflcio.org/paywatch/company-pay-ratios?order=ticker&sort=asc&page=14,2026-07-23T11:11:10.197Z
14,BLFS,Biolife Solutions Inc,"$122,390",58:1,https://aflcio.org/paywatch/company-pay-ratios?order=ticker&sort=asc&page=14,2026-07-23T11:11:10.197Z
14,BLK,Blackrock Inc,"$172,264",179:1,https://aflcio.org/paywatch/company-pay-ratios?order=ticker&sort=asc&page=14,2026-07-23T11:11:10.197Z
14,BLKB,Blackbaud Inc,"$117,743",87:1,https://aflcio.org/paywatch/company-pay-ratios?order=ticker&sort=asc&page=14,2026-07-23T11:11:10.197Z
15,BLMN,"Bloomin' Brands, Inc.","$18,420",475:1,https://aflcio.org/paywatch/company-pay-ratios?order=ticker&sort=asc&page=15,2026-07-23T11:11:10.686Z
15,BLNK,Blink Charging Co.,"$51,500",29:1,https://aflcio.org/paywatch/company-pay-ratios?order=ticker&sort=asc&page=15,2026-07-23T11:11:10.686Z
15,BMBL,Bumble Inc.,"$124,280",189:1,https://aflcio.org/paywatch/company-pay-ratios?order=ticker&sort=asc&page=15,2026-07-23T11:11:10.686Z
15,BMI,Badger Meter Inc,"$40,560",125:1,https://aflcio.org/paywatch/company-pay-ratios?order=ticker&sort=asc&page=15,2026-07-23T11:11:10.686Z
15,BMRC,Bank of Marin Bancorp,"$123,476",11:1,https://aflcio.org/paywatch/company-pay-ratios?order=ticker&sort=asc&page=15,2026-07-23T11:11:10.686Z
15,BMRN,Biomarin Pharmaceutical Inc,"$176,090",84:1,https://aflcio.org/paywatch/company-pay-ratios?order=ticker&sort=asc&page=15,2026-07-23T11:11:10.686Z
15,BMY,Bristol-Myers Squibb Co,"$160,144",117:1,https://aflcio.org/paywatch/company-pay-ratios?order=ticker&sort=asc&page=15,2026-07-23T11:11:10.686Z
15,BNL,"Broadstone Net Lease, Inc.","$158,217",41:1,https://aflcio.org/paywatch/company-pay-ratios?order=ticker&sort=asc&page=15,2026-07-23T11:11:10.686Z
15,BOH,Bank Of Hawaii Corp,"$78,843",54:1,https://aflcio.org/paywatch/company-pay-ratios?order=ticker&sort=asc&page=15,2026-07-23T11:11:10.686Z
15,BOKF,Bok Financial Corp,"$99,957",61:1,https://aflcio.org/paywatch/company-pay-ratios?order=ticker&sort=asc&page=15,2026-07-23T11:11:10.686Z
15,BOOM,DMC Global Inc.,"$71,812",52:1,https://aflcio.org/paywatch/company-pay-ratios?order=ticker&sort=asc&page=15,2026-07-23T11:11:10.686Z
15,BOOT,"Boot Barn Holdings, Inc.","$13,365",522:1,https://aflcio.org/paywatch/company-pay-ratios?order=ticker&sort=asc&page=15,2026-07-23T11:11:10.686Z
15,BOX,Box Inc,"$194,714",65:1,https://aflcio.org/paywatch/company-pay-ratios?order=ticker&sort=asc&page=15,2026-07-23T11:11:10.686Z
15,BPMC,Blueprint Medicines Corp,"$389,871",35:1,https://aflcio.org/paywatch/company-pay-ratios?order=ticker&sort=asc&page=15,2026-07-23T11:11:10.686Z
15,BPOP,"Popular, Inc.","$47,737",129:1,https://aflcio.org/paywatch/company-pay-ratios?order=ticker&sort=asc&page=15,2026-07-23T11:11:10.686Z
15,BR,Broadridge Financial Solutions Inc,"$71,876",199:1,https://aflcio.org/paywatch/company-pay-ratios?order=ticker&sort=asc&page=15,2026-07-23T11:11:10.686Z
15,BRBR,"Bellring Brands, Inc.","$121,841",81:1,https://aflcio.org/paywatch/company-pay-ratios?order=ticker&sort=asc&page=15,2026-07-23T11:11:10.686Z
15,BRK-B,Berkshire Hathaway Inc,"$82,106",4:1,https://aflcio.org/paywatch/company-pay-ratios?order=ticker&sort=asc&page=15,2026-07-23T11:11:10.686Z
15,BRKL,Brookline Bancorp Inc,"$83,030",32:1,https://aflcio.org/paywatch/company-pay-ratios?order=ticker&sort=asc&page=15,2026-07-23T11:11:10.686Z
15,BRKR,Bruker Corp,"$75,208",73:1,https://aflcio.org/paywatch/company-pay-ratios?order=ticker&sort=asc&page=15,2026-07-23T11:11:10.686Z
16,BRO,Brown & Brown Inc,"$74,035",158:1,https://aflcio.org/paywatch/company-pay-ratios?order=ticker&sort=asc&page=16,2026-07-23T11:11:11.190Z
16,BROS,Dutch Bros Inc.,"$19,437",256:1,https://aflcio.org/paywatch/company-pay-ratios?order=ticker&sort=asc&page=16,2026-07-23T11:11:11.190Z
16,BRSP,"BrightSpire Capital, Inc.","$335,151",17:1,https://aflcio.org/paywatch/company-pay-ratios?order=ticker&sort=asc&page=16,2026-07-23T11:11:11.190Z
16,BRT,BRT Apartments Corp.,"$479,795",4:1,https://aflcio.org/paywatch/company-pay-ratios?order=ticker&sort=asc&page=16,2026-07-23T11:11:11.190Z
16,BRX,Brixmor Property Group Inc.,"$131,516",60:1,https://aflcio.org/paywatch/company-pay-ratios?order=ticker&sort=asc&page=16,2026-07-23T11:11:11.190Z
16,BRY,Berry Corp (bry),"$92,174",40:1,https://aflcio.org/paywatch/company-pay-ratios?order=ticker&sort=asc&page=16,2026-07-23T11:11:11.190Z
16,BRZE,"Braze, Inc.","$181,623",61:1,https://aflcio.org/paywatch/company-pay-ratios?order=ticker&sort=asc&page=16,2026-07-23T11:11:11.190Z
16,BSM,"Black Stone Minerals, L.P.","$137,677",34:1,https://aflcio.org/paywatch/company-pay-ratios?order=ticker&sort=asc&page=16,2026-07-23T11:11:11.190Z
16,BSRR,Sierra Bancorp,"$55,481",25:1,https://aflcio.org/paywatch/company-pay-ratios?order=ticker&sort=asc&page=16,2026-07-23T11:11:11.190Z
16,BSX,Boston Scientific Corp,"$58,074",369:1,https://aflcio.org/paywatch/company-pay-ratios?order=ticker&sort=asc&page=16,2026-07-23T11:11:11.190Z
16,BSY,Bentley Systems Inc,"$85,945",159:1,https://aflcio.org/paywatch/company-pay-ratios?order=ticker&sort=asc&page=16,2026-07-23T11:11:11.190Z
16,BTSG,"BrightSpring Health Services, Inc.","$35,641",496:1,https://aflcio.org/paywatch/company-pay-ratios?order=ticker&sort=asc&page=16,2026-07-23T11:11:11.190Z
16,BTU,Peabody Energy Corp,"$122,326",57:1,https://aflcio.org/paywatch/company-pay-ratios?order=ticker&sort=asc&page=16,2026-07-23T11:11:11.190Z
16,BUR,Burford Capital Ltd,"$313,592",37:1,https://aflcio.org/paywatch/company-pay-ratios?order=ticker&sort=asc&page=16,2026-07-23T11:11:11.190Z
16,BURL,"Burlington Stores, Inc.","$11,768","1,309:1",https://aflcio.org/paywatch/company-pay-ratios?order=ticker&sort=asc&page=16,2026-07-23T11:11:11.190Z
16,BUSE,First Busey Corp,"$66,049",43:1,https://aflcio.org/paywatch/company-pay-ratios?order=ticker&sort=asc&page=16,2026-07-23T11:11:11.190Z
16,BV,"BrightView Holdings, Inc.","$48,882",323:1,https://aflcio.org/paywatch/company-pay-ratios?order=ticker&sort=asc&page=16,2026-07-23T11:11:11.190Z
16,BWA,Borgwarner Inc,"$39,730",473:1,https://aflcio.org/paywatch/company-pay-ratios?order=ticker&sort=asc&page=16,2026-07-23T11:11:11.190Z
16,BWIN,"Baldwin Insurance Group, Inc.","$81,531",70:1,https://aflcio.org/paywatch/company-pay-ratios?order=ticker&sort=asc&page=16,2026-07-23T11:11:11.190Z
16,BWXT,"BWX Technologies, Inc.","$98,125",79:1,https://aflcio.org/paywatch/company-pay-ratios?order=ticker&sort=asc&page=16,2026-07-23T11:11:11.190Z
17,BX,Blackstone Inc,"$265,000",317:1,https://aflcio.org/paywatch/company-pay-ratios?order=ticker&sort=asc&page=17,2026-07-23T11:11:11.719Z
17,BXC,BlueLinx Holdings Inc.,"$67,685",69:1,https://aflcio.org/paywatch/company-pay-ratios?order=ticker&sort=asc&page=17,2026-07-23T11:11:11.719Z
17,BXP,BXP Inc,"$138,633",92:1,https://aflcio.org/paywatch/company-pay-ratios?order=ticker&sort=asc&page=17,2026-07-23T11:11:11.719Z
17,BY,"Byline Bancorp, Inc.","$78,904",38:1,https://aflcio.org/paywatch/company-pay-ratios?order=ticker&sort=asc&page=17,2026-07-23T11:11:11.719Z
17,BYD,Boyd Gaming Corp,"$37,755",304:1,https://aflcio.org/paywatch/company-pay-ratios?order=ticker&sort=asc&page=17,2026-07-23T11:11:11.719Z
17,BYND,"Beyond Meat, Inc.","$78,688",64:1,https://aflcio.org/paywatch/company-pay-ratios?order=ticker&sort=asc&page=17,2026-07-23T11:11:11.719Z
17,BYON,"Beyond, Inc.","$111,303",40:1,https://aflcio.org/paywatch/company-pay-ratios?order=ticker&sort=asc&page=17,2026-07-23T11:11:11.719Z
17,BZH,Beazer Homes Usa Inc,"$120,088",44:1,https://aflcio.org/paywatch/company-pay-ratios?order=ticker&sort=asc&page=17,2026-07-23T11:11:11.719Z
17,C,Citigroup Inc,"$70,138",444:1,https://aflcio.org/paywatch/company-pay-ratios?order=ticker&sort=asc&page=17,2026-07-23T11:11:11.719Z
17,CABO,"Cable One, Inc.","$79,029",102:1,https://aflcio.org/paywatch/company-pay-ratios?order=ticker&sort=asc&page=17,2026-07-23T11:11:11.719Z
17,CAC,Camden National Corp,"$56,933",34:1,https://aflcio.org/paywatch/company-pay-ratios?order=ticker&sort=asc&page=17,2026-07-23T11:11:11.719Z
17,CACC,Credit Acceptance Corp,"$87,832",12:1,https://aflcio.org/paywatch/company-pay-ratios?order=ticker&sort=asc&page=17,2026-07-23T11:11:11.719Z
17,CACI,Caci International Inc,"$116,191",130:1,https://aflcio.org/paywatch/company-pay-ratios?order=ticker&sort=asc&page=17,2026-07-23T11:11:11.719Z
17,CAG,Conagra Brands Inc,"$66,966",359:1,https://aflcio.org/paywatch/company-pay-ratios?order=ticker&sort=asc&page=17,2026-07-23T11:11:11.719Z
17,CAH,Cardinal Health Inc,"$56,119",457:1,https://aflcio.org/paywatch/company-pay-ratios?order=ticker&sort=asc&page=17,2026-07-23T11:11:11.719Z
17,CAKE,Cheesecake Factory Inc,"$32,777",249:1,https://aflcio.org/paywatch/company-pay-ratios?order=ticker&sort=asc&page=17,2026-07-23T11:11:11.719Z
17,CAL,Caleres Inc,"$29,801",278:1,https://aflcio.org/paywatch/company-pay-ratios?order=ticker&sort=asc&page=17,2026-07-23T11:11:11.719Z
17,CALM,Cal-Maine Foods Inc,"$46,858",24:1,https://aflcio.org/paywatch/company-pay-ratios?order=ticker&sort=asc&page=17,2026-07-23T11:11:11.719Z
17,CALX,"Calix, Inc","$136,537",60:1,https://aflcio.org/paywatch/company-pay-ratios?order=ticker&sort=asc&page=17,2026-07-23T11:11:11.719Z
17,CAR,"Avis Budget Group, Inc.","$41,901",165:1,https://aflcio.org/paywatch/company-pay-ratios?order=ticker&sort=asc&page=17,2026-07-23T11:11:11.719Z
18,CARE,"Carter Bankshares, Inc.","$59,782",22:1,https://aflcio.org/paywatch/company-pay-ratios?order=ticker&sort=asc&page=18,2026-07-23T11:11:12.252Z
18,CARG,"CarGurus, Inc.","$173,915",44:1,https://aflcio.org/paywatch/company-pay-ratios?order=ticker&sort=asc&page=18,2026-07-23T11:11:12.252Z
18,CARR,Carrier Global Corp,"$51,001","1,289:1",https://aflcio.org/paywatch/company-pay-ratios?order=ticker&sort=asc&page=18,2026-07-23T11:11:12.252Z
18,CARS,Cars.com Inc.,"$107,630",88:1,https://aflcio.org/paywatch/company-pay-ratios?order=ticker&sort=asc&page=18,2026-07-23T11:11:12.252Z
18,CART,Maplebear Inc.,"$215,909",221:1,https://aflcio.org/paywatch/company-pay-ratios?order=ticker&sort=asc&page=18,2026-07-23T11:11:12.252Z
18,CASH,"Pathward Financial, Inc.","$105,224",41:1,https://aflcio.org/paywatch/company-pay-ratios?order=ticker&sort=asc&page=18,2026-07-23T11:11:12.252Z
18,CASS,Cass Information Systems Inc,"$46,777",35:1,https://aflcio.org/paywatch/company-pay-ratios?order=ticker&sort=asc&page=18,2026-07-23T11:11:12.252Z
18,CASY,Caseys General Stores Inc,"$18,346",579:1,https://aflcio.org/paywatch/company-pay-ratios?order=ticker&sort=asc&page=18,2026-07-23T11:11:12.252Z
18,CAT,Caterpillar Inc,"$63,238",399:1,https://aflcio.org/paywatch/company-pay-ratios?order=ticker&sort=asc&page=18,2026-07-23T11:11:12.252Z
18,CATY,Cathay General Bancorp,"$65,987",56:1,https://aflcio.org/paywatch/company-pay-ratios?order=ticker&sort=asc&page=18,2026-07-23T11:11:12.252Z
18,CB,Chubb Ltd,"$63,197",477:1,https://aflcio.org/paywatch/company-pay-ratios?order=ticker&sort=asc&page=18,2026-07-23T11:11:12.252Z
18,CBB,Cincinnati Bell Inc,"$91,192",36:1,https://aflcio.org/paywatch/company-pay-ratios?order=ticker&sort=asc&page=18,2026-07-23T11:11:12.252Z
18,CBL,Cbl & Associates Properties Inc,"$76,507",57:1,https://aflcio.org/paywatch/company-pay-ratios?order=ticker&sort=asc&page=18,2026-07-23T11:11:12.252Z
18,CBOE,Cboe Global Markets Inc,"$182,120",18:1,https://aflcio.org/paywatch/company-pay-ratios?order=ticker&sort=asc&page=18,2026-07-23T11:11:12.252Z
18,CBRE,CBRE Group Inc,"$70,862",304:1,https://aflcio.org/paywatch/company-pay-ratios?order=ticker&sort=asc&page=18,2026-07-23T11:11:12.252Z
18,CBRL,"Cracker Barrel Old Country Store, Inc","$18,712",360:1,https://aflcio.org/paywatch/company-pay-ratios?order=ticker&sort=asc&page=18,2026-07-23T11:11:12.252Z
18,CBSH,Commerce Bancshares Inc,"$74,901",81:1,https://aflcio.org/paywatch/company-pay-ratios?order=ticker&sort=asc&page=18,2026-07-23T11:11:12.252Z
18,CBT,Cabot Corp,"$60,904",158:1,https://aflcio.org/paywatch/company-pay-ratios?order=ticker&sort=asc&page=18,2026-07-23T11:11:12.252Z
18,CBU,"Community Financial System, Inc.","$46,464",58:1,https://aflcio.org/paywatch/company-pay-ratios?order=ticker&sort=asc&page=18,2026-07-23T11:11:12.252Z
18,CBZ,"CBIZ, Inc.","$89,072",60:1,https://aflcio.org/paywatch/company-pay-ratios?order=ticker&sort=asc&page=18,2026-07-23T11:11:12.252Z
19,CC,Chemours Co,"$113,856",58:1,https://aflcio.org/paywatch/company-pay-ratios?order=ticker&sort=asc&page=19,2026-07-23T11:11:12.726Z
19,CCB,Coastal Financial Corp,"$105,518",18:1,https://aflcio.org/paywatch/company-pay-ratios?order=ticker&sort=asc&page=19,2026-07-23T11:11:12.726Z
19,CCBG,Capital City Bank Group Inc,"$53,596",33:1,https://aflcio.org/paywatch/company-pay-ratios?order=ticker&sort=asc&page=19,2026-07-23T11:11:12.726Z
19,CCCS,CCC Intelligent Solutions Holdings Inc.,"$116,870",8:1,https://aflcio.org/paywatch/company-pay-ratios?order=ticker&sort=asc&page=19,2026-07-23T11:11:12.726Z
19,CCI,Crown Castle Inc,"$160,310",107:1,https://aflcio.org/paywatch/company-pay-ratios?order=ticker&sort=asc&page=19,2026-07-23T11:11:12.726Z
19,CCK,"Crown Holdings, Inc.","$44,682",305:1,https://aflcio.org/paywatch/company-pay-ratios?order=ticker&sort=asc&page=19,2026-07-23T11:11:12.726Z
19,CCL,Carnival Corp,"$16,854","1,398:1",https://aflcio.org/paywatch/company-pay-ratios?order=ticker&sort=asc&page=19,2026-07-23T11:11:12.726Z
19,CCNE,Cnb Financial Cor,"$52,904",23:1,https://aflcio.org/paywatch/company-pay-ratios?order=ticker&sort=asc&page=19,2026-07-23T11:11:12.726Z
19,CCO,"Clear Channel Outdoor Holdings, Inc.","$52,301",185:1,https://aflcio.org/paywatch/company-pay-ratios?order=ticker&sort=asc&page=19,2026-07-23T11:11:12.726Z
19,CCOI,"Cogent Communications Holdings, Inc.","$95,141",136:1,https://aflcio.org/paywatch/company-pay-ratios?order=ticker&sort=asc&page=19,2026-07-23T11:11:12.726Z
19,CCRN,Cross Country Healthcare Inc,"$27,384",129:1,https://aflcio.org/paywatch/company-pay-ratios?order=ticker&sort=asc&page=19,2026-07-23T11:11:12.726Z
19,CCS,"Century Communities, Inc.","$117,609",101:1,https://aflcio.org/paywatch/company-pay-ratios?order=ticker&sort=asc&page=19,2026-07-23T11:11:12.726Z
19,CCSI,"Consensus Cloud Solutions, Inc.","$107,469",20:1,https://aflcio.org/paywatch/company-pay-ratios?order=ticker&sort=asc&page=19,2026-07-23T11:11:12.726Z
19,CDE,"Coeur Mining, Inc.","$70,765",62:1,https://aflcio.org/paywatch/company-pay-ratios?order=ticker&sort=asc&page=19,2026-07-23T11:11:12.726Z
19,CDLX,"Cardlytics, Inc.","$142,502",32:1,https://aflcio.org/paywatch/company-pay-ratios?order=ticker&sort=asc&page=19,2026-07-23T11:11:12.726Z
19,CDMO,"Avid Bioservices, Inc.","$126,552",35:1,https://aflcio.org/paywatch/company-pay-ratios?order=ticker&sort=asc&page=19,2026-07-23T11:11:12.726Z
19,CDNA,"CareDx, Inc.","$169,005",57:1,https://aflcio.org/paywatch/company-pay-ratios?order=ticker&sort=asc&page=19,2026-07-23T11:11:12.726Z
19,CDNS,Cadence Design Systems Inc,"$128,463",150:1,https://aflcio.org/paywatch/company-pay-ratios?order=ticker&sort=asc&page=19,2026-07-23T11:11:12.726Z
19,CDP,Copt Defense Properties,"$128,605",58:1,https://aflcio.org/paywatch/company-pay-ratios?order=ticker&sort=asc&page=19,2026-07-23T11:11:12.726Z
19,CDW,CDW Corp,"$106,900",94:1,https://aflcio.org/paywatch/company-pay-ratios?order=ticker&sort=asc&page=19,2026-07-23T11:11:12.726Z
20,CE,Celanese Corp,"$87,209",146:1,https://aflcio.org/paywatch/company-pay-ratios?order=ticker&sort=asc&page=20,2026-07-23T11:11:13.307Z
20,CECO,Ceco Environmental Corp,"$69,218",44:1,https://aflcio.org/paywatch/company-pay-ratios?order=ticker&sort=asc&page=20,2026-07-23T11:11:13.307Z
20,CEG,Constellation Energy Corp,"$188,677",86:1,https://aflcio.org/paywatch/company-pay-ratios?order=ticker&sort=asc&page=20,2026-07-23T11:11:13.307Z
20,CELH,"Celsius Holdings, Inc.","$71,841",82:1,https://aflcio.org/paywatch/company-pay-ratios?order=ticker&sort=asc&page=20,2026-07-23T11:11:13.307Z
20,CENT,Central Garden & Pet Co,"$45,738",23:1,https://aflcio.org/paywatch/company-pay-ratios?order=ticker&sort=asc&page=20,2026-07-23T11:11:13.307Z
20,CENX,Century Aluminum Co,"$85,107",96:1,https://aflcio.org/paywatch/company-pay-ratios?order=ticker&sort=asc&page=20,2026-07-23T11:11:13.307Z
20,CERS,Cerus Corp,"$197,931",15:1,https://aflcio.org/paywatch/company-pay-ratios?order=ticker&sort=asc&page=20,2026-07-23T11:11:13.307Z
20,CERT,"Certara, Inc.","$145,240",50:1,https://aflcio.org/paywatch/company-pay-ratios?order=ticker&sort=asc&page=20,2026-07-23T11:11:13.307Z
20,CEVA,Ceva Inc,"$176,909",15:1,https://aflcio.org/paywatch/company-pay-ratios?order=ticker&sort=asc&page=20,2026-07-23T11:11:13.307Z
20,CF,CF Industries Holdings Inc,"$136,521",90:1,https://aflcio.org/paywatch/company-pay-ratios?order=ticker&sort=asc&page=20,2026-07-23T11:11:13.307Z
20,CFFI,C & F Financial Corp,"$62,835",21:1,https://aflcio.org/paywatch/company-pay-ratios?order=ticker&sort=asc&page=20,2026-07-23T11:11:13.307Z
20,CFFN,"Capitol Federal Financial, Inc.","$39,977",25:1,https://aflcio.org/paywatch/company-pay-ratios?order=ticker&sort=asc&page=20,2026-07-23T11:11:13.307Z
20,CFG,Citizens Financial Group Inc,"$77,882",136:1,https://aflcio.org/paywatch/company-pay-ratios?order=ticker&sort=asc&page=20,2026-07-23T11:11:13.307Z
20,CFLT,"Confluent, Inc.","$225,146",67:1,https://aflcio.org/paywatch/company-pay-ratios?order=ticker&sort=asc&page=20,2026-07-23T11:11:13.307Z
20,CFR,"Cullen/Frost Bankers, Inc.","$72,220",93:1,https://aflcio.org/paywatch/company-pay-ratios?order=ticker&sort=asc&page=20,2026-07-23T11:11:13.307Z
20,CG,Carlyle Group Inc.,"$269,443",110:1,https://aflcio.org/paywatch/company-pay-ratios?order=ticker&sort=asc&page=20,2026-07-23T11:11:13.307Z
20,CGNX,Cognex Corp,"$78,750",100:1,https://aflcio.org/paywatch/company-pay-ratios?order=ticker&sort=asc&page=20,2026-07-23T11:11:13.307Z
20,CHCO,City Holding Co,"$43,200",44:1,https://aflcio.org/paywatch/company-pay-ratios?order=ticker&sort=asc&page=20,2026-07-23T11:11:13.307Z
20,CHCT,Community Healthcare Trust Inc,"$139,999",22:1,https://aflcio.org/paywatch/company-pay-ratios?order=ticker&sort=asc&page=20,2026-07-23T11:11:13.307Z
20,CHD,Church & Dwight Co Inc,"$77,988",157:1,https://aflcio.org/paywatch/company-pay-ratios?order=ticker&sort=asc&page=20,2026-07-23T11:11:13.307Z
21,CHDN,Churchill Downs Inc,"$29,775",507:1,https://aflcio.org/paywatch/company-pay-ratios?order=ticker&sort=asc&page=21,2026-07-23T11:11:13.910Z
21,CHE,Chemed Corp,"$55,853",229:1,https://aflcio.org/paywatch/company-pay-ratios?order=ticker&sort=asc&page=21,2026-07-23T11:11:13.910Z
21,CHEF,"Chefs' Warehouse, Inc.","$57,977",99:1,https://aflcio.org/paywatch/company-pay-ratios?order=ticker&sort=asc&page=21,2026-07-23T11:11:13.910Z
21,CHGG,"Chegg, Inc","$78,674",83:1,https://aflcio.org/paywatch/company-pay-ratios?order=ticker&sort=asc&page=21,2026-07-23T11:11:13.910Z
21,CHH,Choice Hotels International Inc,"$101,919",76:1,https://aflcio.org/paywatch/company-pay-ratios?order=ticker&sort=asc&page=21,2026-07-23T11:11:13.910Z
21,CHMG,Chemung Financial Corp,"$46,532",29:1,https://aflcio.org/paywatch/company-pay-ratios?order=ticker&sort=asc&page=21,2026-07-23T11:11:13.910Z
21,CHPT,"ChargePoint Holdings, Inc.","$76,035",41:1,https://aflcio.org/paywatch/company-pay-ratios?order=ticker&sort=asc&page=21,2026-07-23T11:11:13.910Z
21,CHRD,Chord Energy Corp,"$148,697",55:1,https://aflcio.org/paywatch/company-pay-ratios?order=ticker&sort=asc&page=21,2026-07-23T11:11:13.910Z
21,CHRW,CH Robinson Worldwide Inc,"$58,983",149:1,https://aflcio.org/paywatch/company-pay-ratios?order=ticker&sort=asc&page=21,2026-07-23T11:11:13.910Z
21,CHTR,Charter Communications Inc,"$69,829",82:1,https://aflcio.org/paywatch/company-pay-ratios?order=ticker&sort=asc&page=21,2026-07-23T11:11:13.910Z
21,CHX,ChampionX Corp,"$96,824",81:1,https://aflcio.org/paywatch/company-pay-ratios?order=ticker&sort=asc&page=21,2026-07-23T11:11:13.910Z
21,CI,Cigna Group/The,"$83,483",279:1,https://aflcio.org/paywatch/company-pay-ratios?order=ticker&sort=asc&page=21,2026-07-23T11:11:13.910Z
21,CIEN,Ciena Corp,"$99,735",141:1,https://aflcio.org/paywatch/company-pay-ratios?order=ticker&sort=asc&page=21,2026-07-23T11:11:13.910Z
21,CIM,Chimera Investment Corp,"$269,500",25:1,https://aflcio.org/paywatch/company-pay-ratios?order=ticker&sort=asc&page=21,2026-07-23T11:11:13.910Z
21,CINF,Cincinnati Financial Corp,"$133,068",66:1,https://aflcio.org/paywatch/company-pay-ratios?order=ticker&sort=asc&page=21,2026-07-23T11:11:13.910Z
21,CIO,"City Office REIT, Inc.","$241,377",10:1,https://aflcio.org/paywatch/company-pay-ratios?order=ticker&sort=asc&page=21,2026-07-23T11:11:13.910Z
21,CIVB,"Civista Bancshares, Inc.","$63,100",36:1,https://aflcio.org/paywatch/company-pay-ratios?order=ticker&sort=asc&page=21,2026-07-23T11:11:13.910Z
21,CIVI,"Civitas Resources, Inc.","$175,040",48:1,https://aflcio.org/paywatch/company-pay-ratios?order=ticker&sort=asc&page=21,2026-07-23T11:11:13.910Z
21,CIX,Compx International Inc,"$71,990",19:1,https://aflcio.org/paywatch/company-pay-ratios?order=ticker&sort=asc&page=21,2026-07-23T11:11:13.910Z
21,CL,Colgate-Palmolive Co,"$58,123",314:1,https://aflcio.org/paywatch/company-pay-ratios?order=ticker&sort=asc&page=21,2026-07-23T11:11:13.910Z
22,CLBK,"Columbia Financial, Inc.","$101,757",27:1,https://aflcio.org/paywatch/company-pay-ratios?order=ticker&sort=asc&page=22,2026-07-23T11:11:14.455Z
22,CLDT,Chatham Lodging Trust,"$133,783",39:1,https://aflcio.org/paywatch/company-pay-ratios?order=ticker&sort=asc&page=22,2026-07-23T11:11:14.455Z
22,CLDX,"Celldex Therapeutics, Inc.","$236,393",39:1,https://aflcio.org/paywatch/company-pay-ratios?order=ticker&sort=asc&page=22,2026-07-23T11:11:14.455Z
22,CLF,Cleveland-Cliffs Inc.,"$122,321",125:1,https://aflcio.org/paywatch/company-pay-ratios?order=ticker&sort=asc&page=22,2026-07-23T11:11:14.455Z
22,CLH,Clean Harbors Inc,"$83,761",63:1,https://aflcio.org/paywatch/company-pay-ratios?order=ticker&sort=asc&page=22,2026-07-23T11:11:14.455Z
22,CLNE,Clean Energy Fuels Corp.,"$107,934",25:1,https://aflcio.org/paywatch/company-pay-ratios?order=ticker&sort=asc&page=22,2026-07-23T11:11:14.455Z
22,CLS,Celestica Inc,"$11,910","1,259:1",https://aflcio.org/paywatch/company-pay-ratios?order=ticker&sort=asc&page=22,2026-07-23T11:11:14.455Z
22,CLSK,"Cleanspark, Inc.","$80,510",192:1,https://aflcio.org/paywatch/company-pay-ratios?order=ticker&sort=asc&page=22,2026-07-23T11:11:14.455Z
22,CLVT,Clarivate Plc,"$47,938",226:1,https://aflcio.org/paywatch/company-pay-ratios?order=ticker&sort=asc&page=22,2026-07-23T11:11:14.455Z
22,CLW,Clearwater Paper Corp,"$97,905",61:1,https://aflcio.org/paywatch/company-pay-ratios?order=ticker&sort=asc&page=22,2026-07-23T11:11:14.455Z
22,CLX,Clorox Co/The,"$71,787",177:1,https://aflcio.org/paywatch/company-pay-ratios?order=ticker&sort=asc&page=22,2026-07-23T11:11:14.455Z
22,CMA,Comerica Inc,"$109,658",81:1,https://aflcio.org/paywatch/company-pay-ratios?order=ticker&sort=asc&page=22,2026-07-23T11:11:14.455Z
22,CMC,COMMERCIAL METALS Co,"$57,546",114:1,https://aflcio.org/paywatch/company-pay-ratios?order=ticker&sort=asc&page=22,2026-07-23T11:11:14.455Z
22,CMCSA,Comcast Corp,"$89,237",380:1,https://aflcio.org/paywatch/company-pay-ratios?order=ticker&sort=asc&page=22,2026-07-23T11:11:14.455Z
22,CME,CME Group Inc,"$166,074",144:1,https://aflcio.org/paywatch/company-pay-ratios?order=ticker&sort=asc&page=22,2026-07-23T11:11:14.455Z
22,CMG,Chipotle Mexican Grill Inc,"$16,666","1,148:1",https://aflcio.org/paywatch/company-pay-ratios?order=ticker&sort=asc&page=22,2026-07-23T11:11:14.455Z
22,CMI,Cummins Inc,"$66,598",328:1,https://aflcio.org/paywatch/company-pay-ratios?order=ticker&sort=asc&page=22,2026-07-23T11:11:14.455Z
22,CMP,Compass Minerals International Inc,"$99,195",59:1,https://aflcio.org/paywatch/company-pay-ratios?order=ticker&sort=asc&page=22,2026-07-23T11:11:14.455Z
22,CMPR,CIMPRESS plc,"$28,970",286:1,https://aflcio.org/paywatch/company-pay-ratios?order=ticker&sort=asc&page=22,2026-07-23T11:11:14.455Z
22,CMS,CMS Energy Corp,"$149,320",69:1,https://aflcio.org/paywatch/company-pay-ratios?order=ticker&sort=asc&page=22,2026-07-23T11:11:14.455Z
23,CNA,Cna Financial Corp,"$129,033",125:1,https://aflcio.org/paywatch/company-pay-ratios?order=ticker&sort=asc&page=23,2026-07-23T11:11:14.911Z
23,CNC,Centene Corp,"$91,902",224:1,https://aflcio.org/paywatch/company-pay-ratios?order=ticker&sort=asc&page=23,2026-07-23T11:11:14.911Z
23,CNDT,CONDUENT Inc,"$23,969",282:1,https://aflcio.org/paywatch/company-pay-ratios?order=ticker&sort=asc&page=23,2026-07-23T11:11:14.911Z
23,CNH,CNH Industrial N.V.,"$31,409",652:1,https://aflcio.org/paywatch/company-pay-ratios?order=ticker&sort=asc&page=23,2026-07-23T11:11:14.911Z
23,CNK,"Cinemark Holdings, Inc.","$10,152",967:1,https://aflcio.org/paywatch/company-pay-ratios?order=ticker&sort=asc&page=23,2026-07-23T11:11:14.911Z
23,CNM,"Core & Main, Inc.","$78,520",68:1,https://aflcio.org/paywatch/company-pay-ratios?order=ticker&sort=asc&page=23,2026-07-23T11:11:14.911Z
23,CNMD,CONMED Corp,"$45,460",162:1,https://aflcio.org/paywatch/company-pay-ratios?order=ticker&sort=asc&page=23,2026-07-23T11:11:14.911Z
23,CNNE,"Cannae Holdings, Inc.","$47,094",808:1,https://aflcio.org/paywatch/company-pay-ratios?order=ticker&sort=asc&page=23,2026-07-23T11:11:14.911Z
23,CNO,"CNO Financial Group, Inc.","$86,507",120:1,https://aflcio.org/paywatch/company-pay-ratios?order=ticker&sort=asc&page=23,2026-07-23T11:11:14.911Z
23,CNOB,"ConnectOne Bancorp, Inc.","$90,500",42:1,https://aflcio.org/paywatch/company-pay-ratios?order=ticker&sort=asc&page=23,2026-07-23T11:11:14.911Z
23,CNP,CenterPoint Energy Inc,"$121,266",79:1,https://aflcio.org/paywatch/company-pay-ratios?order=ticker&sort=asc&page=23,2026-07-23T11:11:14.911Z
23,CNR,"Core Natural Resources, Inc.","$141,392",93:1,https://aflcio.org/paywatch/company-pay-ratios?order=ticker&sort=asc&page=23,2026-07-23T11:11:14.911Z
23,CNS,"Cohen & Steers, Inc.","$226,796",24:1,https://aflcio.org/paywatch/company-pay-ratios?order=ticker&sort=asc&page=23,2026-07-23T11:11:14.911Z
23,CNX,CNX Resources Corp,"$161,542",38:1,https://aflcio.org/paywatch/company-pay-ratios?order=ticker&sort=asc&page=23,2026-07-23T11:11:14.911Z
23,CNXC,Concentrix Corp,"$6,321","1,841:1",https://aflcio.org/paywatch/company-pay-ratios?order=ticker&sort=asc&page=23,2026-07-23T11:11:14.911Z
23,CNXN,Pc Connection Inc,"$83,319",61:1,https://aflcio.org/paywatch/company-pay-ratios?order=ticker&sort=asc&page=23,2026-07-23T11:11:14.911Z
23,COCO,"Vita Coco Company, Inc.","$102,762",35:1,https://aflcio.org/paywatch/company-pay-ratios?order=ticker&sort=asc&page=23,2026-07-23T11:11:14.911Z
23,COF,Capital One Financial Corp,"$97,398",317:1,https://aflcio.org/paywatch/company-pay-ratios?order=ticker&sort=asc&page=23,2026-07-23T11:11:14.911Z
23,COGT,"Cogent Biosciences, Inc.","$258,662",19:1,https://aflcio.org/paywatch/company-pay-ratios?order=ticker&sort=asc&page=23,2026-07-23T11:11:14.911Z
23,COHR,Coherent Corp.,"$14,474","1,995:1",https://aflcio.org/paywatch/company-pay-ratios?order=ticker&sort=asc&page=23,2026-07-23T11:11:14.911Z
24,COHU,Cohu Inc,"$27,878",173:1,https://aflcio.org/paywatch/company-pay-ratios?order=ticker&sort=asc&page=24,2026-07-23T11:11:15.421Z
24,COIN,Coinbase Global Inc,"$333,757",22:1,https://aflcio.org/paywatch/company-pay-ratios?order=ticker&sort=asc&page=24,2026-07-23T11:11:15.421Z
24,COKE,"Coca-Cola Consolidated, Inc.","$58,839",323:1,https://aflcio.org/paywatch/company-pay-ratios?order=ticker&sort=asc&page=24,2026-07-23T11:11:15.421Z
24,COLB,"Columbia Banking System, Inc.","$74,509",82:1,https://aflcio.org/paywatch/company-pay-ratios?order=ticker&sort=asc&page=24,2026-07-23T11:11:15.421Z
24,COLD,Americold Realty Trust,"$40,207",273:1,https://aflcio.org/paywatch/company-pay-ratios?order=ticker&sort=asc&page=24,2026-07-23T11:11:15.421Z
24,COLL,"Collegium Pharmaceutical, Inc","$223,542",54:1,https://aflcio.org/paywatch/company-pay-ratios?order=ticker&sort=asc&page=24,2026-07-23T11:11:15.421Z
24,COLM,Columbia Sportswear Co,"$36,692",78:1,https://aflcio.org/paywatch/company-pay-ratios?order=ticker&sort=asc&page=24,2026-07-23T11:11:15.421Z
24,COMM,"CommScope Holding Company, Inc.","$15,328","1,308:1",https://aflcio.org/paywatch/company-pay-ratios?order=ticker&sort=asc&page=24,2026-07-23T11:11:15.421Z
24,COMP,"Compass, Inc.","$99,030",151:1,https://aflcio.org/paywatch/company-pay-ratios?order=ticker&sort=asc&page=24,2026-07-23T11:11:15.421Z
24,COO,Cooper Cos Inc,"$39,159",394:1,https://aflcio.org/paywatch/company-pay-ratios?order=ticker&sort=asc&page=24,2026-07-23T11:11:15.421Z
24,COOP,Mr. Cooper Group Inc.,"$46,755",291:1,https://aflcio.org/paywatch/company-pay-ratios?order=ticker&sort=asc&page=24,2026-07-23T11:11:15.421Z
24,COP,ConocoPhillips,"$197,655",117:1,https://aflcio.org/paywatch/company-pay-ratios?order=ticker&sort=asc&page=24,2026-07-23T11:11:15.421Z
24,COR,Cencora Inc,"$87,891",210:1,https://aflcio.org/paywatch/company-pay-ratios?order=ticker&sort=asc&page=24,2026-07-23T11:11:15.421Z
24,CORT,Corcept Therapeutics Inc,"$245,044",40:1,https://aflcio.org/paywatch/company-pay-ratios?order=ticker&sort=asc&page=24,2026-07-23T11:11:15.421Z
24,COST,Costco Wholesale Corp,"$47,092",262:1,https://aflcio.org/paywatch/company-pay-ratios?order=ticker&sort=asc&page=24,2026-07-23T11:11:15.421Z
24,COTY,Coty Inc.,"$42,497",171:1,https://aflcio.org/paywatch/company-pay-ratios?order=ticker&sort=asc&page=24,2026-07-23T11:11:15.421Z
24,COUR,"Coursera, Inc.","$173,580",3:1,https://aflcio.org/paywatch/company-pay-ratios?order=ticker&sort=asc&page=24,2026-07-23T11:11:15.421Z
24,CPAY,Corpay Inc,"$50,277",558:1,https://aflcio.org/paywatch/company-pay-ratios?order=ticker&sort=asc&page=24,2026-07-23T11:11:15.421Z
24,CPB,The Campbell’s Company,"$73,352",167:1,https://aflcio.org/paywatch/company-pay-ratios?order=ticker&sort=asc&page=24,2026-07-23T11:11:15.421Z
24,CPF,Central Pacific Financial Corp,"$70,433",29:1,https://aflcio.org/paywatch/company-pay-ratios?order=ticker&sort=asc&page=24,2026-07-23T11:11:15.421Z
25,CPNG,"Coupang, Inc.","$35,545",58:1,https://aflcio.org/paywatch/company-pay-ratios?order=ticker&sort=asc&page=25,2026-07-23T11:11:15.937Z
25,CPRI,Capri Holdings Ltd,"$31,447",335:1,https://aflcio.org/paywatch/company-pay-ratios?order=ticker&sort=asc&page=25,2026-07-23T11:11:15.937Z
25,CPRT,Copart Inc,"$42,139",49:1,https://aflcio.org/paywatch/company-pay-ratios?order=ticker&sort=asc&page=25,2026-07-23T11:11:15.937Z
25,CPRX,"Catalyst Pharmaceuticals, Inc.","$370,800",21:1,https://aflcio.org/paywatch/company-pay-ratios?order=ticker&sort=asc&page=25,2026-07-23T11:11:15.937Z
25,CPS,Cooper-Standard Holdings Inc.,"$15,001",580:1,https://aflcio.org/paywatch/company-pay-ratios?order=ticker&sort=asc&page=25,2026-07-23T11:11:15.937Z
25,CPSS,"Consumer Portfolio Services, Inc.","$68,282",59:1,https://aflcio.org/paywatch/company-pay-ratios?order=ticker&sort=asc&page=25,2026-07-23T11:11:15.937Z
25,CPT,Camden Property Trust,"$66,298",109:1,https://aflcio.org/paywatch/company-pay-ratios?order=ticker&sort=asc&page=25,2026-07-23T11:11:15.937Z
25,CRAI,"Cra International, Inc.","$176,644",24:1,https://aflcio.org/paywatch/company-pay-ratios?order=ticker&sort=asc&page=25,2026-07-23T11:11:15.937Z
25,CRC,California Resources Corp,"$167,952",48:1,https://aflcio.org/paywatch/company-pay-ratios?order=ticker&sort=asc&page=25,2026-07-23T11:11:15.937Z
25,CRCT,"Cricut, Inc.","$122,535",177:1,https://aflcio.org/paywatch/company-pay-ratios?order=ticker&sort=asc&page=25,2026-07-23T11:11:15.937Z
25,CRD-A,Crawford & Co,"$53,208",41:1,https://aflcio.org/paywatch/company-pay-ratios?order=ticker&sort=asc&page=25,2026-07-23T11:11:15.937Z
25,CRDO,Credo Technology Group Holding Ltd,"$138,816",44:1,https://aflcio.org/paywatch/company-pay-ratios?order=ticker&sort=asc&page=25,2026-07-23T11:11:15.937Z
25,CRH,Crh Public Ltd Co,"$57,521",236:1,https://aflcio.org/paywatch/company-pay-ratios?order=ticker&sort=asc&page=25,2026-07-23T11:11:15.937Z
25,CRI,Carters Inc,"$12,008",762:1,https://aflcio.org/paywatch/company-pay-ratios?order=ticker&sort=asc&page=25,2026-07-23T11:11:15.937Z
25,CRK,Comstock Resources Inc,"$147,832",85:1,https://aflcio.org/paywatch/company-pay-ratios?order=ticker&sort=asc&page=25,2026-07-23T11:11:15.937Z
25,CRL,Charles River Laboratories International Inc,"$55,870",241:1,https://aflcio.org/paywatch/company-pay-ratios?order=ticker&sort=asc&page=25,2026-07-23T11:11:15.937Z
25,CRM,Salesforce Inc,"$178,949",308:1,https://aflcio.org/paywatch/company-pay-ratios?order=ticker&sort=asc&page=25,2026-07-23T11:11:15.937Z
25,CRMT,Americas Carmart Inc,"$52,747",160:1,https://aflcio.org/paywatch/company-pay-ratios?order=ticker&sort=asc&page=25,2026-07-23T11:11:15.937Z
25,CRNC,Cerence Inc.,"$71,971",12:1,https://aflcio.org/paywatch/company-pay-ratios?order=ticker&sort=asc&page=25,2026-07-23T11:11:15.937Z
25,CRNX,"Crinetics Pharmaceuticals, Inc.","$233,626",45:1,https://aflcio.org/paywatch/company-pay-ratios?order=ticker&sort=asc&page=25,2026-07-23T11:11:15.937Z
26,CROX,"Crocs, Inc.","$35,976",346:1,https://aflcio.org/paywatch/company-pay-ratios?order=ticker&sort=asc&page=26,2026-07-23T11:11:16.397Z
26,CRS,Carpenter Technology Corp,"$106,536",69:1,https://aflcio.org/paywatch/company-pay-ratios?order=ticker&sort=asc&page=26,2026-07-23T11:11:16.397Z
26,CRSR,"Corsair Gaming, Inc.","$37,056",161:1,https://aflcio.org/paywatch/company-pay-ratios?order=ticker&sort=asc&page=26,2026-07-23T11:11:16.397Z
26,CRUS,"Cirrus Logic, Inc.","$176,289",55:1,https://aflcio.org/paywatch/company-pay-ratios?order=ticker&sort=asc&page=26,2026-07-23T11:11:16.397Z
26,CRVL,Corvel Corp,"$58,447",17:1,https://aflcio.org/paywatch/company-pay-ratios?order=ticker&sort=asc&page=26,2026-07-23T11:11:16.397Z
26,CRWD,Crowdstrike Holdings Inc,"$222,761",158:1,https://aflcio.org/paywatch/company-pay-ratios?order=ticker&sort=asc&page=26,2026-07-23T11:11:16.397Z
26,CSCO,Cisco Systems Inc,"$166,915",235:1,https://aflcio.org/paywatch/company-pay-ratios?order=ticker&sort=asc&page=26,2026-07-23T11:11:16.397Z
26,CSGP,CoStar Group Inc,"$118,800",315:1,https://aflcio.org/paywatch/company-pay-ratios?order=ticker&sort=asc&page=26,2026-07-23T11:11:16.397Z
26,CSGS,Csg Systems International Inc,"$73,476",155:1,https://aflcio.org/paywatch/company-pay-ratios?order=ticker&sort=asc&page=26,2026-07-23T11:11:16.397Z
26,CSL,Carlisle Companies Inc,"$112,145",127:1,https://aflcio.org/paywatch/company-pay-ratios?order=ticker&sort=asc&page=26,2026-07-23T11:11:16.397Z
26,CSR,Centerspace,"$59,148",51:1,https://aflcio.org/paywatch/company-pay-ratios?order=ticker&sort=asc&page=26,2026-07-23T11:11:16.397Z
26,CSTL,Castle Biosciences Inc,"$122,372",57:1,https://aflcio.org/paywatch/company-pay-ratios?order=ticker&sort=asc&page=26,2026-07-23T11:11:16.397Z
26,CSV,Carriage Services Inc,"$25,508",168:1,https://aflcio.org/paywatch/company-pay-ratios?order=ticker&sort=asc&page=26,2026-07-23T11:11:16.397Z
26,CSWI,"Csw Industrials, Inc.","$17,986",332:1,https://aflcio.org/paywatch/company-pay-ratios?order=ticker&sort=asc&page=26,2026-07-23T11:11:16.397Z
26,CSX,CSX Corp,"$123,935",124:1,https://aflcio.org/paywatch/company-pay-ratios?order=ticker&sort=asc&page=26,2026-07-23T11:11:16.397Z
26,CTAS,Cintas Corp,"$57,299",154:1,https://aflcio.org/paywatch/company-pay-ratios?order=ticker&sort=asc&page=26,2026-07-23T11:11:16.397Z
26,CTBI,Community Trust Bancorp Inc,"$42,274",31:1,https://aflcio.org/paywatch/company-pay-ratios?order=ticker&sort=asc&page=26,2026-07-23T11:11:16.397Z
26,CTKB,"Cytek Biosciences, Inc.","$143,005",43:1,https://aflcio.org/paywatch/company-pay-ratios?order=ticker&sort=asc&page=26,2026-07-23T11:11:16.397Z
26,CTLP,"Cantaloupe, Inc.","$75,360",14:1,https://aflcio.org/paywatch/company-pay-ratios?order=ticker&sort=asc&page=26,2026-07-23T11:11:16.397Z
26,CTLT,"Catalent, Inc.","$61,247",163:1,https://aflcio.org/paywatch/company-pay-ratios?order=ticker&sort=asc&page=26,2026-07-23T11:11:16.397Z
27,CTO,"CTO Realty Growth, Inc.","$120,880",25:1,https://aflcio.org/paywatch/company-pay-ratios?order=ticker&sort=asc&page=27,2026-07-23T11:11:16.941Z
27,CTOS,"Custom Truck One Source, Inc.","$76,517",15:1,https://aflcio.org/paywatch/company-pay-ratios?order=ticker&sort=asc&page=27,2026-07-23T11:11:16.941Z
27,CTRA,Coterra Energy Inc,"$169,804",87:1,https://aflcio.org/paywatch/company-pay-ratios?order=ticker&sort=asc&page=27,2026-07-23T11:11:16.941Z
27,CTRE,"CareTrust REIT, Inc.","$310,846",30:1,https://aflcio.org/paywatch/company-pay-ratios?order=ticker&sort=asc&page=27,2026-07-23T11:11:16.941Z
27,CTRI,"Centuri Holdings, Inc.","$107,794",114:1,https://aflcio.org/paywatch/company-pay-ratios?order=ticker&sort=asc&page=27,2026-07-23T11:11:16.941Z
27,CTRN,Citi Trends Inc,"$25,480",248:1,https://aflcio.org/paywatch/company-pay-ratios?order=ticker&sort=asc&page=27,2026-07-23T11:11:16.941Z
27,CTS,Cts Corp,"$14,311",293:1,https://aflcio.org/paywatch/company-pay-ratios?order=ticker&sort=asc&page=27,2026-07-23T11:11:16.941Z
27,CTSH,Cognizant Technology Solutions Corp,"$44,497",378:1,https://aflcio.org/paywatch/company-pay-ratios?order=ticker&sort=asc&page=27,2026-07-23T11:11:16.941Z
27,CTVA,Corteva Inc,"$81,312",178:1,https://aflcio.org/paywatch/company-pay-ratios?order=ticker&sort=asc&page=27,2026-07-23T11:11:16.941Z
27,CUBE,CubeSmart,"$36,858",217:1,https://aflcio.org/paywatch/company-pay-ratios?order=ticker&sort=asc&page=27,2026-07-23T11:11:16.941Z
27,CUBI,"Customers Bancorp, Inc.","$131,788",25:1,https://aflcio.org/paywatch/company-pay-ratios?order=ticker&sort=asc&page=27,2026-07-23T11:11:16.941Z
27,CUZ,Cousins Properties Inc,"$127,258",63:1,https://aflcio.org/paywatch/company-pay-ratios?order=ticker&sort=asc&page=27,2026-07-23T11:11:16.941Z
27,CVBF,Cvb Financial Corp,"$93,917",33:1,https://aflcio.org/paywatch/company-pay-ratios?order=ticker&sort=asc&page=27,2026-07-23T11:11:16.941Z
27,CVCO,"Cavco Industries, Inc.","$48,821",92:1,https://aflcio.org/paywatch/company-pay-ratios?order=ticker&sort=asc&page=27,2026-07-23T11:11:16.941Z
27,CVEO,Civeo Corp,"$54,733",71:1,https://aflcio.org/paywatch/company-pay-ratios?order=ticker&sort=asc&page=27,2026-07-23T11:11:16.941Z
27,CVGI,"Commercial Vehicle Group, Inc.","$19,646",101:1,https://aflcio.org/paywatch/company-pay-ratios?order=ticker&sort=asc&page=27,2026-07-23T11:11:16.941Z
27,CVGW,Calavo Growers Inc,"$8,729",9:1,https://aflcio.org/paywatch/company-pay-ratios?order=ticker&sort=asc&page=27,2026-07-23T11:11:16.941Z
27,CVI,Cvr Energy Inc,"$135,424",35:1,https://aflcio.org/paywatch/company-pay-ratios?order=ticker&sort=asc&page=27,2026-07-23T11:11:16.941Z
27,CVLG,"Covenant Logistics Group, Inc.","$56,615",36:1,https://aflcio.org/paywatch/company-pay-ratios?order=ticker&sort=asc&page=27,2026-07-23T11:11:16.941Z
27,CVLT,Commvault Systems Inc,"$77,215",157:1,https://aflcio.org/paywatch/company-pay-ratios?order=ticker&sort=asc&page=27,2026-07-23T11:11:16.941Z
28,CVNA,Carvana Co.,"$47,111",225:1,https://aflcio.org/paywatch/company-pay-ratios?order=ticker&sort=asc&page=28,2026-07-23T11:11:17.427Z
28,CVS,CVS Health Corp,"$60,917",299:1,https://aflcio.org/paywatch/company-pay-ratios?order=ticker&sort=asc&page=28,2026-07-23T11:11:17.427Z
28,CVX,Chevron Corp,"$163,744",200:1,https://aflcio.org/paywatch/company-pay-ratios?order=ticker&sort=asc&page=28,2026-07-23T11:11:17.427Z
28,CW,Curtiss Wright Corp,"$73,820",157:1,https://aflcio.org/paywatch/company-pay-ratios?order=ticker&sort=asc&page=28,2026-07-23T11:11:17.427Z
28,CWAN,"Clearwater Analytics Holdings, Inc.","$84,713",131:1,https://aflcio.org/paywatch/company-pay-ratios?order=ticker&sort=asc&page=28,2026-07-23T11:11:17.427Z
28,CWBC,Community West Bancshares,"$99,564",9:1,https://aflcio.org/paywatch/company-pay-ratios?order=ticker&sort=asc&page=28,2026-07-23T11:11:17.427Z
28,CWCO,Consolidated Water Co. Ltd.,"$81,607",18:1,https://aflcio.org/paywatch/company-pay-ratios?order=ticker&sort=asc&page=28,2026-07-23T11:11:17.427Z
28,CWEN,"Clearway Energy, Inc.","$148,212",19:1,https://aflcio.org/paywatch/company-pay-ratios?order=ticker&sort=asc&page=28,2026-07-23T11:11:17.427Z
28,CWK,Cushman & Wakefield plc,"$60,105",161:1,https://aflcio.org/paywatch/company-pay-ratios?order=ticker&sort=asc&page=28,2026-07-23T11:11:17.427Z
28,CWST,Casella Waste Systems Inc,"$70,740",60:1,https://aflcio.org/paywatch/company-pay-ratios?order=ticker&sort=asc&page=28,2026-07-23T11:11:17.427Z
28,CWT,California Water Service Group,"$156,618",31:1,https://aflcio.org/paywatch/company-pay-ratios?order=ticker&sort=asc&page=28,2026-07-23T11:11:17.427Z
28,CXDO,"Crexendo, Inc.",$89,9:1,https://aflcio.org/paywatch/company-pay-ratios?order=ticker&sort=asc&page=28,2026-07-23T11:11:17.427Z
28,CXM,"Sprinklr, Inc.","$55,669",763:1,https://aflcio.org/paywatch/company-pay-ratios?order=ticker&sort=asc&page=28,2026-07-23T11:11:17.427Z
28,CXT,"Crane NXT, Co.","$72,869",88:1,https://aflcio.org/paywatch/company-pay-ratios?order=ticker&sort=asc&page=28,2026-07-23T11:11:17.427Z
28,CXW,"CoreCivic, Inc.","$61,782",121:1,https://aflcio.org/paywatch/company-pay-ratios?order=ticker&sort=asc&page=28,2026-07-23T11:11:17.427Z
28,CYH,Community Health Systems Inc,"$97,456",79:1,https://aflcio.org/paywatch/company-pay-ratios?order=ticker&sort=asc&page=28,2026-07-23T11:11:17.427Z
28,CYRX,"Cryoport, Inc.","$45,747",41:1,https://aflcio.org/paywatch/company-pay-ratios?order=ticker&sort=asc&page=28,2026-07-23T11:11:17.427Z
28,CYTK,Cytokinetics Inc,"$411,825",35:1,https://aflcio.org/paywatch/company-pay-ratios?order=ticker&sort=asc&page=28,2026-07-23T11:11:17.427Z
28,CZFS,Citizens Financial Services Inc,"$50,586",27:1,https://aflcio.org/paywatch/company-pay-ratios?order=ticker&sort=asc&page=28,2026-07-23T11:11:17.427Z
28,CZNC,Citizens & Northern Corp,"$67,600",21:1,https://aflcio.org/paywatch/company-pay-ratios?order=ticker&sort=asc&page=28,2026-07-23T11:11:17.427Z
29,CZR,Caesars Entertainment Inc,"$43,880",419:1,https://aflcio.org/paywatch/company-pay-ratios?order=ticker&sort=asc&page=29,2026-07-23T11:11:17.987Z
29,D,Dominion Energy Inc,"$124,178",104:1,https://aflcio.org/paywatch/company-pay-ratios?order=ticker&sort=asc&page=29,2026-07-23T11:11:17.987Z
29,DAKT,Daktronics Inc,"$56,242",17:1,https://aflcio.org/paywatch/company-pay-ratios?order=ticker&sort=asc&page=29,2026-07-23T11:11:17.987Z
29,DAL,Delta Air Lines Inc,"$105,269",258:1,https://aflcio.org/paywatch/company-pay-ratios?order=ticker&sort=asc&page=29,2026-07-23T11:11:17.987Z
29,DAN,DANA Inc,"$48,690",296:1,https://aflcio.org/paywatch/company-pay-ratios?order=ticker&sort=asc&page=29,2026-07-23T11:11:17.987Z
29,DAR,Darling Ingredients Inc.,"$63,064",130:1,https://aflcio.org/paywatch/company-pay-ratios?order=ticker&sort=asc&page=29,2026-07-23T11:11:17.987Z
29,DASH,DoorDash Inc,"$38,112",8:1,https://aflcio.org/paywatch/company-pay-ratios?order=ticker&sort=asc&page=29,2026-07-23T11:11:17.987Z
29,DAWN,"Day One Biopharmaceuticals, Inc.","$389,481",17:1,https://aflcio.org/paywatch/company-pay-ratios?order=ticker&sort=asc&page=29,2026-07-23T11:11:17.987Z
29,DAY,Dayforce Inc,"$68,057",274:1,https://aflcio.org/paywatch/company-pay-ratios?order=ticker&sort=asc&page=29,2026-07-23T11:11:17.987Z
29,DBD,"DIEBOLD NIXDORF, Inc","$28,940",329:1,https://aflcio.org/paywatch/company-pay-ratios?order=ticker&sort=asc&page=29,2026-07-23T11:11:17.987Z
29,DBI,Designer Brands Inc.,"$18,544",263:1,https://aflcio.org/paywatch/company-pay-ratios?order=ticker&sort=asc&page=29,2026-07-23T11:11:17.987Z
29,DBRG,"DigitalBridge Group, Inc.","$276,696",21:1,https://aflcio.org/paywatch/company-pay-ratios?order=ticker&sort=asc&page=29,2026-07-23T11:11:17.987Z
29,DBX,"Dropbox, Inc.","$228,805",7:1,https://aflcio.org/paywatch/company-pay-ratios?order=ticker&sort=asc&page=29,2026-07-23T11:11:17.987Z
29,DCGO,DocGo Inc.,"$39,949",189:1,https://aflcio.org/paywatch/company-pay-ratios?order=ticker&sort=asc&page=29,2026-07-23T11:11:17.987Z
29,DCI,DONALDSON Co INC,"$52,405",150:1,https://aflcio.org/paywatch/company-pay-ratios?order=ticker&sort=asc&page=29,2026-07-23T11:11:17.987Z
29,DCO,Ducommun Inc,"$77,594",125:1,https://aflcio.org/paywatch/company-pay-ratios?order=ticker&sort=asc&page=29,2026-07-23T11:11:17.987Z
29,DCOM,"Dime Community Bancshares, Inc.","$91,854",39:1,https://aflcio.org/paywatch/company-pay-ratios?order=ticker&sort=asc&page=29,2026-07-23T11:11:17.987Z
29,DD,DuPont de Nemours Inc,"$115,630",136:1,https://aflcio.org/paywatch/company-pay-ratios?order=ticker&sort=asc&page=29,2026-07-23T11:11:17.987Z
29,DDD,3D Systems Corp,"$74,583",29:1,https://aflcio.org/paywatch/company-pay-ratios?order=ticker&sort=asc&page=29,2026-07-23T11:11:17.987Z
29,DDOG,"Datadog, Inc.","$202,585",98:1,https://aflcio.org/paywatch/company-pay-ratios?order=ticker&sort=asc&page=29,2026-07-23T11:11:17.987Z
30,DDS,"Dillard'S, Inc.","$36,877",132:1,https://aflcio.org/paywatch/company-pay-ratios?order=ticker&sort=asc&page=30,2026-07-23T11:11:18.487Z
30,DE,Deere & Co,"$146,175",190:1,https://aflcio.org/paywatch/company-pay-ratios?order=ticker&sort=asc&page=30,2026-07-23T11:11:18.487Z
30,DEA,"Easterly Government Properties, Inc.","$161,886",29:1,https://aflcio.org/paywatch/company-pay-ratios?order=ticker&sort=asc&page=30,2026-07-23T11:11:18.487Z
30,DECK,Deckers Outdoor Corp,"$54,496",262:1,https://aflcio.org/paywatch/company-pay-ratios?order=ticker&sort=asc&page=30,2026-07-23T11:11:18.487Z
30,DEI,Douglas Emmett Inc,"$71,067",128:1,https://aflcio.org/paywatch/company-pay-ratios?order=ticker&sort=asc&page=30,2026-07-23T11:11:18.487Z
30,DELL,Dell Technologies Inc,"$74,070",42:1,https://aflcio.org/paywatch/company-pay-ratios?order=ticker&sort=asc&page=30,2026-07-23T11:11:18.487Z
30,DENN,DENNY'S Corp,"$26,746",197:1,https://aflcio.org/paywatch/company-pay-ratios?order=ticker&sort=asc&page=30,2026-07-23T11:11:18.487Z
30,DFH,"Dream Finders Homes, Inc.","$99,104",130:1,https://aflcio.org/paywatch/company-pay-ratios?order=ticker&sort=asc&page=30,2026-07-23T11:11:18.487Z
30,DFIN,"Donnelley Financial Solutions, Inc.","$94,820",95:1,https://aflcio.org/paywatch/company-pay-ratios?order=ticker&sort=asc&page=30,2026-07-23T11:11:18.487Z
30,DFS,Discover Financial Services,"$58,226",400:1,https://aflcio.org/paywatch/company-pay-ratios?order=ticker&sort=asc&page=30,2026-07-23T11:11:18.487Z
30,DG,Dollar General Corp,"$18,951",114:1,https://aflcio.org/paywatch/company-pay-ratios?order=ticker&sort=asc&page=30,2026-07-23T11:11:18.487Z
30,DGICA,Donegal Group Inc,"$93,177",14:1,https://aflcio.org/paywatch/company-pay-ratios?order=ticker&sort=asc&page=30,2026-07-23T11:11:18.487Z
30,DGII,Digi International Inc,"$115,311",25:1,https://aflcio.org/paywatch/company-pay-ratios?order=ticker&sort=asc&page=30,2026-07-23T11:11:18.487Z
30,DGX,Quest Diagnostics Inc,"$59,575",242:1,https://aflcio.org/paywatch/company-pay-ratios?order=ticker&sort=asc&page=30,2026-07-23T11:11:18.487Z
30,DH,Definitive Healthcare Corp.,"$102,363",110:1,https://aflcio.org/paywatch/company-pay-ratios?order=ticker&sort=asc&page=30,2026-07-23T11:11:18.487Z
30,DHI,DR Horton Inc,"$125,961",200:1,https://aflcio.org/paywatch/company-pay-ratios?order=ticker&sort=asc&page=30,2026-07-23T11:11:18.487Z
30,DHIL,Diamond Hill Investment Group Inc,"$307,350",9:1,https://aflcio.org/paywatch/company-pay-ratios?order=ticker&sort=asc&page=30,2026-07-23T11:11:18.487Z
30,DHR,Danaher Corp,"$68,828",321:1,https://aflcio.org/paywatch/company-pay-ratios?order=ticker&sort=asc&page=30,2026-07-23T11:11:18.487Z
30,DHX,"Dhi Group, Inc.","$147,553",20:1,https://aflcio.org/paywatch/company-pay-ratios?order=ticker&sort=asc&page=30,2026-07-23T11:11:18.487Z
30,DIN,"Dine Brands Global, Inc.","$149,709",31:1,https://aflcio.org/paywatch/company-pay-ratios?order=ticker&sort=asc&page=30,2026-07-23T11:11:18.487Z
31,DINO,HF Sinclair Corp,"$162,259",79:1,https://aflcio.org/paywatch/company-pay-ratios?order=ticker&sort=asc&page=31,2026-07-23T11:11:18.947Z
31,DIOD,Diodes Inc,"$27,315",177:1,https://aflcio.org/paywatch/company-pay-ratios?order=ticker&sort=asc&page=31,2026-07-23T11:11:18.947Z
31,DIS,Walt Disney Co/The,"$55,111",746:1,https://aflcio.org/paywatch/company-pay-ratios?order=ticker&sort=asc&page=31,2026-07-23T11:11:18.947Z
31,DK,"Delek US Holdings, Inc.","$127,897",52:1,https://aflcio.org/paywatch/company-pay-ratios?order=ticker&sort=asc&page=31,2026-07-23T11:11:18.947Z
31,DKS,"Dick'S Sporting Goods, Inc.","$11,513","1,122:1",https://aflcio.org/paywatch/company-pay-ratios?order=ticker&sort=asc&page=31,2026-07-23T11:11:18.947Z
31,DLB,"Dolby Laboratories, Inc.","$166,080",58:1,https://aflcio.org/paywatch/company-pay-ratios?order=ticker&sort=asc&page=31,2026-07-23T11:11:18.947Z
31,DLR,Digital Realty Trust Inc,"$113,385",143:1,https://aflcio.org/paywatch/company-pay-ratios?order=ticker&sort=asc&page=31,2026-07-23T11:11:18.947Z
31,DLTR,Dollar Tree Inc,"$15,602",592:1,https://aflcio.org/paywatch/company-pay-ratios?order=ticker&sort=asc&page=31,2026-07-23T11:11:18.947Z
31,DLX,Deluxe Corp,"$74,965",95:1,https://aflcio.org/paywatch/company-pay-ratios?order=ticker&sort=asc&page=31,2026-07-23T11:11:18.947Z
31,DMRC,Digimarc CORP,"$169,432",12:1,https://aflcio.org/paywatch/company-pay-ratios?order=ticker&sort=asc&page=31,2026-07-23T11:11:18.947Z
31,DNB,"Dun & Bradstreet Holdings, Inc.","$75,369",177:1,https://aflcio.org/paywatch/company-pay-ratios?order=ticker&sort=asc&page=31,2026-07-23T11:11:18.947Z
31,DNLI,Denali Therapeutics Inc.,"$347,840",19:1,https://aflcio.org/paywatch/company-pay-ratios?order=ticker&sort=asc&page=31,2026-07-23T11:11:18.947Z
31,DNOW,DNOW Inc.,"$71,721",83:1,https://aflcio.org/paywatch/company-pay-ratios?order=ticker&sort=asc&page=31,2026-07-23T11:11:18.947Z
31,DNUT,"Krispy Kreme, Inc.","$27,922",90:1,https://aflcio.org/paywatch/company-pay-ratios?order=ticker&sort=asc&page=31,2026-07-23T11:11:18.947Z
31,DOC,Healthpeak Properties Inc,"$128,353",66:1,https://aflcio.org/paywatch/company-pay-ratios?order=ticker&sort=asc&page=31,2026-07-23T11:11:18.947Z
31,DOCN,"DigitalOcean Holdings, Inc.","$156,409",184:1,https://aflcio.org/paywatch/company-pay-ratios?order=ticker&sort=asc&page=31,2026-07-23T11:11:18.947Z
31,DOCS,"Doximity, Inc.","$160,672",1:1,https://aflcio.org/paywatch/company-pay-ratios?order=ticker&sort=asc&page=31,2026-07-23T11:11:18.947Z
31,DOCU,"Docusign, Inc.","$222,236",117:1,https://aflcio.org/paywatch/company-pay-ratios?order=ticker&sort=asc&page=31,2026-07-23T11:11:18.947Z
31,DOMO,"Domo, Inc.","$136,874",102:1,https://aflcio.org/paywatch/company-pay-ratios?order=ticker&sort=asc&page=31,2026-07-23T11:11:18.947Z
31,DORM,"Dorman Products, Inc.","$52,242",124:1,https://aflcio.org/paywatch/company-pay-ratios?order=ticker&sort=asc&page=31,2026-07-23T11:11:18.947Z
32,DOV,Dover Corp,"$54,842",351:1,https://aflcio.org/paywatch/company-pay-ratios?order=ticker&sort=asc&page=32,2026-07-23T11:11:19.403Z
32,DOW,Dow Inc,"$89,583",213:1,https://aflcio.org/paywatch/company-pay-ratios?order=ticker&sort=asc&page=32,2026-07-23T11:11:19.403Z
32,DPZ,Domino’s Pizza Inc,"$33,744",265:1,https://aflcio.org/paywatch/company-pay-ratios?order=ticker&sort=asc&page=32,2026-07-23T11:11:19.403Z
32,DRH,DiamondRock Hospitality Co,"$253,700",19:1,https://aflcio.org/paywatch/company-pay-ratios?order=ticker&sort=asc&page=32,2026-07-23T11:11:19.403Z
32,DRI,Darden Restaurants Inc,"$22,755",527:1,https://aflcio.org/paywatch/company-pay-ratios?order=ticker&sort=asc&page=32,2026-07-23T11:11:19.403Z
32,DRS,"Leonardo DRS, Inc.","$88,177",89:1,https://aflcio.org/paywatch/company-pay-ratios?order=ticker&sort=asc&page=32,2026-07-23T11:11:19.403Z
32,DRVN,Driven Brands Holdings Inc.,"$42,256",181:1,https://aflcio.org/paywatch/company-pay-ratios?order=ticker&sort=asc&page=32,2026-07-23T11:11:19.403Z
32,DT,"Dynatrace, Inc.","$126,463",137:1,https://aflcio.org/paywatch/company-pay-ratios?order=ticker&sort=asc&page=32,2026-07-23T11:11:19.403Z
32,DTE,DTE Energy Co,"$145,282",87:1,https://aflcio.org/paywatch/company-pay-ratios?order=ticker&sort=asc&page=32,2026-07-23T11:11:19.403Z
32,DUK,Duke Energy Corp,"$129,126",165:1,https://aflcio.org/paywatch/company-pay-ratios?order=ticker&sort=asc&page=32,2026-07-23T11:11:19.403Z
32,DUOL,"Duolingo, Inc.","$261,765",2:1,https://aflcio.org/paywatch/company-pay-ratios?order=ticker&sort=asc&page=32,2026-07-23T11:11:19.403Z
32,DV,"DoubleVerify Holdings, Inc.","$195,642",5:1,https://aflcio.org/paywatch/company-pay-ratios?order=ticker&sort=asc&page=32,2026-07-23T11:11:19.403Z
32,DVA,DaVita Inc,"$73,047",299:1,https://aflcio.org/paywatch/company-pay-ratios?order=ticker&sort=asc&page=32,2026-07-23T11:11:19.403Z
32,DVAX,Dynavax Technologies Corp,"$195,898",42:1,https://aflcio.org/paywatch/company-pay-ratios?order=ticker&sort=asc&page=32,2026-07-23T11:11:19.403Z
32,DVN,Devon Energy Corp,"$176,300",97:1,https://aflcio.org/paywatch/company-pay-ratios?order=ticker&sort=asc&page=32,2026-07-23T11:11:19.403Z
32,DX,Dynex Capital Inc,"$169,300",42:1,https://aflcio.org/paywatch/company-pay-ratios?order=ticker&sort=asc&page=32,2026-07-23T11:11:19.403Z
32,DXC,DXC Technology Co,"$28,711",583:1,https://aflcio.org/paywatch/company-pay-ratios?order=ticker&sort=asc&page=32,2026-07-23T11:11:19.403Z
32,DXCM,Dexcom Inc,"$114,213",139:1,https://aflcio.org/paywatch/company-pay-ratios?order=ticker&sort=asc&page=32,2026-07-23T11:11:19.403Z
32,DXLG,"Destination Xl Group, Inc.","$50,013",58:1,https://aflcio.org/paywatch/company-pay-ratios?order=ticker&sort=asc&page=32,2026-07-23T11:11:19.403Z
32,DXPE,Dxp Enterprises Inc,"$66,003",80:1,https://aflcio.org/paywatch/company-pay-ratios?order=ticker&sort=asc&page=32,2026-07-23T11:11:19.403Z
33,DY,Dycom Industries Inc,"$57,346",118:1,https://aflcio.org/paywatch/company-pay-ratios?order=ticker&sort=asc&page=33,2026-07-23T11:11:19.889Z
33,EA,Electronic Arts Inc,"$148,704",172:1,https://aflcio.org/paywatch/company-pay-ratios?order=ticker&sort=asc&page=33,2026-07-23T11:11:19.889Z
33,EAF,Graftech International Ltd,"$67,543",45:1,https://aflcio.org/paywatch/company-pay-ratios?order=ticker&sort=asc&page=33,2026-07-23T11:11:19.889Z
33,EAI,"Entergy Arkansas, Llc","$141,875",12:1,https://aflcio.org/paywatch/company-pay-ratios?order=ticker&sort=asc&page=33,2026-07-23T11:11:19.889Z
33,EAT,"Brinker International, Inc","$23,269",331:1,https://aflcio.org/paywatch/company-pay-ratios?order=ticker&sort=asc&page=33,2026-07-23T11:11:19.889Z
33,EB,"Eventbrite, Inc.","$111,104",58:1,https://aflcio.org/paywatch/company-pay-ratios?order=ticker&sort=asc&page=33,2026-07-23T11:11:19.889Z
33,EBAY,eBay Inc,"$167,976",121:1,https://aflcio.org/paywatch/company-pay-ratios?order=ticker&sort=asc&page=33,2026-07-23T11:11:19.889Z
33,EBC,"Eastern Bankshares, Inc.","$101,826",41:1,https://aflcio.org/paywatch/company-pay-ratios?order=ticker&sort=asc&page=33,2026-07-23T11:11:19.889Z
33,EBF,"Ennis, Inc.","$54,101",31:1,https://aflcio.org/paywatch/company-pay-ratios?order=ticker&sort=asc&page=33,2026-07-23T11:11:19.889Z
33,EBS,Emergent BioSolutions Inc.,"$125,838",48:1,https://aflcio.org/paywatch/company-pay-ratios?order=ticker&sort=asc&page=33,2026-07-23T11:11:19.889Z
33,EBTC,Enterprise Bancorp Inc,"$89,314",17:1,https://aflcio.org/paywatch/company-pay-ratios?order=ticker&sort=asc&page=33,2026-07-23T11:11:19.889Z
33,ECL,Ecolab Inc,"$50,143",327:1,https://aflcio.org/paywatch/company-pay-ratios?order=ticker&sort=asc&page=33,2026-07-23T11:11:19.889Z
33,ECPG,Encore Capital Group Inc,"$30,598",174:1,https://aflcio.org/paywatch/company-pay-ratios?order=ticker&sort=asc&page=33,2026-07-23T11:11:19.889Z
33,ECVT,Ecovyst Inc.,"$125,166",32:1,https://aflcio.org/paywatch/company-pay-ratios?order=ticker&sort=asc&page=33,2026-07-23T11:11:19.889Z
33,ED,Consolidated Edison Inc,"$128,713",116:1,https://aflcio.org/paywatch/company-pay-ratios?order=ticker&sort=asc&page=33,2026-07-23T11:11:19.889Z
33,EE,"Excelerate Energy, Inc.","$204,789",27:1,https://aflcio.org/paywatch/company-pay-ratios?order=ticker&sort=asc&page=33,2026-07-23T11:11:19.889Z
33,EEFT,"Euronet Worldwide, Inc.","$29,600",477:1,https://aflcio.org/paywatch/company-pay-ratios?order=ticker&sort=asc&page=33,2026-07-23T11:11:19.889Z
33,EFSC,Enterprise Financial Services Corp,"$88,767",40:1,https://aflcio.org/paywatch/company-pay-ratios?order=ticker&sort=asc&page=33,2026-07-23T11:11:19.889Z
33,EFX,Equifax Inc,"$73,777",201:1,https://aflcio.org/paywatch/company-pay-ratios?order=ticker&sort=asc&page=33,2026-07-23T11:11:19.889Z
33,EG,Everest Group Ltd,"$175,597",45:1,https://aflcio.org/paywatch/company-pay-ratios?order=ticker&sort=asc&page=33,2026-07-23T11:11:19.889Z
34,EGBN,Eagle Bancorp Inc,"$98,995",31:1,https://aflcio.org/paywatch/company-pay-ratios?order=ticker&sort=asc&page=34,2026-07-23T11:11:20.263Z
34,EGHT,8X8 Inc,"$103,354",45:1,https://aflcio.org/paywatch/company-pay-ratios?order=ticker&sort=asc&page=34,2026-07-23T11:11:20.263Z
34,EGP,Eastgroup Properties Inc,"$139,674",51:1,https://aflcio.org/paywatch/company-pay-ratios?order=ticker&sort=asc&page=34,2026-07-23T11:11:20.263Z
34,EGY,Vaalco Energy Inc,"$125,920",24:1,https://aflcio.org/paywatch/company-pay-ratios?order=ticker&sort=asc&page=34,2026-07-23T11:11:20.263Z
34,EHAB,"Enhabit, Inc.","$55,676",56:1,https://aflcio.org/paywatch/company-pay-ratios?order=ticker&sort=asc&page=34,2026-07-23T11:11:20.263Z
34,EHC,Encompass Health Corp,"$45,540",204:1,https://aflcio.org/paywatch/company-pay-ratios?order=ticker&sort=asc&page=34,2026-07-23T11:11:20.263Z
34,EIG,"Employers Holdings, Inc.","$108,989",34:1,https://aflcio.org/paywatch/company-pay-ratios?order=ticker&sort=asc&page=34,2026-07-23T11:11:20.263Z
34,EIX,Edison International,"$183,066",75:1,https://aflcio.org/paywatch/company-pay-ratios?order=ticker&sort=asc&page=34,2026-07-23T11:11:20.263Z
34,EL,Estee Lauder Cos Inc,"$34,711",514:1,https://aflcio.org/paywatch/company-pay-ratios?order=ticker&sort=asc&page=34,2026-07-23T11:11:20.263Z
34,ELAN,Elanco Animal Health Inc,"$81,763",181:1,https://aflcio.org/paywatch/company-pay-ratios?order=ticker&sort=asc&page=34,2026-07-23T11:11:20.263Z
34,ELC,"Entergy Louisiana, Llc","$141,875",12:1,https://aflcio.org/paywatch/company-pay-ratios?order=ticker&sort=asc&page=34,2026-07-23T11:11:20.263Z
34,ELF,"e.l.f. Beauty, Inc.","$133,805",63:1,https://aflcio.org/paywatch/company-pay-ratios?order=ticker&sort=asc&page=34,2026-07-23T11:11:20.263Z
34,ELME,Elme Communities,"$75,999",52:1,https://aflcio.org/paywatch/company-pay-ratios?order=ticker&sort=asc&page=34,2026-07-23T11:11:20.263Z
34,ELS,Equity Lifestyle Properties Inc,"$37,728",113:1,https://aflcio.org/paywatch/company-pay-ratios?order=ticker&sort=asc&page=34,2026-07-23T11:11:20.263Z
34,ELV,Elevance Health Inc,"$55,372",370:1,https://aflcio.org/paywatch/company-pay-ratios?order=ticker&sort=asc&page=34,2026-07-23T11:11:20.263Z
34,EMBC,Embecta Corp.,"$74,201",116:1,https://aflcio.org/paywatch/company-pay-ratios?order=ticker&sort=asc&page=34,2026-07-23T11:11:20.263Z
34,EME,"EMCOR Group, Inc.","$65,828",212:1,https://aflcio.org/paywatch/company-pay-ratios?order=ticker&sort=asc&page=34,2026-07-23T11:11:20.263Z
34,EMN,Eastman Chemical Co,"$98,002",162:1,https://aflcio.org/paywatch/company-pay-ratios?order=ticker&sort=asc&page=34,2026-07-23T11:11:20.263Z
34,EMP,"Entergy Mississippi, Llc","$141,875",12:1,https://aflcio.org/paywatch/company-pay-ratios?order=ticker&sort=asc&page=34,2026-07-23T11:11:20.263Z
34,EMR,Emerson Electric Co,"$47,221",426:1,https://aflcio.org/paywatch/company-pay-ratios?order=ticker&sort=asc&page=34,2026-07-23T11:11:20.263Z
35,ENOV,Enovis CORP,"$40,725",303:1,https://aflcio.org/paywatch/company-pay-ratios?order=ticker&sort=asc&page=35,2026-07-23T11:11:20.771Z
35,ENPH,Enphase Energy Inc,"$59,557",212:1,https://aflcio.org/paywatch/company-pay-ratios?order=ticker&sort=asc&page=35,2026-07-23T11:11:20.771Z
35,ENR,"Energizer Holdings, Inc.","$40,264",269:1,https://aflcio.org/paywatch/company-pay-ratios?order=ticker&sort=asc&page=35,2026-07-23T11:11:20.771Z
35,ENS,EnerSys,"$53,057",149:1,https://aflcio.org/paywatch/company-pay-ratios?order=ticker&sort=asc&page=35,2026-07-23T11:11:20.771Z
35,ENSG,"Ensign Group, Inc","$47,120",233:1,https://aflcio.org/paywatch/company-pay-ratios?order=ticker&sort=asc&page=35,2026-07-23T11:11:20.771Z
35,ENTA,Enanta Pharmaceuticals Inc,"$208,253",13:1,https://aflcio.org/paywatch/company-pay-ratios?order=ticker&sort=asc&page=35,2026-07-23T11:11:20.771Z
35,ENTG,Entegris Inc,"$71,659",242:1,https://aflcio.org/paywatch/company-pay-ratios?order=ticker&sort=asc&page=35,2026-07-23T11:11:20.771Z
35,ENVA,"Enova International, Inc.","$94,849",106:1,https://aflcio.org/paywatch/company-pay-ratios?order=ticker&sort=asc&page=35,2026-07-23T11:11:20.771Z
35,ENVX,Enovix Corp,"$146,823",78:1,https://aflcio.org/paywatch/company-pay-ratios?order=ticker&sort=asc&page=35,2026-07-23T11:11:20.771Z
35,EOG,EOG Resources Inc,"$221,005",73:1,https://aflcio.org/paywatch/company-pay-ratios?order=ticker&sort=asc&page=35,2026-07-23T11:11:20.771Z
35,EOLS,"Evolus, Inc.","$203,184",34:1,https://aflcio.org/paywatch/company-pay-ratios?order=ticker&sort=asc&page=35,2026-07-23T11:11:20.771Z
35,EPAC,Enerpac Tool Group Corp,"$42,635",142:1,https://aflcio.org/paywatch/company-pay-ratios?order=ticker&sort=asc&page=35,2026-07-23T11:11:20.771Z
35,EPAM,EPAM Systems Inc,"$41,273",219:1,https://aflcio.org/paywatch/company-pay-ratios?order=ticker&sort=asc&page=35,2026-07-23T11:11:20.771Z
35,EPC,EDGEWELL PERSONAL CARE Co,"$47,458",212:1,https://aflcio.org/paywatch/company-pay-ratios?order=ticker&sort=asc&page=35,2026-07-23T11:11:20.771Z
35,EPR,Epr Properties,"$281,958",28:1,https://aflcio.org/paywatch/company-pay-ratios?order=ticker&sort=asc&page=35,2026-07-23T11:11:20.771Z
35,EPRT,"Essential Properties Realty Trust, Inc.","$162,448",51:1,https://aflcio.org/paywatch/company-pay-ratios?order=ticker&sort=asc&page=35,2026-07-23T11:11:20.771Z
35,EQBK,Equity Bancshares Inc,"$49,763",59:1,https://aflcio.org/paywatch/company-pay-ratios?order=ticker&sort=asc&page=35,2026-07-23T11:11:20.771Z
35,EQC,Equity Commonwealth,"$440,037",17:1,https://aflcio.org/paywatch/company-pay-ratios?order=ticker&sort=asc&page=35,2026-07-23T11:11:20.771Z
35,EQH,"Equitable Holdings, Inc.","$124,760",140:1,https://aflcio.org/paywatch/company-pay-ratios?order=ticker&sort=asc&page=35,2026-07-23T11:11:20.771Z
35,EQIX,Equinix Inc,"$118,527",313:1,https://aflcio.org/paywatch/company-pay-ratios?order=ticker&sort=asc&page=35,2026-07-23T11:11:20.771Z
36,EQR,Residential,"$71,418",159:1,https://aflcio.org/paywatch/company-pay-ratios?order=ticker&sort=asc&page=36,2026-07-23T11:11:21.237Z
36,EQT,EQT Corp,"$152,502",74:1,https://aflcio.org/paywatch/company-pay-ratios?order=ticker&sort=asc&page=36,2026-07-23T11:11:21.237Z
36,ERIE,Erie Indemnity Co,"$84,248",109:1,https://aflcio.org/paywatch/company-pay-ratios?order=ticker&sort=asc&page=36,2026-07-23T11:11:21.237Z
36,ERII,"Energy Recovery, Inc.","$139,456",25:1,https://aflcio.org/paywatch/company-pay-ratios?order=ticker&sort=asc&page=36,2026-07-23T11:11:21.237Z
36,ES,Eversource Energy,"$142,220",95:1,https://aflcio.org/paywatch/company-pay-ratios?order=ticker&sort=asc&page=36,2026-07-23T11:11:21.237Z
36,ESE,Esco Technologies Inc,"$72,806",43:1,https://aflcio.org/paywatch/company-pay-ratios?order=ticker&sort=asc&page=36,2026-07-23T11:11:21.237Z
36,ESGR,Enstar Group LTD,"$151,647",51:1,https://aflcio.org/paywatch/company-pay-ratios?order=ticker&sort=asc&page=36,2026-07-23T11:11:21.237Z
36,ESI,Element Solutions Inc,"$46,565",145:1,https://aflcio.org/paywatch/company-pay-ratios?order=ticker&sort=asc&page=36,2026-07-23T11:11:21.237Z
36,ESNT,Essent Group Ltd.,"$103,545",94:1,https://aflcio.org/paywatch/company-pay-ratios?order=ticker&sort=asc&page=36,2026-07-23T11:11:21.237Z
36,ESPR,"Esperion Therapeutics, Inc.","$201,680",16:1,https://aflcio.org/paywatch/company-pay-ratios?order=ticker&sort=asc&page=36,2026-07-23T11:11:21.237Z
36,ESRT,"Empire State Realty Trust, Inc.","$74,835",176:1,https://aflcio.org/paywatch/company-pay-ratios?order=ticker&sort=asc&page=36,2026-07-23T11:11:21.237Z
36,ESS,Essex Property Trust Inc,"$97,782",83:1,https://aflcio.org/paywatch/company-pay-ratios?order=ticker&sort=asc&page=36,2026-07-23T11:11:21.237Z
36,ESSA,"ESSA Bancorp, Inc.","$52,904",23:1,https://aflcio.org/paywatch/company-pay-ratios?order=ticker&sort=asc&page=36,2026-07-23T11:11:21.237Z
36,ESTA,Establishment Labs Holdings Inc.,"$30,079",86:1,https://aflcio.org/paywatch/company-pay-ratios?order=ticker&sort=asc&page=36,2026-07-23T11:11:21.237Z
36,ESTC,Elastic N.V.,"$211,543",59:1,https://aflcio.org/paywatch/company-pay-ratios?order=ticker&sort=asc&page=36,2026-07-23T11:11:21.237Z
36,ETD,Ethan Allen Interiors Inc,"$39,550",81:1,https://aflcio.org/paywatch/company-pay-ratios?order=ticker&sort=asc&page=36,2026-07-23T11:11:21.237Z
36,ETN,Eaton Corp PLC,"$40,157",563:1,https://aflcio.org/paywatch/company-pay-ratios?order=ticker&sort=asc&page=36,2026-07-23T11:11:21.237Z
36,ETNB,"89bio, Inc.","$396,532",19:1,https://aflcio.org/paywatch/company-pay-ratios?order=ticker&sort=asc&page=36,2026-07-23T11:11:21.237Z
36,ETR,Entergy Corp,"$157,884",81:1,https://aflcio.org/paywatch/company-pay-ratios?order=ticker&sort=asc&page=36,2026-07-23T11:11:21.237Z
36,ETSY,Etsy Inc,"$214,827",84:1,https://aflcio.org/paywatch/company-pay-ratios?order=ticker&sort=asc&page=36,2026-07-23T11:11:21.237Z
37,EU,enCore Energy Corp.,"$54,966",20:1,https://aflcio.org/paywatch/company-pay-ratios?order=ticker&sort=asc&page=37,2026-07-23T11:11:21.764Z
37,EVC,Entravision Communications Corp,"$51,500",19:1,https://aflcio.org/paywatch/company-pay-ratios?order=ticker&sort=asc&page=37,2026-07-23T11:11:21.764Z
37,EVH,"Evolent Health, Inc.","$87,719",127:1,https://aflcio.org/paywatch/company-pay-ratios?order=ticker&sort=asc&page=37,2026-07-23T11:11:21.764Z
37,EVRG,Evergy Inc,"$144,061",50:1,https://aflcio.org/paywatch/company-pay-ratios?order=ticker&sort=asc&page=37,2026-07-23T11:11:21.764Z
37,EVRI,Everi Holdings Inc.,"$91,317",34:1,https://aflcio.org/paywatch/company-pay-ratios?order=ticker&sort=asc&page=37,2026-07-23T11:11:21.764Z
37,EVTC,"EVERTEC, Inc.","$26,552",338:1,https://aflcio.org/paywatch/company-pay-ratios?order=ticker&sort=asc&page=37,2026-07-23T11:11:21.764Z
37,EW,Edwards Lifesciences Corp,"$74,125",197:1,https://aflcio.org/paywatch/company-pay-ratios?order=ticker&sort=asc&page=37,2026-07-23T11:11:21.764Z
37,EWBC,East West Bancorp Inc,"$104,121",88:1,https://aflcio.org/paywatch/company-pay-ratios?order=ticker&sort=asc&page=37,2026-07-23T11:11:21.764Z
37,EXAS,Exact Sciences Corp,"$142,608",109:1,https://aflcio.org/paywatch/company-pay-ratios?order=ticker&sort=asc&page=37,2026-07-23T11:11:21.764Z
37,EXC,Exelon Corp,"$146,214",100:1,https://aflcio.org/paywatch/company-pay-ratios?order=ticker&sort=asc&page=37,2026-07-23T11:11:21.764Z
37,EXE,Expand Energy Corp,"$154,646",58:1,https://aflcio.org/paywatch/company-pay-ratios?order=ticker&sort=asc&page=37,2026-07-23T11:11:21.764Z
37,EXEL,"Exelixis, Inc.","$319,050",40:1,https://aflcio.org/paywatch/company-pay-ratios?order=ticker&sort=asc&page=37,2026-07-23T11:11:21.764Z
37,EXLS,"ExlService Holdings, Inc.","$10,890","1,301:1",https://aflcio.org/paywatch/company-pay-ratios?order=ticker&sort=asc&page=37,2026-07-23T11:11:21.764Z
37,EXP,Eagle Materials Inc,"$84,061",96:1,https://aflcio.org/paywatch/company-pay-ratios?order=ticker&sort=asc&page=37,2026-07-23T11:11:21.764Z
37,EXPD,Expeditors International of Washington Inc,"$54,048",150:1,https://aflcio.org/paywatch/company-pay-ratios?order=ticker&sort=asc&page=37,2026-07-23T11:11:21.764Z
37,EXPE,Expedia Group Inc,"$111,666",224:1,https://aflcio.org/paywatch/company-pay-ratios?order=ticker&sort=asc&page=37,2026-07-23T11:11:21.764Z
37,EXPI,"eXp World Holdings, Inc.","$64,030",24:1,https://aflcio.org/paywatch/company-pay-ratios?order=ticker&sort=asc&page=37,2026-07-23T11:11:21.764Z
37,EXPO,Exponent Inc,"$164,704",21:1,https://aflcio.org/paywatch/company-pay-ratios?order=ticker&sort=asc&page=37,2026-07-23T11:11:21.764Z
37,EXR,Extra Space Storage Inc,"$49,160",258:1,https://aflcio.org/paywatch/company-pay-ratios?order=ticker&sort=asc&page=37,2026-07-23T11:11:21.764Z
37,EXTR,Extreme Networks Inc,"$97,911",153:1,https://aflcio.org/paywatch/company-pay-ratios?order=ticker&sort=asc&page=37,2026-07-23T11:11:21.764Z
38,EYE,"National Vision Holdings, Inc.","$30,298",167:1,https://aflcio.org/paywatch/company-pay-ratios?order=ticker&sort=asc&page=38,2026-07-23T11:11:22.270Z
38,F,Ford Motor Co,"$98,273",253:1,https://aflcio.org/paywatch/company-pay-ratios?order=ticker&sort=asc&page=38,2026-07-23T11:11:22.270Z
38,FA,First Advantage Corp,"$5,983",103:1,https://aflcio.org/paywatch/company-pay-ratios?order=ticker&sort=asc&page=38,2026-07-23T11:11:22.270Z
38,FAF,First American Financial Corp,"$63,600",122:1,https://aflcio.org/paywatch/company-pay-ratios?order=ticker&sort=asc&page=38,2026-07-23T11:11:22.270Z
38,FANG,Diamondback Energy Inc,"$181,900",117:1,https://aflcio.org/paywatch/company-pay-ratios?order=ticker&sort=asc&page=38,2026-07-23T11:11:22.270Z
38,FARO,Faro Technologies Inc,"$62,568",64:1,https://aflcio.org/paywatch/company-pay-ratios?order=ticker&sort=asc&page=38,2026-07-23T11:11:22.270Z
38,FAST,Fastenal Co,"$48,037",35:1,https://aflcio.org/paywatch/company-pay-ratios?order=ticker&sort=asc&page=38,2026-07-23T11:11:22.270Z
38,FBIN,"Fortune Brands Innovations, Inc.","$55,651",212:1,https://aflcio.org/paywatch/company-pay-ratios?order=ticker&sort=asc&page=38,2026-07-23T11:11:22.270Z
38,FBIZ,"First Business Financial Services, Inc.","$109,730",11:1,https://aflcio.org/paywatch/company-pay-ratios?order=ticker&sort=asc&page=38,2026-07-23T11:11:22.270Z
38,FBK,FB Financial Corp,"$72,228",54:1,https://aflcio.org/paywatch/company-pay-ratios?order=ticker&sort=asc&page=38,2026-07-23T11:11:22.270Z
38,FBMS,First Bancshares Inc,"$46,777",57:1,https://aflcio.org/paywatch/company-pay-ratios?order=ticker&sort=asc&page=38,2026-07-23T11:11:22.270Z
38,FBNC,First Bancorp,"$54,006",24:1,https://aflcio.org/paywatch/company-pay-ratios?order=ticker&sort=asc&page=38,2026-07-23T11:11:22.270Z
38,FBP,First Bancorp,"$39,647",120:1,https://aflcio.org/paywatch/company-pay-ratios?order=ticker&sort=asc&page=38,2026-07-23T11:11:22.270Z
38,FC,Franklin Covey Co,"$93,656",32:1,https://aflcio.org/paywatch/company-pay-ratios?order=ticker&sort=asc&page=38,2026-07-23T11:11:22.270Z
38,FCEL,Fuelcell Energy Inc,"$105,740",39:1,https://aflcio.org/paywatch/company-pay-ratios?order=ticker&sort=asc&page=38,2026-07-23T11:11:22.270Z
38,FCFS,"FirstCash Holdings, Inc.","$11,597","1,041:1",https://aflcio.org/paywatch/company-pay-ratios?order=ticker&sort=asc&page=38,2026-07-23T11:11:22.270Z
38,FCN,"Fti Consulting, Inc","$143,042",63:1,https://aflcio.org/paywatch/company-pay-ratios?order=ticker&sort=asc&page=38,2026-07-23T11:11:22.270Z
38,FCNCA,First Citizens Bancshares Inc,"$111,023",99:1,https://aflcio.org/paywatch/company-pay-ratios?order=ticker&sort=asc&page=38,2026-07-23T11:11:22.270Z
38,FCPT,"Four Corners Property Trust, Inc.","$20,619",224:1,https://aflcio.org/paywatch/company-pay-ratios?order=ticker&sort=asc&page=38,2026-07-23T11:11:22.270Z
38,FCX,Freeport-McMoRan Inc,"$98,257",228:1,https://aflcio.org/paywatch/company-pay-ratios?order=ticker&sort=asc&page=38,2026-07-23T11:11:22.270Z
39,FDP,Fresh Del Monte Produce Inc,"$7,965","1,112:1",https://aflcio.org/paywatch/company-pay-ratios?order=ticker&sort=asc&page=39,2026-07-23T11:11:22.757Z
39,FDS,FactSet Research Systems Inc,"$17,171",442:1,https://aflcio.org/paywatch/company-pay-ratios?order=ticker&sort=asc&page=39,2026-07-23T11:11:22.757Z
39,FDX,FedEx Corp,"$42,990",288:1,https://aflcio.org/paywatch/company-pay-ratios?order=ticker&sort=asc&page=39,2026-07-23T11:11:22.757Z
39,FE,FirstEnergy Corp,"$118,994",100:1,https://aflcio.org/paywatch/company-pay-ratios?order=ticker&sort=asc&page=39,2026-07-23T11:11:22.757Z
39,FELE,Franklin Electric Co Inc,"$25,477",286:1,https://aflcio.org/paywatch/company-pay-ratios?order=ticker&sort=asc&page=39,2026-07-23T11:11:22.757Z
39,FF,FutureFuel Corp.,"$70,819",9:1,https://aflcio.org/paywatch/company-pay-ratios?order=ticker&sort=asc&page=39,2026-07-23T11:11:22.757Z
39,FFBC,First Financial Bancorp,"$73,906",44:1,https://aflcio.org/paywatch/company-pay-ratios?order=ticker&sort=asc&page=39,2026-07-23T11:11:22.757Z
39,FFIC,Flushing Financial Corp,"$80,472",30:1,https://aflcio.org/paywatch/company-pay-ratios?order=ticker&sort=asc&page=39,2026-07-23T11:11:22.757Z
39,FFIN,First Financial Bankshares Inc,"$52,000",68:1,https://aflcio.org/paywatch/company-pay-ratios?order=ticker&sort=asc&page=39,2026-07-23T11:11:22.757Z
39,FFIV,F5 Inc,"$156,076",116:1,https://aflcio.org/paywatch/company-pay-ratios?order=ticker&sort=asc&page=39,2026-07-23T11:11:22.757Z
39,FFWM,First Foundation Inc.,"$90,000",55:1,https://aflcio.org/paywatch/company-pay-ratios?order=ticker&sort=asc&page=39,2026-07-23T11:11:22.757Z
39,FHB,"First Hawaiian, Inc.","$62,668",86:1,https://aflcio.org/paywatch/company-pay-ratios?order=ticker&sort=asc&page=39,2026-07-23T11:11:22.757Z
39,FHI,"Federated Hermes, Inc.","$119,732",58:1,https://aflcio.org/paywatch/company-pay-ratios?order=ticker&sort=asc&page=39,2026-07-23T11:11:22.757Z
39,FHN,First Horizon Corp,"$79,790",118:1,https://aflcio.org/paywatch/company-pay-ratios?order=ticker&sort=asc&page=39,2026-07-23T11:11:22.757Z
39,FI,Fiserv Inc,"$85,817",277:1,https://aflcio.org/paywatch/company-pay-ratios?order=ticker&sort=asc&page=39,2026-07-23T11:11:22.757Z
39,FIBK,First Interstate Bancsystem Inc,"$64,398",68:1,https://aflcio.org/paywatch/company-pay-ratios?order=ticker&sort=asc&page=39,2026-07-23T11:11:22.757Z
39,FICO,Fair Isaac Corp,"$98,934",357:1,https://aflcio.org/paywatch/company-pay-ratios?order=ticker&sort=asc&page=39,2026-07-23T11:11:22.757Z
39,FIGS,"FIGS, Inc.","$122,553",40:1,https://aflcio.org/paywatch/company-pay-ratios?order=ticker&sort=asc&page=39,2026-07-23T11:11:22.757Z
39,FIS,Fidelity National Information Services Inc,"$45,447",467:1,https://aflcio.org/paywatch/company-pay-ratios?order=ticker&sort=asc&page=39,2026-07-23T11:11:22.757Z
39,FISI,Financial Institutions Inc,"$60,967",23:1,https://aflcio.org/paywatch/company-pay-ratios?order=ticker&sort=asc&page=39,2026-07-23T11:11:22.757Z
40,FITB,Fifth Third Bancorp,"$70,185",144:1,https://aflcio.org/paywatch/company-pay-ratios?order=ticker&sort=asc&page=40,2026-07-23T11:11:23.333Z
40,FIVE,"Five Below, Inc","$5,615","1,126:1",https://aflcio.org/paywatch/company-pay-ratios?order=ticker&sort=asc&page=40,2026-07-23T11:11:23.333Z
40,FIVN,"Five9, Inc.","$147,350",81:1,https://aflcio.org/paywatch/company-pay-ratios?order=ticker&sort=asc&page=40,2026-07-23T11:11:23.333Z
40,FIX,Comfort Systems Usa Inc,"$59,611",137:1,https://aflcio.org/paywatch/company-pay-ratios?order=ticker&sort=asc&page=40,2026-07-23T11:11:23.333Z
40,FIZZ,National Beverage Corp,"$70,526",169:1,https://aflcio.org/paywatch/company-pay-ratios?order=ticker&sort=asc&page=40,2026-07-23T11:11:23.333Z
40,FL,"Foot Locker, Inc.","$11,841","1,056:1",https://aflcio.org/paywatch/company-pay-ratios?order=ticker&sort=asc&page=40,2026-07-23T11:11:23.333Z
40,FLG,"Flagstar Financial, Inc.","$74,960",464:1,https://aflcio.org/paywatch/company-pay-ratios?order=ticker&sort=asc&page=40,2026-07-23T11:11:23.333Z
40,FLGT,"Fulgent Genetics, Inc.","$66,428",92:1,https://aflcio.org/paywatch/company-pay-ratios?order=ticker&sort=asc&page=40,2026-07-23T11:11:23.333Z
40,FLIC,First Of Long Island Corp,"$75,335",23:1,https://aflcio.org/paywatch/company-pay-ratios?order=ticker&sort=asc&page=40,2026-07-23T11:11:23.333Z
40,FLNC,"Fluence Energy, Inc.","$138,416",48:1,https://aflcio.org/paywatch/company-pay-ratios?order=ticker&sort=asc&page=40,2026-07-23T11:11:23.333Z
40,FLO,Flowers Foods Inc,"$61,778",129:1,https://aflcio.org/paywatch/company-pay-ratios?order=ticker&sort=asc&page=40,2026-07-23T11:11:23.333Z
40,FLR,Fluor Corp,"$89,547",180:1,https://aflcio.org/paywatch/company-pay-ratios?order=ticker&sort=asc&page=40,2026-07-23T11:11:23.333Z
40,FLS,Flowserve Corp,"$72,410",147:1,https://aflcio.org/paywatch/company-pay-ratios?order=ticker&sort=asc&page=40,2026-07-23T11:11:23.333Z
40,FLWS,1 800 Flowers Com Inc,"$44,709",182:1,https://aflcio.org/paywatch/company-pay-ratios?order=ticker&sort=asc&page=40,2026-07-23T11:11:23.333Z
40,FLYW,Flywire Corp,"$121,845",82:1,https://aflcio.org/paywatch/company-pay-ratios?order=ticker&sort=asc&page=40,2026-07-23T11:11:23.333Z
40,FLYY,"Spirit Aviation Holdings, Inc.","$80,071",102:1,https://aflcio.org/paywatch/company-pay-ratios?order=ticker&sort=asc&page=40,2026-07-23T11:11:23.333Z
40,FMAO,Farmers & Merchants Bancorp Inc,"$49,512",18:1,https://aflcio.org/paywatch/company-pay-ratios?order=ticker&sort=asc&page=40,2026-07-23T11:11:23.333Z
40,FMBH,"First Mid Bancshares, Inc.","$44,877",36:1,https://aflcio.org/paywatch/company-pay-ratios?order=ticker&sort=asc&page=40,2026-07-23T11:11:23.333Z
40,FMC,Fmc Corp,"$52,393",229:1,https://aflcio.org/paywatch/company-pay-ratios?order=ticker&sort=asc&page=40,2026-07-23T11:11:23.333Z
40,FMNB,Farmers National Banc Corp,"$57,197",25:1,https://aflcio.org/paywatch/company-pay-ratios?order=ticker&sort=asc&page=40,2026-07-23T11:11:23.333Z
41,FN,Fabrinet,"$8,826","1,256:1",https://aflcio.org/paywatch/company-pay-ratios?order=ticker&sort=asc&page=41,2026-07-23T11:11:23.877Z
41,FNA,"Paragon 28, Inc.","$83,781",58:1,https://aflcio.org/paywatch/company-pay-ratios?order=ticker&sort=asc&page=41,2026-07-23T11:11:23.877Z
41,FNB,Fnb Corp,"$77,518",94:1,https://aflcio.org/paywatch/company-pay-ratios?order=ticker&sort=asc&page=41,2026-07-23T11:11:23.877Z
41,FND,"Floor & Decor Holdings, Inc.","$34,263",246:1,https://aflcio.org/paywatch/company-pay-ratios?order=ticker&sort=asc&page=41,2026-07-23T11:11:23.877Z
41,FNF,"Fidelity National Financial, Inc.","$80,982",130:1,https://aflcio.org/paywatch/company-pay-ratios?order=ticker&sort=asc&page=41,2026-07-23T11:11:23.877Z
41,FNKO,"Funko, Inc.","$52,810",125:1,https://aflcio.org/paywatch/company-pay-ratios?order=ticker&sort=asc&page=41,2026-07-23T11:11:23.877Z
41,FNLC,"First Bancorp, Inc","$65,970",20:1,https://aflcio.org/paywatch/company-pay-ratios?order=ticker&sort=asc&page=41,2026-07-23T11:11:23.877Z
41,FOLD,"Amicus Therapeutics, Inc.","$259,999",33:1,https://aflcio.org/paywatch/company-pay-ratios?order=ticker&sort=asc&page=41,2026-07-23T11:11:23.877Z
41,FOR,Forestar Group Inc.,"$153,932",19:1,https://aflcio.org/paywatch/company-pay-ratios?order=ticker&sort=asc&page=41,2026-07-23T11:11:23.877Z
41,FORM,Formfactor Inc,"$86,969",61:1,https://aflcio.org/paywatch/company-pay-ratios?order=ticker&sort=asc&page=41,2026-07-23T11:11:23.877Z
41,FORR,"Forrester Research, Inc.","$123,939",1:1,https://aflcio.org/paywatch/company-pay-ratios?order=ticker&sort=asc&page=41,2026-07-23T11:11:23.877Z
41,FOUR,"Shift4 Payments, Inc.","$59,200",160:1,https://aflcio.org/paywatch/company-pay-ratios?order=ticker&sort=asc&page=41,2026-07-23T11:11:23.877Z
41,FOX,Fox Corp,"$89,068",267:1,https://aflcio.org/paywatch/company-pay-ratios?order=ticker&sort=asc&page=41,2026-07-23T11:11:23.877Z
41,FOXF,Fox Factory Holding Corp,"$42,299",177:1,https://aflcio.org/paywatch/company-pay-ratios?order=ticker&sort=asc&page=41,2026-07-23T11:11:23.877Z
41,FPH,"Five Point Holdings, LLC","$185,572",23:1,https://aflcio.org/paywatch/company-pay-ratios?order=ticker&sort=asc&page=41,2026-07-23T11:11:23.877Z
41,FR,First Industrial Realty Trust Inc,"$152,152",43:1,https://aflcio.org/paywatch/company-pay-ratios?order=ticker&sort=asc&page=41,2026-07-23T11:11:23.877Z
41,FRHC,Freedom Holding Corp.,"$6,498","1,307:1",https://aflcio.org/paywatch/company-pay-ratios?order=ticker&sort=asc&page=41,2026-07-23T11:11:23.877Z
41,FRME,First Merchants Corp,"$59,144",35:1,https://aflcio.org/paywatch/company-pay-ratios?order=ticker&sort=asc&page=41,2026-07-23T11:11:23.877Z
41,FROG,JFrog Ltd,"$213,228",48:1,https://aflcio.org/paywatch/company-pay-ratios?order=ticker&sort=asc&page=41,2026-07-23T11:11:23.877Z
41,FRSH,Freshworks Inc.,"$42,134",357:1,https://aflcio.org/paywatch/company-pay-ratios?order=ticker&sort=asc&page=41,2026-07-23T11:11:23.877Z
42,FRST,Primis Financial Corp.,"$57,831",13:1,https://aflcio.org/paywatch/company-pay-ratios?order=ticker&sort=asc&page=42,2026-07-23T11:11:24.416Z
42,FRT,Federal Realty Investment Trust,"$137,925",67:1,https://aflcio.org/paywatch/company-pay-ratios?order=ticker&sort=asc&page=42,2026-07-23T11:11:24.416Z
42,FSBW,"FS Bancorp, Inc.","$57,107",27:1,https://aflcio.org/paywatch/company-pay-ratios?order=ticker&sort=asc&page=42,2026-07-23T11:11:24.416Z
42,FSLR,First Solar Inc,"$37,440",171:1,https://aflcio.org/paywatch/company-pay-ratios?order=ticker&sort=asc&page=42,2026-07-23T11:11:24.416Z
42,FSLY,"Fastly, Inc.","$213,562",35:1,https://aflcio.org/paywatch/company-pay-ratios?order=ticker&sort=asc&page=42,2026-07-23T11:11:24.416Z
42,FSP,Franklin Street Properties Corp,"$225,587",1:1,https://aflcio.org/paywatch/company-pay-ratios?order=ticker&sort=asc&page=42,2026-07-23T11:11:24.416Z
42,FSS,Federal Signal Corp,"$75,480",100:1,https://aflcio.org/paywatch/company-pay-ratios?order=ticker&sort=asc&page=42,2026-07-23T11:11:24.416Z
42,FSTR,Foster L B Co,"$73,739",41:1,https://aflcio.org/paywatch/company-pay-ratios?order=ticker&sort=asc&page=42,2026-07-23T11:11:24.416Z
42,FTAI,FTAI Aviation Ltd.,"$72,245",369:1,https://aflcio.org/paywatch/company-pay-ratios?order=ticker&sort=asc&page=42,2026-07-23T11:11:24.416Z
42,FTDR,"Frontdoor, Inc.","$89,235",95:1,https://aflcio.org/paywatch/company-pay-ratios?order=ticker&sort=asc&page=42,2026-07-23T11:11:24.416Z
42,FTI,TechnipFMC plc,"$119,934",138:1,https://aflcio.org/paywatch/company-pay-ratios?order=ticker&sort=asc&page=42,2026-07-23T11:11:24.416Z
42,FTNT,Fortinet Inc,"$124,517",105:1,https://aflcio.org/paywatch/company-pay-ratios?order=ticker&sort=asc&page=42,2026-07-23T11:11:24.416Z
42,FTRE,Fortrea Holdings Inc.,"$61,175",28:1,https://aflcio.org/paywatch/company-pay-ratios?order=ticker&sort=asc&page=42,2026-07-23T11:11:24.416Z
42,FTV,Fortive Corp,"$82,000",223:1,https://aflcio.org/paywatch/company-pay-ratios?order=ticker&sort=asc&page=42,2026-07-23T11:11:24.416Z
42,FUBO,fuboTV Inc.,"$159,252",50:1,https://aflcio.org/paywatch/company-pay-ratios?order=ticker&sort=asc&page=42,2026-07-23T11:11:24.416Z
42,FUL,Fuller H B Co,"$64,828",121:1,https://aflcio.org/paywatch/company-pay-ratios?order=ticker&sort=asc&page=42,2026-07-23T11:11:24.416Z
42,FULT,Fulton Financial Corp,"$68,288",48:1,https://aflcio.org/paywatch/company-pay-ratios?order=ticker&sort=asc&page=42,2026-07-23T11:11:24.416Z
42,FWONK,Liberty Media Corp,"$95,041",256:1,https://aflcio.org/paywatch/company-pay-ratios?order=ticker&sort=asc&page=42,2026-07-23T11:11:24.416Z
42,FWRD,Forward Air Corp,"$38,794",123:1,https://aflcio.org/paywatch/company-pay-ratios?order=ticker&sort=asc&page=42,2026-07-23T11:11:24.416Z
42,FYBR,"Frontier Communications Parent, Inc.","$102,807",121:1,https://aflcio.org/paywatch/company-pay-ratios?order=ticker&sort=asc&page=42,2026-07-23T11:11:24.416Z
43,G,Genpact LTD,"$38,868",279:1,https://aflcio.org/paywatch/company-pay-ratios?order=ticker&sort=asc&page=43,2026-07-23T11:11:24.890Z
43,GABC,"German American Bancorp, Inc.","$48,242",34:1,https://aflcio.org/paywatch/company-pay-ratios?order=ticker&sort=asc&page=43,2026-07-23T11:11:24.890Z
43,GAP,Gap Inc,"$9,229","2,105:1",https://aflcio.org/paywatch/company-pay-ratios?order=ticker&sort=asc&page=43,2026-07-23T11:11:24.890Z
43,GATX,Gatx Corp,"$74,025",92:1,https://aflcio.org/paywatch/company-pay-ratios?order=ticker&sort=asc&page=43,2026-07-23T11:11:24.890Z
43,GBCI,"Glacier Bancorp, Inc.","$59,641",49:1,https://aflcio.org/paywatch/company-pay-ratios?order=ticker&sort=asc&page=43,2026-07-23T11:11:24.890Z
43,GBIO,Generation Bio Co.,"$218,104",8:1,https://aflcio.org/paywatch/company-pay-ratios?order=ticker&sort=asc&page=43,2026-07-23T11:11:24.890Z
43,GBLI,"Global Indemnity Group, LLC","$104,241",39:1,https://aflcio.org/paywatch/company-pay-ratios?order=ticker&sort=asc&page=43,2026-07-23T11:11:24.890Z
43,GBX,Greenbrier Companies Inc,"$16,419",396:1,https://aflcio.org/paywatch/company-pay-ratios?order=ticker&sort=asc&page=43,2026-07-23T11:11:24.890Z
43,GCI,"Gannett Co., Inc.","$55,682",81:1,https://aflcio.org/paywatch/company-pay-ratios?order=ticker&sort=asc&page=43,2026-07-23T11:11:24.890Z
43,GCMG,GCM Grosvenor Inc.,"$202,083",27:1,https://aflcio.org/paywatch/company-pay-ratios?order=ticker&sort=asc&page=43,2026-07-23T11:11:24.890Z
43,GCO,Genesco Inc,"$6,668",778:1,https://aflcio.org/paywatch/company-pay-ratios?order=ticker&sort=asc&page=43,2026-07-23T11:11:24.890Z
43,GCT,GigaCloud Technology Inc,"$24,855",140:1,https://aflcio.org/paywatch/company-pay-ratios?order=ticker&sort=asc&page=43,2026-07-23T11:11:24.890Z
43,GD,General Dynamics Corp,"$99,445",239:1,https://aflcio.org/paywatch/company-pay-ratios?order=ticker&sort=asc&page=43,2026-07-23T11:11:24.890Z
43,GDDY,GoDaddy Inc,"$114,302",170:1,https://aflcio.org/paywatch/company-pay-ratios?order=ticker&sort=asc&page=43,2026-07-23T11:11:24.890Z
43,GDEN,"Golden Entertainment, Inc.","$34,783",155:1,https://aflcio.org/paywatch/company-pay-ratios?order=ticker&sort=asc&page=43,2026-07-23T11:11:24.890Z
43,GDOT,Green Dot Corp,"$104,429",78:1,https://aflcio.org/paywatch/company-pay-ratios?order=ticker&sort=asc&page=43,2026-07-23T11:11:24.890Z
43,GDYN,"Grid Dynamics Holdings, Inc.","$54,452",483:1,https://aflcio.org/paywatch/company-pay-ratios?order=ticker&sort=asc&page=43,2026-07-23T11:11:24.890Z
43,GE,General Electric Co,"$69,553","1,279:1",https://aflcio.org/paywatch/company-pay-ratios?order=ticker&sort=asc&page=43,2026-07-23T11:11:24.890Z
43,GEF,"Greif, Inc","$56,026",152:1,https://aflcio.org/paywatch/company-pay-ratios?order=ticker&sort=asc&page=43,2026-07-23T11:11:24.890Z
43,GEHC,GE HealthCare Technologies Inc,"$73,078",267:1,https://aflcio.org/paywatch/company-pay-ratios?order=ticker&sort=asc&page=43,2026-07-23T11:11:24.890Z
44,GEL,Genesis Energy Lp,"$145,588",67:1,https://aflcio.org/paywatch/company-pay-ratios?order=ticker&sort=asc&page=44,2026-07-23T11:11:25.361Z
44,GEN,Gen Digital Inc,"$81,892",188:1,https://aflcio.org/paywatch/company-pay-ratios?order=ticker&sort=asc&page=44,2026-07-23T11:11:25.361Z
44,GEO,Geo Group Inc,"$52,291",107:1,https://aflcio.org/paywatch/company-pay-ratios?order=ticker&sort=asc&page=44,2026-07-23T11:11:25.361Z
44,GERN,Geron Corp,"$398,232",15:1,https://aflcio.org/paywatch/company-pay-ratios?order=ticker&sort=asc&page=44,2026-07-23T11:11:25.361Z
44,GES,Guess Inc,"$16,415",570:1,https://aflcio.org/paywatch/company-pay-ratios?order=ticker&sort=asc&page=44,2026-07-23T11:11:25.361Z
44,GEVO,"Gevo, Inc.","$166,000",18:1,https://aflcio.org/paywatch/company-pay-ratios?order=ticker&sort=asc&page=44,2026-07-23T11:11:25.361Z
44,GFF,Griffon Corp,"$54,402",304:1,https://aflcio.org/paywatch/company-pay-ratios?order=ticker&sort=asc&page=44,2026-07-23T11:11:25.361Z
44,GGG,Graco Inc,"$79,312",105:1,https://aflcio.org/paywatch/company-pay-ratios?order=ticker&sort=asc&page=44,2026-07-23T11:11:25.361Z
44,GH,"Guardant Health, Inc.","$215,141",54:1,https://aflcio.org/paywatch/company-pay-ratios?order=ticker&sort=asc&page=44,2026-07-23T11:11:25.361Z
44,GHC,Graham Holdings Co,"$54,484",72:1,https://aflcio.org/paywatch/company-pay-ratios?order=ticker&sort=asc&page=44,2026-07-23T11:11:25.361Z
44,GIC,Global Industrial Co,"$52,988",43:1,https://aflcio.org/paywatch/company-pay-ratios?order=ticker&sort=asc&page=44,2026-07-23T11:11:25.361Z
44,GIII,G Iii Apparel Group Ltd,"$29,459",565:1,https://aflcio.org/paywatch/company-pay-ratios?order=ticker&sort=asc&page=44,2026-07-23T11:11:25.361Z
44,GILD,Gilead Sciences Inc,"$244,296",97:1,https://aflcio.org/paywatch/company-pay-ratios?order=ticker&sort=asc&page=44,2026-07-23T11:11:25.361Z
44,GIS,General Mills Inc,"$70,425",228:1,https://aflcio.org/paywatch/company-pay-ratios?order=ticker&sort=asc&page=44,2026-07-23T11:11:25.361Z
44,GKOS,GLAUKOS Corp,"$173,127",52:1,https://aflcio.org/paywatch/company-pay-ratios?order=ticker&sort=asc&page=44,2026-07-23T11:11:25.361Z
44,GL,Globe Life Inc,"$56,413",155:1,https://aflcio.org/paywatch/company-pay-ratios?order=ticker&sort=asc&page=44,2026-07-23T11:11:25.361Z
44,GLDD,Great Lakes Dredge & Dock CORP,"$98,792",46:1,https://aflcio.org/paywatch/company-pay-ratios?order=ticker&sort=asc&page=44,2026-07-23T11:11:25.361Z
44,GLPI,"Gaming & Leisure Properties, Inc.","$436,837",34:1,https://aflcio.org/paywatch/company-pay-ratios?order=ticker&sort=asc&page=44,2026-07-23T11:11:25.361Z
44,GLRE,"Greenlight Capital Re, Ltd.","$171,878",13:1,https://aflcio.org/paywatch/company-pay-ratios?order=ticker&sort=asc&page=44,2026-07-23T11:11:25.361Z
44,GLW,Corning Inc,"$48,747",445:1,https://aflcio.org/paywatch/company-pay-ratios?order=ticker&sort=asc&page=44,2026-07-23T11:11:25.361Z
45,GM,General Motors Co,"$95,111",310:1,https://aflcio.org/paywatch/company-pay-ratios?order=ticker&sort=asc&page=45,2026-07-23T11:11:25.891Z
45,GME,GameStop Corp.,"$14,726",18:1,https://aflcio.org/paywatch/company-pay-ratios?order=ticker&sort=asc&page=45,2026-07-23T11:11:25.891Z
45,GMED,Globus Medical Inc,"$95,497",51:1,https://aflcio.org/paywatch/company-pay-ratios?order=ticker&sort=asc&page=45,2026-07-23T11:11:25.891Z
45,GMRE,Global Medical REIT Inc.,"$232,500",10:1,https://aflcio.org/paywatch/company-pay-ratios?order=ticker&sort=asc&page=45,2026-07-23T11:11:25.891Z
45,GMS,GMS Inc.,"$69,855",74:1,https://aflcio.org/paywatch/company-pay-ratios?order=ticker&sort=asc&page=45,2026-07-23T11:11:25.891Z
45,GNK,Genco Shipping & Trading Ltd,"$31,433",126:1,https://aflcio.org/paywatch/company-pay-ratios?order=ticker&sort=asc&page=45,2026-07-23T11:11:25.891Z
45,GNL,"Global Net Lease, Inc.","$138,560",37:1,https://aflcio.org/paywatch/company-pay-ratios?order=ticker&sort=asc&page=45,2026-07-23T11:11:25.891Z
45,GNRC,Generac Holdings Inc,"$76,612",122:1,https://aflcio.org/paywatch/company-pay-ratios?order=ticker&sort=asc&page=45,2026-07-23T11:11:25.891Z
45,GNTX,Gentex Corp,"$55,950",85:1,https://aflcio.org/paywatch/company-pay-ratios?order=ticker&sort=asc&page=45,2026-07-23T11:11:25.891Z
45,GNTY,Guaranty Bancshares Inc,"$50,908",26:1,https://aflcio.org/paywatch/company-pay-ratios?order=ticker&sort=asc&page=45,2026-07-23T11:11:25.891Z
45,GNW,Genworth Financial Inc,"$99,838",97:1,https://aflcio.org/paywatch/company-pay-ratios?order=ticker&sort=asc&page=45,2026-07-23T11:11:25.891Z
45,GO,Grocery Outlet Holding Corp.,"$33,799",280:1,https://aflcio.org/paywatch/company-pay-ratios?order=ticker&sort=asc&page=45,2026-07-23T11:11:25.891Z
45,GOGO,Gogo Inc.,"$128,408",166:1,https://aflcio.org/paywatch/company-pay-ratios?order=ticker&sort=asc&page=45,2026-07-23T11:11:25.891Z
45,GOLF,Acushnet Holdings Corp.,"$14,973",651:1,https://aflcio.org/paywatch/company-pay-ratios?order=ticker&sort=asc&page=45,2026-07-23T11:11:25.891Z
45,GOOGL,Alphabet Inc,"$331,894",32:1,https://aflcio.org/paywatch/company-pay-ratios?order=ticker&sort=asc&page=45,2026-07-23T11:11:25.891Z
45,GPC,Genuine Parts Co,"$38,901",213:1,https://aflcio.org/paywatch/company-pay-ratios?order=ticker&sort=asc&page=45,2026-07-23T11:11:25.891Z
45,GPI,Group 1 Automotive Inc,"$60,332",144:1,https://aflcio.org/paywatch/company-pay-ratios?order=ticker&sort=asc&page=45,2026-07-23T11:11:25.891Z
45,GPK,Graphic Packaging Holding Co,"$53,042",177:1,https://aflcio.org/paywatch/company-pay-ratios?order=ticker&sort=asc&page=45,2026-07-23T11:11:25.891Z
45,GPMT,Granite Point Mortgage Trust Inc.,"$369,571",12:1,https://aflcio.org/paywatch/company-pay-ratios?order=ticker&sort=asc&page=45,2026-07-23T11:11:25.891Z
45,GPN,Global Payments Inc,"$62,410",276:1,https://aflcio.org/paywatch/company-pay-ratios?order=ticker&sort=asc&page=45,2026-07-23T11:11:25.891Z
46,GPOR,Gulfport Energy Corp,"$124,161",72:1,https://aflcio.org/paywatch/company-pay-ratios?order=ticker&sort=asc&page=46,2026-07-23T11:11:26.464Z
46,GPRE,Green Plains Inc.,"$106,136",57:1,https://aflcio.org/paywatch/company-pay-ratios?order=ticker&sort=asc&page=46,2026-07-23T11:11:26.464Z
46,GPRO,"GoPro, Inc.","$126,932",22:1,https://aflcio.org/paywatch/company-pay-ratios?order=ticker&sort=asc&page=46,2026-07-23T11:11:26.464Z
46,GRBK,"Green Brick Partners, Inc.","$131,055",62:1,https://aflcio.org/paywatch/company-pay-ratios?order=ticker&sort=asc&page=46,2026-07-23T11:11:26.464Z
46,GRC,Gorman Rupp Co,"$65,837",29:1,https://aflcio.org/paywatch/company-pay-ratios?order=ticker&sort=asc&page=46,2026-07-23T11:11:26.464Z
46,GRMN,Garmin Ltd,"$49,027",147:1,https://aflcio.org/paywatch/company-pay-ratios?order=ticker&sort=asc&page=46,2026-07-23T11:11:26.464Z
46,GRPN,"Groupon, Inc.","$39,926",477:1,https://aflcio.org/paywatch/company-pay-ratios?order=ticker&sort=asc&page=46,2026-07-23T11:11:26.464Z
46,GS,Goldman Sachs Group Inc,"$162,703",192:1,https://aflcio.org/paywatch/company-pay-ratios?order=ticker&sort=asc&page=46,2026-07-23T11:11:26.464Z
46,GSAT,"Globalstar, Inc.","$99,212",10:1,https://aflcio.org/paywatch/company-pay-ratios?order=ticker&sort=asc&page=46,2026-07-23T11:11:26.464Z
46,GSBC,"Great Southern Bancorp, Inc.","$38,622",41:1,https://aflcio.org/paywatch/company-pay-ratios?order=ticker&sort=asc&page=46,2026-07-23T11:11:26.464Z
46,GSHD,"Goosehead Insurance, Inc.","$52,062",95:1,https://aflcio.org/paywatch/company-pay-ratios?order=ticker&sort=asc&page=46,2026-07-23T11:11:26.464Z
46,GT,Goodyear Tire & Rubber Co,"$51,465",499:1,https://aflcio.org/paywatch/company-pay-ratios?order=ticker&sort=asc&page=46,2026-07-23T11:11:26.464Z
46,GTES,Gates Industrial Corp plc,"$31,644",315:1,https://aflcio.org/paywatch/company-pay-ratios?order=ticker&sort=asc&page=46,2026-07-23T11:11:26.464Z
46,GTLB,Gitlab Inc.,"$193,315",207:1,https://aflcio.org/paywatch/company-pay-ratios?order=ticker&sort=asc&page=46,2026-07-23T11:11:26.464Z
46,GTLS,Chart Industries Inc,"$51,118",150:1,https://aflcio.org/paywatch/company-pay-ratios?order=ticker&sort=asc&page=46,2026-07-23T11:11:26.464Z
46,GTM,ZoomInfo Technologies Inc.,"$123,192",51:1,https://aflcio.org/paywatch/company-pay-ratios?order=ticker&sort=asc&page=46,2026-07-23T11:11:26.464Z
46,GTN,"Gray Media, Inc","$76,385",143:1,https://aflcio.org/paywatch/company-pay-ratios?order=ticker&sort=asc&page=46,2026-07-23T11:11:26.464Z
46,GTX,Garrett Motion Inc.,"$29,274",296:1,https://aflcio.org/paywatch/company-pay-ratios?order=ticker&sort=asc&page=46,2026-07-23T11:11:26.464Z
46,GTY,Getty Realty Corp,"$179,960",14:1,https://aflcio.org/paywatch/company-pay-ratios?order=ticker&sort=asc&page=46,2026-07-23T11:11:26.464Z
46,GVA,Granite Construction Inc,"$155,402",50:1,https://aflcio.org/paywatch/company-pay-ratios?order=ticker&sort=asc&page=46,2026-07-23T11:11:26.464Z
47,GWRE,"Guidewire Software, Inc.","$174,364",65:1,https://aflcio.org/paywatch/company-pay-ratios?order=ticker&sort=asc&page=47,2026-07-23T11:11:27.019Z
47,GWW,WW Grainger Inc,"$67,066",163:1,https://aflcio.org/paywatch/company-pay-ratios?order=ticker&sort=asc&page=47,2026-07-23T11:11:27.019Z
47,GXO,"GXO Logistics, Inc.","$39,444",140:1,https://aflcio.org/paywatch/company-pay-ratios?order=ticker&sort=asc&page=47,2026-07-23T11:11:27.019Z
47,H,Hyatt Hotels Corp,"$47,192",352:1,https://aflcio.org/paywatch/company-pay-ratios?order=ticker&sort=asc&page=47,2026-07-23T11:11:27.019Z
47,HAE,Haemonetics Corp,"$54,635",196:1,https://aflcio.org/paywatch/company-pay-ratios?order=ticker&sort=asc&page=47,2026-07-23T11:11:27.019Z
47,HAFC,Hanmi Financial Corp,"$78,376",29:1,https://aflcio.org/paywatch/company-pay-ratios?order=ticker&sort=asc&page=47,2026-07-23T11:11:27.019Z
47,HAIN,Hain Celestial Group Inc,"$59,837",85:1,https://aflcio.org/paywatch/company-pay-ratios?order=ticker&sort=asc&page=47,2026-07-23T11:11:27.019Z
47,HAL,Halliburton Co,"$83,367",220:1,https://aflcio.org/paywatch/company-pay-ratios?order=ticker&sort=asc&page=47,2026-07-23T11:11:27.019Z
47,HALO,"Halozyme Therapeutics, Inc.","$220,881",58:1,https://aflcio.org/paywatch/company-pay-ratios?order=ticker&sort=asc&page=47,2026-07-23T11:11:27.019Z
47,HAS,Hasbro Inc,"$105,311",160:1,https://aflcio.org/paywatch/company-pay-ratios?order=ticker&sort=asc&page=47,2026-07-23T11:11:27.019Z
47,HASI,"HA Sustainable Infrastructure Capital, Inc.","$252,645",33:1,https://aflcio.org/paywatch/company-pay-ratios?order=ticker&sort=asc&page=47,2026-07-23T11:11:27.019Z
47,HAYW,"Hayward Holdings, Inc.","$76,621",79:1,https://aflcio.org/paywatch/company-pay-ratios?order=ticker&sort=asc&page=47,2026-07-23T11:11:27.019Z
47,HBANP,Huntington Bancshares Inc/OH,"$73,567",136:1,https://aflcio.org/paywatch/company-pay-ratios?order=ticker&sort=asc&page=47,2026-07-23T11:11:27.019Z
47,HBB,Hamilton Beach Brands Holding Co,"$66,447",56:1,https://aflcio.org/paywatch/company-pay-ratios?order=ticker&sort=asc&page=47,2026-07-23T11:11:27.019Z
47,HBCP,"Home Bancorp, Inc.","$62,430",20:1,https://aflcio.org/paywatch/company-pay-ratios?order=ticker&sort=asc&page=47,2026-07-23T11:11:27.019Z
47,HBI,Hanesbrands Inc.,"$6,831","1,893:1",https://aflcio.org/paywatch/company-pay-ratios?order=ticker&sort=asc&page=47,2026-07-23T11:11:27.019Z
47,HBNC,Horizon Bancorp Inc,"$45,159",36:1,https://aflcio.org/paywatch/company-pay-ratios?order=ticker&sort=asc&page=47,2026-07-23T11:11:27.019Z
47,HCA,HCA Healthcare Inc,"$60,820",391:1,https://aflcio.org/paywatch/company-pay-ratios?order=ticker&sort=asc&page=47,2026-07-23T11:11:27.019Z
47,HCAT,"Health Catalyst, Inc.","$119,906",46:1,https://aflcio.org/paywatch/company-pay-ratios?order=ticker&sort=asc&page=47,2026-07-23T11:11:27.019Z
47,HCC,"Warrior Met Coal, Inc.","$138,393",57:1,https://aflcio.org/paywatch/company-pay-ratios?order=ticker&sort=asc&page=47,2026-07-23T11:11:27.019Z
48,HCI,"HCI Group, Inc.","$65,649",308:1,https://aflcio.org/paywatch/company-pay-ratios?order=ticker&sort=asc&page=48,2026-07-23T11:11:27.563Z
48,HCKT,"Hackett Group, Inc.","$85,000",187:1,https://aflcio.org/paywatch/company-pay-ratios?order=ticker&sort=asc&page=48,2026-07-23T11:11:27.563Z
48,HCP,"HashiCorp, Inc.","$225,302",71:1,https://aflcio.org/paywatch/company-pay-ratios?order=ticker&sort=asc&page=48,2026-07-23T11:11:27.563Z
48,HCSG,Healthcare Services Group Inc,"$32,389",145:1,https://aflcio.org/paywatch/company-pay-ratios?order=ticker&sort=asc&page=48,2026-07-23T11:11:27.563Z
48,HD,Home Depot Inc,"$35,196",443:1,https://aflcio.org/paywatch/company-pay-ratios?order=ticker&sort=asc&page=48,2026-07-23T11:11:27.563Z
48,HDSN,Hudson Technologies Inc,"$65,920",16:1,https://aflcio.org/paywatch/company-pay-ratios?order=ticker&sort=asc&page=48,2026-07-23T11:11:27.563Z
48,HE,Hawaiian Electric Industries Inc,"$112,593",58:1,https://aflcio.org/paywatch/company-pay-ratios?order=ticker&sort=asc&page=48,2026-07-23T11:11:27.563Z
48,HEES,"H&E Equipment Services, Inc.","$68,134",71:1,https://aflcio.org/paywatch/company-pay-ratios?order=ticker&sort=asc&page=48,2026-07-23T11:11:27.563Z
48,HEI,Heico Corp,"$57,762",180:1,https://aflcio.org/paywatch/company-pay-ratios?order=ticker&sort=asc&page=48,2026-07-23T11:11:27.563Z
48,HELE,Helen Of Troy Ltd,"$72,735",137:1,https://aflcio.org/paywatch/company-pay-ratios?order=ticker&sort=asc&page=48,2026-07-23T11:11:27.563Z
48,HES,Hess Corp,"$246,101",73:1,https://aflcio.org/paywatch/company-pay-ratios?order=ticker&sort=asc&page=48,2026-07-23T11:11:27.563Z
48,HFFG,HF Foods Group Inc.,"$75,353",32:1,https://aflcio.org/paywatch/company-pay-ratios?order=ticker&sort=asc&page=48,2026-07-23T11:11:27.563Z
48,HFWA,Heritage Financial Corp,"$78,147",20:1,https://aflcio.org/paywatch/company-pay-ratios?order=ticker&sort=asc&page=48,2026-07-23T11:11:27.563Z
48,HG,"Hamilton Insurance Group, Ltd.","$153,415",56:1,https://aflcio.org/paywatch/company-pay-ratios?order=ticker&sort=asc&page=48,2026-07-23T11:11:27.563Z
48,HGV,Hilton Grand Vacations Inc.,"$54,556",257:1,https://aflcio.org/paywatch/company-pay-ratios?order=ticker&sort=asc&page=48,2026-07-23T11:11:27.563Z
48,HHH,Howard Hughes Corp,"$135,084",42:1,https://aflcio.org/paywatch/company-pay-ratios?order=ticker&sort=asc&page=48,2026-07-23T11:11:27.563Z
48,HI,"Hillenbrand, Inc.","$53,798",125:1,https://aflcio.org/paywatch/company-pay-ratios?order=ticker&sort=asc&page=48,2026-07-23T11:11:27.563Z
48,HIG,Hartford Insurance Group Inc,"$101,161",191:1,https://aflcio.org/paywatch/company-pay-ratios?order=ticker&sort=asc&page=48,2026-07-23T11:11:27.563Z
48,HII,Huntington Ingalls Industries Inc,"$77,857",187:1,https://aflcio.org/paywatch/company-pay-ratios?order=ticker&sort=asc&page=48,2026-07-23T11:11:27.563Z
48,HIMS,"Hims & Hers Health, Inc.","$79,728",309:1,https://aflcio.org/paywatch/company-pay-ratios?order=ticker&sort=asc&page=48,2026-07-23T11:11:27.563Z
49,HIW,"Highwoods Properties, Inc.","$95,963",54:1,https://aflcio.org/paywatch/company-pay-ratios?order=ticker&sort=asc&page=49,2026-07-23T11:11:28.008Z
49,HL,Hecla Mining Co,"$106,647",18:1,https://aflcio.org/paywatch/company-pay-ratios?order=ticker&sort=asc&page=49,2026-07-23T11:11:28.008Z
49,HLF,Herbalife Ltd.,"$38,313",345:1,https://aflcio.org/paywatch/company-pay-ratios?order=ticker&sort=asc&page=49,2026-07-23T11:11:28.008Z
49,HLI,"Houlihan Lokey, Inc.","$260,000",25:1,https://aflcio.org/paywatch/company-pay-ratios?order=ticker&sort=asc&page=49,2026-07-23T11:11:28.008Z
49,HLIO,"Helios Technologies, Inc.","$47,980",160:1,https://aflcio.org/paywatch/company-pay-ratios?order=ticker&sort=asc&page=49,2026-07-23T11:11:28.008Z
49,HLIT,Harmonic Inc,"$101,374",85:1,https://aflcio.org/paywatch/company-pay-ratios?order=ticker&sort=asc&page=49,2026-07-23T11:11:28.008Z
49,HLMN,Hillman Solutions Corp.,"$48,345",90:1,https://aflcio.org/paywatch/company-pay-ratios?order=ticker&sort=asc&page=49,2026-07-23T11:11:28.008Z
49,HLNE,Hamilton Lane INC,"$148,320",26:1,https://aflcio.org/paywatch/company-pay-ratios?order=ticker&sort=asc&page=49,2026-07-23T11:11:28.008Z
49,HLT,Hilton Worldwide Holdings Inc,"$48,448",577:1,https://aflcio.org/paywatch/company-pay-ratios?order=ticker&sort=asc&page=49,2026-07-23T11:11:28.008Z
49,HLX,Helix Energy Solutions Group Inc,"$95,480",59:1,https://aflcio.org/paywatch/company-pay-ratios?order=ticker&sort=asc&page=49,2026-07-23T11:11:28.008Z
49,HMN,Horace Mann Educators Corp,"$78,123",105:1,https://aflcio.org/paywatch/company-pay-ratios?order=ticker&sort=asc&page=49,2026-07-23T11:11:28.008Z
49,HNI,Hni Corp,"$73,798",96:1,https://aflcio.org/paywatch/company-pay-ratios?order=ticker&sort=asc&page=49,2026-07-23T11:11:28.008Z
49,HOFT,Hooker Furnishings Corp,"$45,724",36:1,https://aflcio.org/paywatch/company-pay-ratios?order=ticker&sort=asc&page=49,2026-07-23T11:11:28.008Z
49,HOG,"Harley-Davidson, Inc.","$75,036",122:1,https://aflcio.org/paywatch/company-pay-ratios?order=ticker&sort=asc&page=49,2026-07-23T11:11:28.008Z
49,HOLX,Hologic Inc,"$91,871",172:1,https://aflcio.org/paywatch/company-pay-ratios?order=ticker&sort=asc&page=49,2026-07-23T11:11:28.008Z
49,HOMB,Home Bancshares Inc,"$40,733",151:1,https://aflcio.org/paywatch/company-pay-ratios?order=ticker&sort=asc&page=49,2026-07-23T11:11:28.008Z
49,HON,Honeywell International Inc,"$79,090",231:1,https://aflcio.org/paywatch/company-pay-ratios?order=ticker&sort=asc&page=49,2026-07-23T11:11:28.008Z
49,HONE,"HarborOne Bancorp, Inc.","$94,882",21:1,https://aflcio.org/paywatch/company-pay-ratios?order=ticker&sort=asc&page=49,2026-07-23T11:11:28.008Z
49,HOOD,"Robinhood Markets, Inc.","$285,061",7:1,https://aflcio.org/paywatch/company-pay-ratios?order=ticker&sort=asc&page=49,2026-07-23T11:11:28.008Z
49,HOPE,Hope Bancorp Inc,"$73,454",45:1,https://aflcio.org/paywatch/company-pay-ratios?order=ticker&sort=asc&page=49,2026-07-23T11:11:28.008Z
50,HOUS,Anywhere Real Estate Inc.,"$76,794",107:1,https://aflcio.org/paywatch/company-pay-ratios?order=ticker&sort=asc&page=50,2026-07-23T11:11:28.500Z
50,HOV,Hovnanian Enterprises Inc,"$116,316",113:1,https://aflcio.org/paywatch/company-pay-ratios?order=ticker&sort=asc&page=50,2026-07-23T11:11:28.500Z
50,HP,"Helmerich & Payne, Inc.","$84,377",111:1,https://aflcio.org/paywatch/company-pay-ratios?order=ticker&sort=asc&page=50,2026-07-23T11:11:28.500Z
50,HPE,Hewlett Packard Enterprise Co,"$66,886",320:1,https://aflcio.org/paywatch/company-pay-ratios?order=ticker&sort=asc&page=50,2026-07-23T11:11:28.500Z
50,HPP,"Hudson Pacific Properties, Inc.","$73,775",336:1,https://aflcio.org/paywatch/company-pay-ratios?order=ticker&sort=asc&page=50,2026-07-23T11:11:28.500Z
50,HPQ,HP Inc,"$69,571",278:1,https://aflcio.org/paywatch/company-pay-ratios?order=ticker&sort=asc&page=50,2026-07-23T11:11:28.500Z
50,HQY,"Healthequity, Inc.","$77,381",174:1,https://aflcio.org/paywatch/company-pay-ratios?order=ticker&sort=asc&page=50,2026-07-23T11:11:28.500Z
50,HR,Healthcare Realty Trust Inc,"$84,989",39:1,https://aflcio.org/paywatch/company-pay-ratios?order=ticker&sort=asc&page=50,2026-07-23T11:11:28.500Z
50,HRB,H&R Block Inc,"$23,798",415:1,https://aflcio.org/paywatch/company-pay-ratios?order=ticker&sort=asc&page=50,2026-07-23T11:11:28.500Z
50,HRI,Herc Holdings Inc,"$89,640",77:1,https://aflcio.org/paywatch/company-pay-ratios?order=ticker&sort=asc&page=50,2026-07-23T11:11:28.500Z
50,HRL,Hormel Foods Corp,"$54,929",148:1,https://aflcio.org/paywatch/company-pay-ratios?order=ticker&sort=asc&page=50,2026-07-23T11:11:28.500Z
50,HRMY,"Harmony Biosciences Holdings, Inc.","$249,161",29:1,https://aflcio.org/paywatch/company-pay-ratios?order=ticker&sort=asc&page=50,2026-07-23T11:11:28.500Z
50,HSIC,Henry Schein Inc,"$76,751",152:1,https://aflcio.org/paywatch/company-pay-ratios?order=ticker&sort=asc&page=50,2026-07-23T11:11:28.500Z
50,HSII,Heidrick & Struggles International Inc,"$129,194",49:1,https://aflcio.org/paywatch/company-pay-ratios?order=ticker&sort=asc&page=50,2026-07-23T11:11:28.500Z
50,HST,Host Hotels & Resorts Inc,"$260,628",63:1,https://aflcio.org/paywatch/company-pay-ratios?order=ticker&sort=asc&page=50,2026-07-23T11:11:28.500Z
50,HSTM,Healthstream Inc,"$95,508",7:1,https://aflcio.org/paywatch/company-pay-ratios?order=ticker&sort=asc&page=50,2026-07-23T11:11:28.500Z
50,HSY,Hershey Co/The,"$42,331",281:1,https://aflcio.org/paywatch/company-pay-ratios?order=ticker&sort=asc&page=50,2026-07-23T11:11:28.500Z
50,HTB,"HomeTrust Bancshares, Inc.","$72,981",19:1,https://aflcio.org/paywatch/company-pay-ratios?order=ticker&sort=asc&page=50,2026-07-23T11:11:28.500Z
50,HTBK,Heritage Commerce Corp,"$105,399",16:1,https://aflcio.org/paywatch/company-pay-ratios?order=ticker&sort=asc&page=50,2026-07-23T11:11:28.500Z
50,HTGC,"Hercules Capital, Inc.","$279,999",32:1,https://aflcio.org/paywatch/company-pay-ratios?order=ticker&sort=asc&page=50,2026-07-23T11:11:28.500Z
51,HTH,Hilltop Holdings Inc.,"$76,924",93:1,https://aflcio.org/paywatch/company-pay-ratios?order=ticker&sort=asc&page=51,2026-07-23T11:11:28.948Z
51,HTLD,Heartland Express Inc,"$55,271",19:1,https://aflcio.org/paywatch/company-pay-ratios?order=ticker&sort=asc&page=51,2026-07-23T11:11:28.948Z
51,HTO,H2O America,"$130,772",31:1,https://aflcio.org/paywatch/company-pay-ratios?order=ticker&sort=asc&page=51,2026-07-23T11:11:28.948Z
51,HTZ,"Hertz Global Holdings, Inc","$35,863",969:1,https://aflcio.org/paywatch/company-pay-ratios?order=ticker&sort=asc&page=51,2026-07-23T11:11:28.948Z
51,HUBB,Hubbell Inc,"$56,881",164:1,https://aflcio.org/paywatch/company-pay-ratios?order=ticker&sort=asc&page=51,2026-07-23T11:11:28.948Z
51,HUBG,"Hub Group, Inc.","$73,745",54:1,https://aflcio.org/paywatch/company-pay-ratios?order=ticker&sort=asc&page=51,2026-07-23T11:11:28.948Z
51,HUBS,Hubspot Inc,"$170,885",145:1,https://aflcio.org/paywatch/company-pay-ratios?order=ticker&sort=asc&page=51,2026-07-23T11:11:28.948Z
51,HUM,Humana Inc,"$82,778",195:1,https://aflcio.org/paywatch/company-pay-ratios?order=ticker&sort=asc&page=51,2026-07-23T11:11:28.948Z
51,HUN,Huntsman CORP,"$85,666",170:1,https://aflcio.org/paywatch/company-pay-ratios?order=ticker&sort=asc&page=51,2026-07-23T11:11:28.948Z
51,HURC,Hurco Companies Inc,"$58,347",34:1,https://aflcio.org/paywatch/company-pay-ratios?order=ticker&sort=asc&page=51,2026-07-23T11:11:28.948Z
51,HURN,Huron Consulting Group Inc.,"$111,032",58:1,https://aflcio.org/paywatch/company-pay-ratios?order=ticker&sort=asc&page=51,2026-07-23T11:11:28.948Z
51,HVT,Haverty Furniture Companies Inc,"$67,232",39:1,https://aflcio.org/paywatch/company-pay-ratios?order=ticker&sort=asc&page=51,2026-07-23T11:11:28.948Z
51,HWC,Hancock Whitney Corp,"$75,443",76:1,https://aflcio.org/paywatch/company-pay-ratios?order=ticker&sort=asc&page=51,2026-07-23T11:11:28.948Z
51,HWKN,Hawkins Inc,"$87,025",30:1,https://aflcio.org/paywatch/company-pay-ratios?order=ticker&sort=asc&page=51,2026-07-23T11:11:28.948Z
51,HWM,Howmet Aerospace Inc,"$60,680",369:1,https://aflcio.org/paywatch/company-pay-ratios?order=ticker&sort=asc&page=51,2026-07-23T11:11:28.948Z
51,HXL,Hexcel Corp,"$72,055",139:1,https://aflcio.org/paywatch/company-pay-ratios?order=ticker&sort=asc&page=51,2026-07-23T11:11:28.948Z
51,HY,"Hyster-Yale, Inc.","$56,458",143:1,https://aflcio.org/paywatch/company-pay-ratios?order=ticker&sort=asc&page=51,2026-07-23T11:11:28.948Z
51,HZO,Marinemax Inc,"$61,265",105:1,https://aflcio.org/paywatch/company-pay-ratios?order=ticker&sort=asc&page=51,2026-07-23T11:11:28.948Z
51,IAC,IAC Inc.,"$91,314",54:1,https://aflcio.org/paywatch/company-pay-ratios?order=ticker&sort=asc&page=51,2026-07-23T11:11:28.948Z
51,IART,Integra Lifesciences Holdings Corp,"$87,593",86:1,https://aflcio.org/paywatch/company-pay-ratios?order=ticker&sort=asc&page=51,2026-07-23T11:11:28.948Z
52,IAS,Integral Ad Science Holding Corp.,"$159,633",60:1,https://aflcio.org/paywatch/company-pay-ratios?order=ticker&sort=asc&page=52,2026-07-23T11:11:29.411Z
52,IBCP,Independent Bank Corp,"$59,801",23:1,https://aflcio.org/paywatch/company-pay-ratios?order=ticker&sort=asc&page=52,2026-07-23T11:11:29.411Z
52,IBKR,"Interactive Brokers Group, Inc.","$106,000",164:1,https://aflcio.org/paywatch/company-pay-ratios?order=ticker&sort=asc&page=52,2026-07-23T11:11:29.411Z
52,IBM,International Business Machines Corp,"$48,582",518:1,https://aflcio.org/paywatch/company-pay-ratios?order=ticker&sort=asc&page=52,2026-07-23T11:11:29.411Z
52,IBOC,International Bancshares Corp,"$34,549",83:1,https://aflcio.org/paywatch/company-pay-ratios?order=ticker&sort=asc&page=52,2026-07-23T11:11:29.411Z
52,IBP,"Installed Building Products, Inc.","$60,287",102:1,https://aflcio.org/paywatch/company-pay-ratios?order=ticker&sort=asc&page=52,2026-07-23T11:11:29.411Z
52,ICE,Intercontinental Exchange Inc,"$135,737",143:1,https://aflcio.org/paywatch/company-pay-ratios?order=ticker&sort=asc&page=52,2026-07-23T11:11:29.411Z
52,ICFI,"ICF International, Inc.","$91,189",79:1,https://aflcio.org/paywatch/company-pay-ratios?order=ticker&sort=asc&page=52,2026-07-23T11:11:29.411Z
52,ICHR,"Ichor Holdings, Ltd.","$53,347",121:1,https://aflcio.org/paywatch/company-pay-ratios?order=ticker&sort=asc&page=52,2026-07-23T11:11:29.411Z
52,ICUI,Icu Medical Inc,"$15,262",423:1,https://aflcio.org/paywatch/company-pay-ratios?order=ticker&sort=asc&page=52,2026-07-23T11:11:29.411Z
52,IDA,Idacorp Inc,"$177,404",38:1,https://aflcio.org/paywatch/company-pay-ratios?order=ticker&sort=asc&page=52,2026-07-23T11:11:29.411Z
52,IDCC,"InterDigital, Inc.","$188,345",39:1,https://aflcio.org/paywatch/company-pay-ratios?order=ticker&sort=asc&page=52,2026-07-23T11:11:29.411Z
52,IDT,Idt Corp,"$38,213",28:1,https://aflcio.org/paywatch/company-pay-ratios?order=ticker&sort=asc&page=52,2026-07-23T11:11:29.411Z
52,IDXX,IDEXX Laboratories Inc,"$62,855",207:1,https://aflcio.org/paywatch/company-pay-ratios?order=ticker&sort=asc&page=52,2026-07-23T11:11:29.411Z
52,IDYA,"IDEAYA Biosciences, Inc.","$470,624",36:1,https://aflcio.org/paywatch/company-pay-ratios?order=ticker&sort=asc&page=52,2026-07-23T11:11:29.411Z
52,IE,Ivanhoe Electric Inc.,"$74,141",27:1,https://aflcio.org/paywatch/company-pay-ratios?order=ticker&sort=asc&page=52,2026-07-23T11:11:29.411Z
52,IEP,Icahn Enterprises L.P.,"$38,722",63:1,https://aflcio.org/paywatch/company-pay-ratios?order=ticker&sort=asc&page=52,2026-07-23T11:11:29.411Z
52,IESC,"IES Holdings, Inc.","$42,773",110:1,https://aflcio.org/paywatch/company-pay-ratios?order=ticker&sort=asc&page=52,2026-07-23T11:11:29.411Z
52,IEX,IDEX Corp,"$67,484",139:1,https://aflcio.org/paywatch/company-pay-ratios?order=ticker&sort=asc&page=52,2026-07-23T11:11:29.411Z
52,IFF,International Flavors & Fragrances Inc,"$63,704",381:1,https://aflcio.org/paywatch/company-pay-ratios?order=ticker&sort=asc&page=52,2026-07-23T11:11:29.411Z
53,IIIN,Insteel Industries Inc,"$58,197",36:1,https://aflcio.org/paywatch/company-pay-ratios?order=ticker&sort=asc&page=53,2026-07-23T11:11:29.967Z
53,IIIV,"i3 Verticals, Inc.","$62,000",5:1,https://aflcio.org/paywatch/company-pay-ratios?order=ticker&sort=asc&page=53,2026-07-23T11:11:29.967Z
53,IIPR,Innovative Industrial Properties Inc,"$225,807",31:1,https://aflcio.org/paywatch/company-pay-ratios?order=ticker&sort=asc&page=53,2026-07-23T11:11:29.967Z
53,ILMN,"Illumina, Inc.","$138,432",107:1,https://aflcio.org/paywatch/company-pay-ratios?order=ticker&sort=asc&page=53,2026-07-23T11:11:29.967Z
53,IMAX,Imax Corp,"$91,969",87:1,https://aflcio.org/paywatch/company-pay-ratios?order=ticker&sort=asc&page=53,2026-07-23T11:11:29.967Z
53,IMCR,Immunocore Holdings plc,"$107,990",119:1,https://aflcio.org/paywatch/company-pay-ratios?order=ticker&sort=asc&page=53,2026-07-23T11:11:29.967Z
53,IMKTA,Ingles Markets Inc,"$22,801",137:1,https://aflcio.org/paywatch/company-pay-ratios?order=ticker&sort=asc&page=53,2026-07-23T11:11:29.967Z
53,IMXI,"International Money Express, Inc.","$13,910",434:1,https://aflcio.org/paywatch/company-pay-ratios?order=ticker&sort=asc&page=53,2026-07-23T11:11:29.967Z
53,INBK,First Internet Bancorp,"$87,993",22:1,https://aflcio.org/paywatch/company-pay-ratios?order=ticker&sort=asc&page=53,2026-07-23T11:11:29.967Z
53,INCY,Incyte Corp,"$255,918",68:1,https://aflcio.org/paywatch/company-pay-ratios?order=ticker&sort=asc&page=53,2026-07-23T11:11:29.967Z
53,INDB,Independent Bank Corp,"$74,413",39:1,https://aflcio.org/paywatch/company-pay-ratios?order=ticker&sort=asc&page=53,2026-07-23T11:11:29.967Z
53,INDI,"indie Semiconductor, Inc.","$117,216",26:1,https://aflcio.org/paywatch/company-pay-ratios?order=ticker&sort=asc&page=53,2026-07-23T11:11:29.967Z
53,INFN,Infinera Corp,"$129,024",38:1,https://aflcio.org/paywatch/company-pay-ratios?order=ticker&sort=asc&page=53,2026-07-23T11:11:29.967Z
53,INGN,Inogen Inc,"$78,653",53:1,https://aflcio.org/paywatch/company-pay-ratios?order=ticker&sort=asc&page=53,2026-07-23T11:11:29.967Z
53,INGR,Ingredion Inc,"$43,787",272:1,https://aflcio.org/paywatch/company-pay-ratios?order=ticker&sort=asc&page=53,2026-07-23T11:11:29.967Z
53,INN,"Summit Hotel Properties, Inc.","$108,601",49:1,https://aflcio.org/paywatch/company-pay-ratios?order=ticker&sort=asc&page=53,2026-07-23T11:11:29.967Z
53,INSM,INSMED Inc,"$279,760",39:1,https://aflcio.org/paywatch/company-pay-ratios?order=ticker&sort=asc&page=53,2026-07-23T11:11:29.967Z
53,INSP,"Inspire Medical Systems, Inc.","$261,111",31:1,https://aflcio.org/paywatch/company-pay-ratios?order=ticker&sort=asc&page=53,2026-07-23T11:11:29.967Z
53,INSW,"International Seaways, Inc.","$21,674",184:1,https://aflcio.org/paywatch/company-pay-ratios?order=ticker&sort=asc&page=53,2026-07-23T11:11:29.967Z
53,INTC,Intel Corp,"$96,100",287:1,https://aflcio.org/paywatch/company-pay-ratios?order=ticker&sort=asc&page=53,2026-07-23T11:11:29.967Z
54,INTU,Intuit Inc,"$200,562",182:1,https://aflcio.org/paywatch/company-pay-ratios?order=ticker&sort=asc&page=54,2026-07-23T11:11:30.498Z
54,INVA,"Innoviva, Inc.","$421,597",6:1,https://aflcio.org/paywatch/company-pay-ratios?order=ticker&sort=asc&page=54,2026-07-23T11:11:30.498Z
54,INVH,Invitation Homes Inc,"$74,101",148:1,https://aflcio.org/paywatch/company-pay-ratios?order=ticker&sort=asc&page=54,2026-07-23T11:11:30.498Z
54,INVX,"Innovex International, Inc.","$70,648",41:1,https://aflcio.org/paywatch/company-pay-ratios?order=ticker&sort=asc&page=54,2026-07-23T11:11:30.498Z
54,IONQ,"IonQ, Inc.","$247,429",92:1,https://aflcio.org/paywatch/company-pay-ratios?order=ticker&sort=asc&page=54,2026-07-23T11:11:30.498Z
54,IONS,Ionis Pharmaceuticals Inc,"$220,397",70:1,https://aflcio.org/paywatch/company-pay-ratios?order=ticker&sort=asc&page=54,2026-07-23T11:11:30.498Z
54,IOSP,Innospec Inc.,"$73,307",180:1,https://aflcio.org/paywatch/company-pay-ratios?order=ticker&sort=asc&page=54,2026-07-23T11:11:30.498Z
54,IOT,Samsara Inc.,"$193,765",95:1,https://aflcio.org/paywatch/company-pay-ratios?order=ticker&sort=asc&page=54,2026-07-23T11:11:30.498Z
54,IOVA,"Iovance Biotherapeutics, Inc.","$250,175",43:1,https://aflcio.org/paywatch/company-pay-ratios?order=ticker&sort=asc&page=54,2026-07-23T11:11:30.498Z
54,IP,International Paper Co,"$78,960",278:1,https://aflcio.org/paywatch/company-pay-ratios?order=ticker&sort=asc&page=54,2026-07-23T11:11:30.498Z
54,IPAR,Interparfums Inc,"$72,274",61:1,https://aflcio.org/paywatch/company-pay-ratios?order=ticker&sort=asc&page=54,2026-07-23T11:11:30.498Z
54,IPG,Interpublic Group of Cos Inc,"$75,251",218:1,https://aflcio.org/paywatch/company-pay-ratios?order=ticker&sort=asc&page=54,2026-07-23T11:11:30.498Z
54,IPGP,Ipg Photonics Corp,"$42,185",167:1,https://aflcio.org/paywatch/company-pay-ratios?order=ticker&sort=asc&page=54,2026-07-23T11:11:30.498Z
54,IPI,"Intrepid Potash, Inc.","$97,300",46:1,https://aflcio.org/paywatch/company-pay-ratios?order=ticker&sort=asc&page=54,2026-07-23T11:11:30.498Z
54,IQV,IQVIA Holdings Inc,"$77,918",343:1,https://aflcio.org/paywatch/company-pay-ratios?order=ticker&sort=asc&page=54,2026-07-23T11:11:30.498Z
54,IR,Ingersoll Rand Inc,"$69,342",241:1,https://aflcio.org/paywatch/company-pay-ratios?order=ticker&sort=asc&page=54,2026-07-23T11:11:30.498Z
54,IRBT,Irobot Corp,"$120,060",60:1,https://aflcio.org/paywatch/company-pay-ratios?order=ticker&sort=asc&page=54,2026-07-23T11:11:30.498Z
54,IRDM,Iridium Communications Inc.,"$180,467",51:1,https://aflcio.org/paywatch/company-pay-ratios?order=ticker&sort=asc&page=54,2026-07-23T11:11:30.498Z
54,IRM,Iron Mountain Inc,"$37,085",495:1,https://aflcio.org/paywatch/company-pay-ratios?order=ticker&sort=asc&page=54,2026-07-23T11:11:30.498Z
54,IRT,"Independence Realty Trust, Inc.","$66,919",75:1,https://aflcio.org/paywatch/company-pay-ratios?order=ticker&sort=asc&page=54,2026-07-23T11:11:30.498Z
55,IRTC,"iRhythm Technologies, Inc.","$108,387",96:1,https://aflcio.org/paywatch/company-pay-ratios?order=ticker&sort=asc&page=55,2026-07-23T11:11:31.021Z
55,IRWD,Ironwood Pharmaceuticals Inc,"$277,673",22:1,https://aflcio.org/paywatch/company-pay-ratios?order=ticker&sort=asc&page=55,2026-07-23T11:11:31.021Z
55,ISRG,Intuitive Surgical Inc,"$118,680",153:1,https://aflcio.org/paywatch/company-pay-ratios?order=ticker&sort=asc&page=55,2026-07-23T11:11:31.021Z
55,IT,Gartner Inc,"$123,618",148:1,https://aflcio.org/paywatch/company-pay-ratios?order=ticker&sort=asc&page=55,2026-07-23T11:11:31.021Z
55,ITCI,"Intra-Cellular Therapies, Inc.","$216,701",61:1,https://aflcio.org/paywatch/company-pay-ratios?order=ticker&sort=asc&page=55,2026-07-23T11:11:31.021Z
55,ITGR,Integer Holdings Corp,"$36,380",238:1,https://aflcio.org/paywatch/company-pay-ratios?order=ticker&sort=asc&page=55,2026-07-23T11:11:31.021Z
55,ITRI,"Itron, Inc.","$67,990",138:1,https://aflcio.org/paywatch/company-pay-ratios?order=ticker&sort=asc&page=55,2026-07-23T11:11:31.021Z
55,ITT,Itt Inc.,"$49,988",332:1,https://aflcio.org/paywatch/company-pay-ratios?order=ticker&sort=asc&page=55,2026-07-23T11:11:31.021Z
55,ITW,Illinois Tool Works Inc,"$69,508",158:1,https://aflcio.org/paywatch/company-pay-ratios?order=ticker&sort=asc&page=55,2026-07-23T11:11:31.021Z
55,IVT,InvenTrust Properties Corp.,"$145,626",42:1,https://aflcio.org/paywatch/company-pay-ratios?order=ticker&sort=asc&page=55,2026-07-23T11:11:31.021Z
55,IVZ,Invesco Ltd,"$117,537",96:1,https://aflcio.org/paywatch/company-pay-ratios?order=ticker&sort=asc&page=55,2026-07-23T11:11:31.021Z
55,J,Jacobs Solutions Inc,"$97,999",124:1,https://aflcio.org/paywatch/company-pay-ratios?order=ticker&sort=asc&page=55,2026-07-23T11:11:31.021Z
55,JACK,Jack In The Box Inc,"$28,723",184:1,https://aflcio.org/paywatch/company-pay-ratios?order=ticker&sort=asc&page=55,2026-07-23T11:11:31.021Z
55,JAKK,Jakks Pacific Inc,"$91,165",119:1,https://aflcio.org/paywatch/company-pay-ratios?order=ticker&sort=asc&page=55,2026-07-23T11:11:31.021Z
55,JAMF,Jamf Holding Corp.,"$103,252",69:1,https://aflcio.org/paywatch/company-pay-ratios?order=ticker&sort=asc&page=55,2026-07-23T11:11:31.021Z
55,JAZZ,Jazz Pharmaceuticals plc,"$281,421",55:1,https://aflcio.org/paywatch/company-pay-ratios?order=ticker&sort=asc&page=55,2026-07-23T11:11:31.021Z
55,JBGS,JBG SMITH Properties,"$108,429",84:1,https://aflcio.org/paywatch/company-pay-ratios?order=ticker&sort=asc&page=55,2026-07-23T11:11:31.021Z
55,JBHT,JB Hunt Transport Services Inc,"$84,947",101:1,https://aflcio.org/paywatch/company-pay-ratios?order=ticker&sort=asc&page=55,2026-07-23T11:11:31.021Z
55,JBI,"Janus International Group, Inc.","$50,969",126:1,https://aflcio.org/paywatch/company-pay-ratios?order=ticker&sort=asc&page=55,2026-07-23T11:11:31.021Z
55,JBL,Jabil Inc,"$10,191",515:1,https://aflcio.org/paywatch/company-pay-ratios?order=ticker&sort=asc&page=55,2026-07-23T11:11:31.021Z
56,JBLU,Jetblue Airways Corp,"$83,624",81:1,https://aflcio.org/paywatch/company-pay-ratios?order=ticker&sort=asc&page=56,2026-07-23T11:11:31.538Z
56,JBSS,Sanfilippo John B & Son Inc,"$73,762",72:1,https://aflcio.org/paywatch/company-pay-ratios?order=ticker&sort=asc&page=56,2026-07-23T11:11:31.538Z
56,JBTM,JBT Marel Corp,"$86,458",75:1,https://aflcio.org/paywatch/company-pay-ratios?order=ticker&sort=asc&page=56,2026-07-23T11:11:31.538Z
56,JCI,Johnson Controls International plc,"$49,035",314:1,https://aflcio.org/paywatch/company-pay-ratios?order=ticker&sort=asc&page=56,2026-07-23T11:11:31.538Z
56,JEF,Jefferies Financial Group Inc.,"$190,000",119:1,https://aflcio.org/paywatch/company-pay-ratios?order=ticker&sort=asc&page=56,2026-07-23T11:11:31.538Z
56,JELD,"JELD-WEN Holding, Inc.","$53,351",109:1,https://aflcio.org/paywatch/company-pay-ratios?order=ticker&sort=asc&page=56,2026-07-23T11:11:31.538Z
56,JHG,Janus Henderson Group Plc,"$164,767",81:1,https://aflcio.org/paywatch/company-pay-ratios?order=ticker&sort=asc&page=56,2026-07-23T11:11:31.538Z
56,JJSF,J&J Snack Foods Corp,"$39,177",105:1,https://aflcio.org/paywatch/company-pay-ratios?order=ticker&sort=asc&page=56,2026-07-23T11:11:31.538Z
56,JKHY,Jack Henry & Associates Inc,"$86,594",127:1,https://aflcio.org/paywatch/company-pay-ratios?order=ticker&sort=asc&page=56,2026-07-23T11:11:31.538Z
56,JLL,Jones Lang Lasalle Inc,"$56,031",303:1,https://aflcio.org/paywatch/company-pay-ratios?order=ticker&sort=asc&page=56,2026-07-23T11:11:31.538Z
56,JNJ,Johnson & Johnson,"$83,000",293:1,https://aflcio.org/paywatch/company-pay-ratios?order=ticker&sort=asc&page=56,2026-07-23T11:11:31.538Z
56,JNPR,Juniper Networks Inc,"$126,073",101:1,https://aflcio.org/paywatch/company-pay-ratios?order=ticker&sort=asc&page=56,2026-07-23T11:11:31.538Z
56,JOBY,"Joby Aviation, Inc.","$177,745",21:1,https://aflcio.org/paywatch/company-pay-ratios?order=ticker&sort=asc&page=56,2026-07-23T11:11:31.538Z
56,JOE,ST JOE Co,"$42,930",41:1,https://aflcio.org/paywatch/company-pay-ratios?order=ticker&sort=asc&page=56,2026-07-23T11:11:31.538Z
56,JPM,JPMorgan Chase & Co,"$108,218",348:1,https://aflcio.org/paywatch/company-pay-ratios?order=ticker&sort=asc&page=56,2026-07-23T11:11:31.538Z
56,JRVR,"James River Group Holdings, Ltd.","$99,792",27:1,https://aflcio.org/paywatch/company-pay-ratios?order=ticker&sort=asc&page=56,2026-07-23T11:11:31.538Z
56,JWN,Nordstrom Inc,"$35,686",150:1,https://aflcio.org/paywatch/company-pay-ratios?order=ticker&sort=asc&page=56,2026-07-23T11:11:31.538Z
56,JXN,Jackson Financial Inc.,"$84,362",144:1,https://aflcio.org/paywatch/company-pay-ratios?order=ticker&sort=asc&page=56,2026-07-23T11:11:31.538Z
56,K,Kellanova,"$43,976",338:1,https://aflcio.org/paywatch/company-pay-ratios?order=ticker&sort=asc&page=56,2026-07-23T11:11:31.538Z
56,KAI,Kadant Inc,"$58,675",104:1,https://aflcio.org/paywatch/company-pay-ratios?order=ticker&sort=asc&page=56,2026-07-23T11:11:31.538Z
57,KALU,Kaiser Aluminum Corp,"$83,577",79:1,https://aflcio.org/paywatch/company-pay-ratios?order=ticker&sort=asc&page=57,2026-07-23T11:11:32.053Z
57,KAR,"OPENLANE, Inc.","$69,465",107:1,https://aflcio.org/paywatch/company-pay-ratios?order=ticker&sort=asc&page=57,2026-07-23T11:11:32.053Z
57,KBH,Kb Home,"$110,582",151:1,https://aflcio.org/paywatch/company-pay-ratios?order=ticker&sort=asc&page=57,2026-07-23T11:11:32.053Z
57,KBR,"Kbr, Inc.","$75,263",167:1,https://aflcio.org/paywatch/company-pay-ratios?order=ticker&sort=asc&page=57,2026-07-23T11:11:32.053Z
57,KDP,Keurig Dr Pepper Inc,"$55,198",127:1,https://aflcio.org/paywatch/company-pay-ratios?order=ticker&sort=asc&page=57,2026-07-23T11:11:32.053Z
57,KE,"Kimball Electronics, Inc.","$13,552",336:1,https://aflcio.org/paywatch/company-pay-ratios?order=ticker&sort=asc&page=57,2026-07-23T11:11:32.053Z
57,KELYA,Kelly Services Inc,"$11,214",368:1,https://aflcio.org/paywatch/company-pay-ratios?order=ticker&sort=asc&page=57,2026-07-23T11:11:32.053Z
57,KEX,Kirby Corp,"$94,651",74:1,https://aflcio.org/paywatch/company-pay-ratios?order=ticker&sort=asc&page=57,2026-07-23T11:11:32.053Z
57,KEY,KeyCorp,"$87,835",212:1,https://aflcio.org/paywatch/company-pay-ratios?order=ticker&sort=asc&page=57,2026-07-23T11:11:32.053Z
57,KEYS,Keysight Technologies Inc,"$111,270",111:1,https://aflcio.org/paywatch/company-pay-ratios?order=ticker&sort=asc&page=57,2026-07-23T11:11:32.053Z
57,KFRC,Kforce Inc,"$68,722",61:1,https://aflcio.org/paywatch/company-pay-ratios?order=ticker&sort=asc&page=57,2026-07-23T11:11:32.053Z
57,KFY,Korn Ferry,"$96,606",125:1,https://aflcio.org/paywatch/company-pay-ratios?order=ticker&sort=asc&page=57,2026-07-23T11:11:32.053Z
57,KHC,Kraft Heinz Co,"$64,383",140:1,https://aflcio.org/paywatch/company-pay-ratios?order=ticker&sort=asc&page=57,2026-07-23T11:11:32.053Z
57,KIDS,Orthopediatrics Corp,"$130,500",28:1,https://aflcio.org/paywatch/company-pay-ratios?order=ticker&sort=asc&page=57,2026-07-23T11:11:32.053Z
57,KIM,Kimco Realty Corp,"$105,813",103:1,https://aflcio.org/paywatch/company-pay-ratios?order=ticker&sort=asc&page=57,2026-07-23T11:11:32.053Z
57,KIND,"Nextdoor Holdings, Inc.","$230,445",93:1,https://aflcio.org/paywatch/company-pay-ratios?order=ticker&sort=asc&page=57,2026-07-23T11:11:32.053Z
57,KKR,KKR & Co Inc,"$210,000",327:1,https://aflcio.org/paywatch/company-pay-ratios?order=ticker&sort=asc&page=57,2026-07-23T11:11:32.053Z
57,KLAC,KLA Corp,"$87,477",261:1,https://aflcio.org/paywatch/company-pay-ratios?order=ticker&sort=asc&page=57,2026-07-23T11:11:32.053Z
57,KLIC,Kulicke & Soffa Industries Inc,"$49,073",150:1,https://aflcio.org/paywatch/company-pay-ratios?order=ticker&sort=asc&page=57,2026-07-23T11:11:32.053Z
57,KMB,Kimberly-Clark Corp,"$53,733",305:1,https://aflcio.org/paywatch/company-pay-ratios?order=ticker&sort=asc&page=57,2026-07-23T11:11:32.053Z
58,KMI,Kinder Morgan Inc,"$126,918",91:1,https://aflcio.org/paywatch/company-pay-ratios?order=ticker&sort=asc&page=58,2026-07-23T11:11:32.523Z
58,KMPR,KEMPER Corp,"$68,540",167:1,https://aflcio.org/paywatch/company-pay-ratios?order=ticker&sort=asc&page=58,2026-07-23T11:11:32.523Z
58,KMT,Kennametal Inc,"$52,382",54:1,https://aflcio.org/paywatch/company-pay-ratios?order=ticker&sort=asc&page=58,2026-07-23T11:11:32.523Z
58,KMX,CarMax Inc,"$56,060",305:1,https://aflcio.org/paywatch/company-pay-ratios?order=ticker&sort=asc&page=58,2026-07-23T11:11:32.523Z
58,KN,Knowles Corp,"$13,382",513:1,https://aflcio.org/paywatch/company-pay-ratios?order=ticker&sort=asc&page=58,2026-07-23T11:11:32.523Z
58,KNF,Knife River Corp,"$79,143",88:1,https://aflcio.org/paywatch/company-pay-ratios?order=ticker&sort=asc&page=58,2026-07-23T11:11:32.523Z
58,KNSA,"Kiniksa Pharmaceuticals International, plc","$286,186",25:1,https://aflcio.org/paywatch/company-pay-ratios?order=ticker&sort=asc&page=58,2026-07-23T11:11:32.523Z
58,KNSL,"Kinsale Capital Group, Inc.","$130,124",52:1,https://aflcio.org/paywatch/company-pay-ratios?order=ticker&sort=asc&page=58,2026-07-23T11:11:32.523Z
58,KNTK,Kinetik Holdings Inc.,"$145,592",50:1,https://aflcio.org/paywatch/company-pay-ratios?order=ticker&sort=asc&page=58,2026-07-23T11:11:32.523Z
58,KNX,Knight-Swift Transportation Holdings Inc.,"$59,621",81:1,https://aflcio.org/paywatch/company-pay-ratios?order=ticker&sort=asc&page=58,2026-07-23T11:11:32.523Z
58,KO,Coca-Cola Co,"$14,144","1,980:1",https://aflcio.org/paywatch/company-pay-ratios?order=ticker&sort=asc&page=58,2026-07-23T11:11:32.523Z
58,KODK,Eastman Kodak Co,"$51,397",121:1,https://aflcio.org/paywatch/company-pay-ratios?order=ticker&sort=asc&page=58,2026-07-23T11:11:32.523Z
58,KOP,Koppers Holdings Inc.,"$88,206",67:1,https://aflcio.org/paywatch/company-pay-ratios?order=ticker&sort=asc&page=58,2026-07-23T11:11:32.523Z
58,KOS,Kosmos Energy Ltd.,"$359,822",24:1,https://aflcio.org/paywatch/company-pay-ratios?order=ticker&sort=asc&page=58,2026-07-23T11:11:32.523Z
58,KR,Kroger Co,"$34,213",457:1,https://aflcio.org/paywatch/company-pay-ratios?order=ticker&sort=asc&page=58,2026-07-23T11:11:32.523Z
58,KRC,Kilroy Realty Corp,"$197,761",55:1,https://aflcio.org/paywatch/company-pay-ratios?order=ticker&sort=asc&page=58,2026-07-23T11:11:32.523Z
58,KRG,Kite Realty Group Trust,"$110,013",63:1,https://aflcio.org/paywatch/company-pay-ratios?order=ticker&sort=asc&page=58,2026-07-23T11:11:32.523Z
58,KRNY,Kearny Financial Corp.,"$83,935",17:1,https://aflcio.org/paywatch/company-pay-ratios?order=ticker&sort=asc&page=58,2026-07-23T11:11:32.523Z
58,KRO,Kronos Worldwide Inc,"$89,469",25:1,https://aflcio.org/paywatch/company-pay-ratios?order=ticker&sort=asc&page=58,2026-07-23T11:11:32.523Z
58,KROS,"Keros Therapeutics, Inc.","$376,639",17:1,https://aflcio.org/paywatch/company-pay-ratios?order=ticker&sort=asc&page=58,2026-07-23T11:11:32.523Z
59,KRYS,"Krystal Biotech, Inc.","$235,125",66:1,https://aflcio.org/paywatch/company-pay-ratios?order=ticker&sort=asc&page=59,2026-07-23T11:11:33.008Z
59,KSS,KOHLS Corp,"$15,763","1,416:1",https://aflcio.org/paywatch/company-pay-ratios?order=ticker&sort=asc&page=59,2026-07-23T11:11:33.008Z
59,KTB,"Kontoor Brands, Inc.","$9,270","1,358:1",https://aflcio.org/paywatch/company-pay-ratios?order=ticker&sort=asc&page=59,2026-07-23T11:11:33.008Z
59,KTOS,"Kratos Defense & Security Solutions, Inc.","$92,452",79:1,https://aflcio.org/paywatch/company-pay-ratios?order=ticker&sort=asc&page=59,2026-07-23T11:11:33.008Z
59,KURA,"Kura Oncology, Inc.","$395,686",16:1,https://aflcio.org/paywatch/company-pay-ratios?order=ticker&sort=asc&page=59,2026-07-23T11:11:33.008Z
59,KVUE,Kenvue Inc,"$72,465",182:1,https://aflcio.org/paywatch/company-pay-ratios?order=ticker&sort=asc&page=59,2026-07-23T11:11:33.008Z
59,KW,"Kennedy-Wilson Holdings, Inc.","$207,200",76:1,https://aflcio.org/paywatch/company-pay-ratios?order=ticker&sort=asc&page=59,2026-07-23T11:11:33.008Z
59,KWR,Quaker Chemical Corp,"$47,840",107:1,https://aflcio.org/paywatch/company-pay-ratios?order=ticker&sort=asc&page=59,2026-07-23T11:11:33.008Z
59,KYMR,"Kymera Therapeutics, Inc.","$395,052",39:1,https://aflcio.org/paywatch/company-pay-ratios?order=ticker&sort=asc&page=59,2026-07-23T11:11:33.008Z
59,L,Loews Corp,"$66,345",107:1,https://aflcio.org/paywatch/company-pay-ratios?order=ticker&sort=asc&page=59,2026-07-23T11:11:33.008Z
59,LAD,Lithia Motors Inc,"$58,009",290:1,https://aflcio.org/paywatch/company-pay-ratios?order=ticker&sort=asc&page=59,2026-07-23T11:11:33.008Z
59,LADR,Ladder Capital Corp,"$381,596",41:1,https://aflcio.org/paywatch/company-pay-ratios?order=ticker&sort=asc&page=59,2026-07-23T11:11:33.008Z
59,LAMR,Lamar Advertising C,"$65,680",142:1,https://aflcio.org/paywatch/company-pay-ratios?order=ticker&sort=asc&page=59,2026-07-23T11:11:33.008Z
59,LANC,Lancaster Colony Corp,"$43,874",123:1,https://aflcio.org/paywatch/company-pay-ratios?order=ticker&sort=asc&page=59,2026-07-23T11:11:33.008Z
59,LASR,"Nlight, Inc.","$80,801",64:1,https://aflcio.org/paywatch/company-pay-ratios?order=ticker&sort=asc&page=59,2026-07-23T11:11:33.008Z
59,LAUR,"Laureate Education, Inc.","$6,756",733:1,https://aflcio.org/paywatch/company-pay-ratios?order=ticker&sort=asc&page=59,2026-07-23T11:11:33.008Z
59,LAZ,"Lazard, Inc.","$238,703",48:1,https://aflcio.org/paywatch/company-pay-ratios?order=ticker&sort=asc&page=59,2026-07-23T11:11:33.008Z
59,LBRDA,Liberty Broadband Corp,"$93,526",92:1,https://aflcio.org/paywatch/company-pay-ratios?order=ticker&sort=asc&page=59,2026-07-23T11:11:33.008Z
59,LBRT,Liberty Energy Inc.,"$128,549",45:1,https://aflcio.org/paywatch/company-pay-ratios?order=ticker&sort=asc&page=59,2026-07-23T11:11:33.008Z
59,LBTYA,Liberty Global Ltd.,"$94,050",486:1,https://aflcio.org/paywatch/company-pay-ratios?order=ticker&sort=asc&page=59,2026-07-23T11:11:33.008Z
60,LC,LendingClub Corp,"$157,207",56:1,https://aflcio.org/paywatch/company-pay-ratios?order=ticker&sort=asc&page=60,2026-07-23T11:11:33.482Z
60,LCID,"Lucid Group, Inc.","$120,394",12:1,https://aflcio.org/paywatch/company-pay-ratios?order=ticker&sort=asc&page=60,2026-07-23T11:11:33.482Z
60,LCII,Lci Industries,"$55,003",185:1,https://aflcio.org/paywatch/company-pay-ratios?order=ticker&sort=asc&page=60,2026-07-23T11:11:33.482Z
60,LCNB,Lcnb Corp,"$46,893",12:1,https://aflcio.org/paywatch/company-pay-ratios?order=ticker&sort=asc&page=60,2026-07-23T11:11:33.482Z
60,LCUT,"Lifetime Brands, Inc","$47,913",81:1,https://aflcio.org/paywatch/company-pay-ratios?order=ticker&sort=asc&page=60,2026-07-23T11:11:33.482Z
60,LDOS,Leidos Holdings Inc,"$108,548",115:1,https://aflcio.org/paywatch/company-pay-ratios?order=ticker&sort=asc&page=60,2026-07-23T11:11:33.482Z
60,LE,"Lands' End, Inc.","$29,519",142:1,https://aflcio.org/paywatch/company-pay-ratios?order=ticker&sort=asc&page=60,2026-07-23T11:11:33.482Z
60,LEA,Lear Corp,"$10,606","1,645:1",https://aflcio.org/paywatch/company-pay-ratios?order=ticker&sort=asc&page=60,2026-07-23T11:11:33.482Z
60,LECO,Lincoln Electric Holdings Inc,"$49,013",150:1,https://aflcio.org/paywatch/company-pay-ratios?order=ticker&sort=asc&page=60,2026-07-23T11:11:33.482Z
60,LEG,Leggett & Platt Inc,"$54,682",266:1,https://aflcio.org/paywatch/company-pay-ratios?order=ticker&sort=asc&page=60,2026-07-23T11:11:33.482Z
60,LEGH,Legacy Housing Corp,"$32,240",12:1,https://aflcio.org/paywatch/company-pay-ratios?order=ticker&sort=asc&page=60,2026-07-23T11:11:33.482Z
60,LEN,Lennar Corp,"$96,548",306:1,https://aflcio.org/paywatch/company-pay-ratios?order=ticker&sort=asc&page=60,2026-07-23T11:11:33.482Z
60,LESL,"Leslie's, Inc.","$40,040",60:1,https://aflcio.org/paywatch/company-pay-ratios?order=ticker&sort=asc&page=60,2026-07-23T11:11:33.482Z
60,LEU,Centrus Energy Corp,"$109,229",32:1,https://aflcio.org/paywatch/company-pay-ratios?order=ticker&sort=asc&page=60,2026-07-23T11:11:33.482Z
60,LFCR,"Lifecore Biomedical, Inc.","$89,810",114:1,https://aflcio.org/paywatch/company-pay-ratios?order=ticker&sort=asc&page=60,2026-07-23T11:11:33.482Z
60,LFST,"LifeStance Health Group, Inc.","$82,811",123:1,https://aflcio.org/paywatch/company-pay-ratios?order=ticker&sort=asc&page=60,2026-07-23T11:11:33.482Z
60,LFUS,Littelfuse Inc,"$12,773",494:1,https://aflcio.org/paywatch/company-pay-ratios?order=ticker&sort=asc&page=60,2026-07-23T11:11:33.482Z
60,LGIH,"LGI Homes, Inc.","$109,765",56:1,https://aflcio.org/paywatch/company-pay-ratios?order=ticker&sort=asc&page=60,2026-07-23T11:11:33.482Z
60,LGND,Ligand Pharmaceuticals Inc,"$383,432",34:1,https://aflcio.org/paywatch/company-pay-ratios?order=ticker&sort=asc&page=60,2026-07-23T11:11:33.482Z
60,LGTY,"Logility Supply Chain Solutions, Inc","$117,877",16:1,https://aflcio.org/paywatch/company-pay-ratios?order=ticker&sort=asc&page=60,2026-07-23T11:11:33.482Z
61,LH,Labcorp Holdings Inc,"$57,316",337:1,https://aflcio.org/paywatch/company-pay-ratios?order=ticker&sort=asc&page=61,2026-07-23T11:11:34.095Z
61,LHX,L3Harris Technologies Inc,"$113,639",183:1,https://aflcio.org/paywatch/company-pay-ratios?order=ticker&sort=asc&page=61,2026-07-23T11:11:34.095Z
61,LIF,"Life360, Inc.","$226,309",19:1,https://aflcio.org/paywatch/company-pay-ratios?order=ticker&sort=asc&page=61,2026-07-23T11:11:34.095Z
61,LII,Lennox International Inc,"$61,166",162:1,https://aflcio.org/paywatch/company-pay-ratios?order=ticker&sort=asc&page=61,2026-07-23T11:11:34.095Z
61,LILA,Liberty Latin America Ltd.,"$37,009",500:1,https://aflcio.org/paywatch/company-pay-ratios?order=ticker&sort=asc&page=61,2026-07-23T11:11:34.095Z
61,LIN,Linde PLC,"$52,889",391:1,https://aflcio.org/paywatch/company-pay-ratios?order=ticker&sort=asc&page=61,2026-07-23T11:11:34.095Z
61,LIND,"Lindblad Expeditions Holdings, Inc.","$137,973",5:1,https://aflcio.org/paywatch/company-pay-ratios?order=ticker&sort=asc&page=61,2026-07-23T11:11:34.095Z
61,LITE,Lumentum Holdings Inc.,"$20,018",603:1,https://aflcio.org/paywatch/company-pay-ratios?order=ticker&sort=asc&page=61,2026-07-23T11:11:34.095Z
61,LIVN,LivaNova PLC,"$86,584",135:1,https://aflcio.org/paywatch/company-pay-ratios?order=ticker&sort=asc&page=61,2026-07-23T11:11:34.095Z
61,LKFN,Lakeland Financial Corp,"$57,060",36:1,https://aflcio.org/paywatch/company-pay-ratios?order=ticker&sort=asc&page=61,2026-07-23T11:11:34.095Z
61,LKQ,LKQ Corp,"$44,406",101:1,https://aflcio.org/paywatch/company-pay-ratios?order=ticker&sort=asc&page=61,2026-07-23T11:11:34.095Z
61,LLY,Eli Lilly & Co,"$120,574",243:1,https://aflcio.org/paywatch/company-pay-ratios?order=ticker&sort=asc&page=61,2026-07-23T11:11:34.095Z
61,LMAT,Lemaitre Vascular Inc,"$75,733",43:1,https://aflcio.org/paywatch/company-pay-ratios?order=ticker&sort=asc&page=61,2026-07-23T11:11:34.095Z
61,LMB,"Limbach Holdings, Inc.","$52,405",54:1,https://aflcio.org/paywatch/company-pay-ratios?order=ticker&sort=asc&page=61,2026-07-23T11:11:34.095Z
61,LMND,"Lemonade, Inc.","$110,433",36:1,https://aflcio.org/paywatch/company-pay-ratios?order=ticker&sort=asc&page=61,2026-07-23T11:11:34.095Z
61,LMNR,Limoneira CO,"$48,249",52:1,https://aflcio.org/paywatch/company-pay-ratios?order=ticker&sort=asc&page=61,2026-07-23T11:11:34.095Z
61,LMT,Lockheed Martin Corp,"$125,963",189:1,https://aflcio.org/paywatch/company-pay-ratios?order=ticker&sort=asc&page=61,2026-07-23T11:11:34.095Z
61,LNC,Lincoln National Corp,"$97,812",163:1,https://aflcio.org/paywatch/company-pay-ratios?order=ticker&sort=asc&page=61,2026-07-23T11:11:34.095Z
61,LNG,"Cheniere Energy, Inc.","$229,988",105:1,https://aflcio.org/paywatch/company-pay-ratios?order=ticker&sort=asc&page=61,2026-07-23T11:11:34.095Z
61,LNN,Lindsay Corp,"$52,978",68:1,https://aflcio.org/paywatch/company-pay-ratios?order=ticker&sort=asc&page=61,2026-07-23T11:11:34.095Z
62,LNT,Alliant Energy Corp,"$136,985",51:1,https://aflcio.org/paywatch/company-pay-ratios?order=ticker&sort=asc&page=62,2026-07-23T11:11:34.668Z
62,LNTH,"Lantheus Holdings, Inc.","$203,408",66:1,https://aflcio.org/paywatch/company-pay-ratios?order=ticker&sort=asc&page=62,2026-07-23T11:11:34.668Z
62,LNW,"Light & Wonder, Inc.","$87,640",78:1,https://aflcio.org/paywatch/company-pay-ratios?order=ticker&sort=asc&page=62,2026-07-23T11:11:34.668Z
62,LOB,"Live Oak Bancshares, Inc.","$136,111",6:1,https://aflcio.org/paywatch/company-pay-ratios?order=ticker&sort=asc&page=62,2026-07-23T11:11:34.668Z
62,LOCO,"El Pollo Loco Holdings, Inc.","$17,168",283:1,https://aflcio.org/paywatch/company-pay-ratios?order=ticker&sort=asc&page=62,2026-07-23T11:11:34.668Z
62,LOPE,"Grand Canyon Education, Inc.","$60,496",33:1,https://aflcio.org/paywatch/company-pay-ratios?order=ticker&sort=asc&page=62,2026-07-23T11:11:34.668Z
62,LOVE,Lovesac Co,"$29,624",307:1,https://aflcio.org/paywatch/company-pay-ratios?order=ticker&sort=asc&page=62,2026-07-23T11:11:34.668Z
62,LOW,Lowe’s Cos Inc,"$30,606",659:1,https://aflcio.org/paywatch/company-pay-ratios?order=ticker&sort=asc&page=62,2026-07-23T11:11:34.668Z
62,LPG,Dorian Lpg Ltd.,"$161,091",26:1,https://aflcio.org/paywatch/company-pay-ratios?order=ticker&sort=asc&page=62,2026-07-23T11:11:34.668Z
62,LPLA,LPL Financial Holdings Inc.,"$91,783",131:1,https://aflcio.org/paywatch/company-pay-ratios?order=ticker&sort=asc&page=62,2026-07-23T11:11:34.668Z
62,LPRO,Open Lending Corp,"$169,978",36:1,https://aflcio.org/paywatch/company-pay-ratios?order=ticker&sort=asc&page=62,2026-07-23T11:11:34.668Z
62,LPX,Louisiana-Pacific Corp,"$83,061",116:1,https://aflcio.org/paywatch/company-pay-ratios?order=ticker&sort=asc&page=62,2026-07-23T11:11:34.668Z
62,LQDT,Liquidity Services Inc,"$140,224",31:1,https://aflcio.org/paywatch/company-pay-ratios?order=ticker&sort=asc&page=62,2026-07-23T11:11:34.668Z
62,LRCX,Lam Research Corp,"$83,462",361:1,https://aflcio.org/paywatch/company-pay-ratios?order=ticker&sort=asc&page=62,2026-07-23T11:11:34.668Z
62,LRN,"Stride, Inc.","$54,489",287:1,https://aflcio.org/paywatch/company-pay-ratios?order=ticker&sort=asc&page=62,2026-07-23T11:11:34.668Z
62,LSCC,Lattice Semiconductor Corp,"$72,378","1,298:1",https://aflcio.org/paywatch/company-pay-ratios?order=ticker&sort=asc&page=62,2026-07-23T11:11:34.668Z
62,LSTR,Landstar System Inc,"$54,964",244:1,https://aflcio.org/paywatch/company-pay-ratios?order=ticker&sort=asc&page=62,2026-07-23T11:11:34.668Z
62,LTH,"Life Time Group Holdings, Inc.","$8,359","1,814:1",https://aflcio.org/paywatch/company-pay-ratios?order=ticker&sort=asc&page=62,2026-07-23T11:11:34.668Z
62,LULU,Lululemon Athletica Inc,"$20,536",709:1,https://aflcio.org/paywatch/company-pay-ratios?order=ticker&sort=asc&page=62,2026-07-23T11:11:34.668Z
62,LUMN,"Lumen Technologies, Inc.","$91,606",115:1,https://aflcio.org/paywatch/company-pay-ratios?order=ticker&sort=asc&page=62,2026-07-23T11:11:34.668Z
63,LUV,Southwest Airlines Co,"$91,442",115:1,https://aflcio.org/paywatch/company-pay-ratios?order=ticker&sort=asc&page=63,2026-07-23T11:11:35.170Z
63,LVS,Las Vegas Sands Corp,"$42,426",515:1,https://aflcio.org/paywatch/company-pay-ratios?order=ticker&sort=asc&page=63,2026-07-23T11:11:35.170Z
63,LW,Lamb Weston Holdings Inc,"$59,742",118:1,https://aflcio.org/paywatch/company-pay-ratios?order=ticker&sort=asc&page=63,2026-07-23T11:11:35.170Z
63,LWLG,"Lightwave Logic, Inc.","$185,683",4:1,https://aflcio.org/paywatch/company-pay-ratios?order=ticker&sort=asc&page=63,2026-07-23T11:11:35.170Z
63,LXFR,Luxfer Holdings Plc,"$61,864",52:1,https://aflcio.org/paywatch/company-pay-ratios?order=ticker&sort=asc&page=63,2026-07-23T11:11:35.170Z
63,LXP,LXP Industrial Trust,"$178,700",32:1,https://aflcio.org/paywatch/company-pay-ratios?order=ticker&sort=asc&page=63,2026-07-23T11:11:35.170Z
63,LXRX,"Lexicon Pharmaceuticals, Inc.","$304,524",10:1,https://aflcio.org/paywatch/company-pay-ratios?order=ticker&sort=asc&page=63,2026-07-23T11:11:35.170Z
63,LXU,"Lsb Industries, Inc.","$111,035",39:1,https://aflcio.org/paywatch/company-pay-ratios?order=ticker&sort=asc&page=63,2026-07-23T11:11:35.170Z
63,LYB,LyondellBasell Industries NV,"$111,898",152:1,https://aflcio.org/paywatch/company-pay-ratios?order=ticker&sort=asc&page=63,2026-07-23T11:11:35.170Z
63,LYFT,"Lyft, Inc.","$186,508",7:1,https://aflcio.org/paywatch/company-pay-ratios?order=ticker&sort=asc&page=63,2026-07-23T11:11:35.170Z
63,LYTS,Lsi Industries Inc,"$40,000",76:1,https://aflcio.org/paywatch/company-pay-ratios?order=ticker&sort=asc&page=63,2026-07-23T11:11:35.170Z
63,LYV,Live Nation Entertainment Inc,"$31,004","1,063:1",https://aflcio.org/paywatch/company-pay-ratios?order=ticker&sort=asc&page=63,2026-07-23T11:11:35.170Z
63,LZ,"Legalzoom.Com, Inc.","$123,299",498:1,https://aflcio.org/paywatch/company-pay-ratios?order=ticker&sort=asc&page=63,2026-07-23T11:11:35.170Z
63,LZB,La-Z-Boy Inc,"$34,074",172:1,https://aflcio.org/paywatch/company-pay-ratios?order=ticker&sort=asc&page=63,2026-07-23T11:11:35.170Z
63,M,"Macy's, Inc.","$39,469",417:1,https://aflcio.org/paywatch/company-pay-ratios?order=ticker&sort=asc&page=63,2026-07-23T11:11:35.170Z
63,MA,Mastercard Inc,"$120,501",250:1,https://aflcio.org/paywatch/company-pay-ratios?order=ticker&sort=asc&page=63,2026-07-23T11:11:35.170Z
63,MAA,Mid-America Apartment Communities Inc,"$59,237",143:1,https://aflcio.org/paywatch/company-pay-ratios?order=ticker&sort=asc&page=63,2026-07-23T11:11:35.170Z
63,MAC,Macerich Co,"$133,040",109:1,https://aflcio.org/paywatch/company-pay-ratios?order=ticker&sort=asc&page=63,2026-07-23T11:11:35.170Z
63,MAIN,Main Street Capital CORP,"$233,779",35:1,https://aflcio.org/paywatch/company-pay-ratios?order=ticker&sort=asc&page=63,2026-07-23T11:11:35.170Z
63,MAN,ManpowerGroup Inc.,"$12,515","1,034:1",https://aflcio.org/paywatch/company-pay-ratios?order=ticker&sort=asc&page=63,2026-07-23T11:11:35.170Z
64,MANH,Manhattan Associates Inc,"$133,968",81:1,https://aflcio.org/paywatch/company-pay-ratios?order=ticker&sort=asc&page=64,2026-07-23T11:11:35.674Z
64,MAR,Marriott International Inc,"$46,211",475:1,https://aflcio.org/paywatch/company-pay-ratios?order=ticker&sort=asc&page=64,2026-07-23T11:11:35.674Z
64,MARA,"MARA Holdings, Inc.","$307,329",141:1,https://aflcio.org/paywatch/company-pay-ratios?order=ticker&sort=asc&page=64,2026-07-23T11:11:35.674Z
64,MAS,Masco Corp,"$51,203",208:1,https://aflcio.org/paywatch/company-pay-ratios?order=ticker&sort=asc&page=64,2026-07-23T11:11:35.674Z
64,MASI,Masimo Corp,"$82,544",163:1,https://aflcio.org/paywatch/company-pay-ratios?order=ticker&sort=asc&page=64,2026-07-23T11:11:35.674Z
64,MAT,Mattel Inc,"$9,384","4,028:1",https://aflcio.org/paywatch/company-pay-ratios?order=ticker&sort=asc&page=64,2026-07-23T11:11:35.674Z
64,MATV,"Mativ Holdings, Inc.","$57,898",69:1,https://aflcio.org/paywatch/company-pay-ratios?order=ticker&sort=asc&page=64,2026-07-23T11:11:35.674Z
64,MATW,Matthews International Corp,"$49,463",117:1,https://aflcio.org/paywatch/company-pay-ratios?order=ticker&sort=asc&page=64,2026-07-23T11:11:35.674Z
64,MATX,"Matson, Inc.","$137,585",45:1,https://aflcio.org/paywatch/company-pay-ratios?order=ticker&sort=asc&page=64,2026-07-23T11:11:35.674Z
64,MAX,"MediaAlpha, Inc.","$252,867",27:1,https://aflcio.org/paywatch/company-pay-ratios?order=ticker&sort=asc&page=64,2026-07-23T11:11:35.674Z
64,MBI,Mbia Inc,"$269,667",15:1,https://aflcio.org/paywatch/company-pay-ratios?order=ticker&sort=asc&page=64,2026-07-23T11:11:35.674Z
64,MBIN,Merchants Bancorp,"$115,951",25:1,https://aflcio.org/paywatch/company-pay-ratios?order=ticker&sort=asc&page=64,2026-07-23T11:11:35.674Z
64,MBUU,"Malibu Boats, Inc.","$37,082",13:1,https://aflcio.org/paywatch/company-pay-ratios?order=ticker&sort=asc&page=64,2026-07-23T11:11:35.674Z
64,MBWM,Mercantile Bank Corp,"$62,428",19:1,https://aflcio.org/paywatch/company-pay-ratios?order=ticker&sort=asc&page=64,2026-07-23T11:11:35.674Z
64,MC,Moelis & Co,"$247,020",30:1,https://aflcio.org/paywatch/company-pay-ratios?order=ticker&sort=asc&page=64,2026-07-23T11:11:35.674Z
64,MCB,Metropolitan Bank Holding Corp.,"$122,535",46:1,https://aflcio.org/paywatch/company-pay-ratios?order=ticker&sort=asc&page=64,2026-07-23T11:11:35.674Z
64,MCBS,"MetroCity Bankshares, Inc.","$66,813",34:1,https://aflcio.org/paywatch/company-pay-ratios?order=ticker&sort=asc&page=64,2026-07-23T11:11:35.674Z
64,MCD,McDonald’s Corp,"$17,492","1,014:1",https://aflcio.org/paywatch/company-pay-ratios?order=ticker&sort=asc&page=64,2026-07-23T11:11:35.674Z
64,MCFT,"MasterCraft Boat Holdings, Inc.","$51,677",34:1,https://aflcio.org/paywatch/company-pay-ratios?order=ticker&sort=asc&page=64,2026-07-23T11:11:35.674Z
64,MCHP,Microchip Technology Inc,"$47,793",206:1,https://aflcio.org/paywatch/company-pay-ratios?order=ticker&sort=asc&page=64,2026-07-23T11:11:35.674Z
65,MCK,McKesson Corp,"$64,861",293:1,https://aflcio.org/paywatch/company-pay-ratios?order=ticker&sort=asc&page=65,2026-07-23T11:11:36.193Z
65,MCO,Moody’s Corp,"$106,708",159:1,https://aflcio.org/paywatch/company-pay-ratios?order=ticker&sort=asc&page=65,2026-07-23T11:11:36.193Z
65,MCS,Marcus Corp,"$12,762",564:1,https://aflcio.org/paywatch/company-pay-ratios?order=ticker&sort=asc&page=65,2026-07-23T11:11:36.193Z
65,MCW,"Mister Car Wash, Inc.","$32,357",206:1,https://aflcio.org/paywatch/company-pay-ratios?order=ticker&sort=asc&page=65,2026-07-23T11:11:36.193Z
65,MCY,Mercury General Corp,"$85,899",43:1,https://aflcio.org/paywatch/company-pay-ratios?order=ticker&sort=asc&page=65,2026-07-23T11:11:36.193Z
65,MD,"Pediatrix Medical Group, Inc.","$134,404",25:1,https://aflcio.org/paywatch/company-pay-ratios?order=ticker&sort=asc&page=65,2026-07-23T11:11:36.193Z
65,MDB,"MongoDB, Inc.","$216,544",73:1,https://aflcio.org/paywatch/company-pay-ratios?order=ticker&sort=asc&page=65,2026-07-23T11:11:36.193Z
65,MDC,"M.D.C. Holdings, Inc.","$109,209",510:1,https://aflcio.org/paywatch/company-pay-ratios?order=ticker&sort=asc&page=65,2026-07-23T11:11:36.193Z
65,MDGL,"Madrigal Pharmaceuticals, Inc.","$317,550",38:1,https://aflcio.org/paywatch/company-pay-ratios?order=ticker&sort=asc&page=65,2026-07-23T11:11:36.193Z
65,MDLZ,Mondelez International Inc,"$33,948",657:1,https://aflcio.org/paywatch/company-pay-ratios?order=ticker&sort=asc&page=65,2026-07-23T11:11:36.193Z
65,MDT,Medtronic PLC,"$67,769",296:1,https://aflcio.org/paywatch/company-pay-ratios?order=ticker&sort=asc&page=65,2026-07-23T11:11:36.193Z
65,MDU,Mdu Resources Group Inc,"$107,705",52:1,https://aflcio.org/paywatch/company-pay-ratios?order=ticker&sort=asc&page=65,2026-07-23T11:11:36.193Z
65,MED,Medifast Inc,"$85,028",66:1,https://aflcio.org/paywatch/company-pay-ratios?order=ticker&sort=asc&page=65,2026-07-23T11:11:36.193Z
65,MEDP,"Medpace Holdings, Inc.","$80,668",107:1,https://aflcio.org/paywatch/company-pay-ratios?order=ticker&sort=asc&page=65,2026-07-23T11:11:36.193Z
65,MEG,"Montrose Environmental Group, Inc.","$75,153",29:1,https://aflcio.org/paywatch/company-pay-ratios?order=ticker&sort=asc&page=65,2026-07-23T11:11:36.193Z
65,MEHCQ,23andMe Holding Co.,"$227,981",32:1,https://aflcio.org/paywatch/company-pay-ratios?order=ticker&sort=asc&page=65,2026-07-23T11:11:36.193Z
65,MEI,Methode Electronics Inc,"$12,331",438:1,https://aflcio.org/paywatch/company-pay-ratios?order=ticker&sort=asc&page=65,2026-07-23T11:11:36.193Z
65,MEIP,"MEI Pharma, Inc.","$322,172",2:1,https://aflcio.org/paywatch/company-pay-ratios?order=ticker&sort=asc&page=65,2026-07-23T11:11:36.193Z
65,MERC,Mercer International Inc.,"$59,677",49:1,https://aflcio.org/paywatch/company-pay-ratios?order=ticker&sort=asc&page=65,2026-07-23T11:11:36.193Z
65,MET,MetLife Inc,"$82,703",246:1,https://aflcio.org/paywatch/company-pay-ratios?order=ticker&sort=asc&page=65,2026-07-23T11:11:36.193Z
66,META,Meta Platforms Inc,"$417,400",65:1,https://aflcio.org/paywatch/company-pay-ratios?order=ticker&sort=asc&page=66,2026-07-23T11:11:36.705Z
66,METC,"Ramaco Resources, Inc.","$119,227",65:1,https://aflcio.org/paywatch/company-pay-ratios?order=ticker&sort=asc&page=66,2026-07-23T11:11:36.705Z
66,MFA,"Mfa Financial, Inc.","$95,219",84:1,https://aflcio.org/paywatch/company-pay-ratios?order=ticker&sort=asc&page=66,2026-07-23T11:11:36.705Z
66,MFIN,Medallion Financial Corp,"$101,538",26:1,https://aflcio.org/paywatch/company-pay-ratios?order=ticker&sort=asc&page=66,2026-07-23T11:11:36.705Z
66,MG,"Mistras Group, Inc.","$78,629",23:1,https://aflcio.org/paywatch/company-pay-ratios?order=ticker&sort=asc&page=66,2026-07-23T11:11:36.705Z
66,MGEE,Mge Energy Inc,"$138,555",15:1,https://aflcio.org/paywatch/company-pay-ratios?order=ticker&sort=asc&page=66,2026-07-23T11:11:36.705Z
66,MGM,MGM Resorts International,"$47,607",332:1,https://aflcio.org/paywatch/company-pay-ratios?order=ticker&sort=asc&page=66,2026-07-23T11:11:36.705Z
66,MGNI,"Magnite, Inc.","$191,832",27:1,https://aflcio.org/paywatch/company-pay-ratios?order=ticker&sort=asc&page=66,2026-07-23T11:11:36.705Z
66,MGPI,Mgp Ingredients Inc,"$96,898",17:1,https://aflcio.org/paywatch/company-pay-ratios?order=ticker&sort=asc&page=66,2026-07-23T11:11:36.705Z
66,MGRC,Mcgrath Rentcorp,"$75,926",72:1,https://aflcio.org/paywatch/company-pay-ratios?order=ticker&sort=asc&page=66,2026-07-23T11:11:36.705Z
66,MGY,Magnolia Oil & Gas Corp,"$211,780",39:1,https://aflcio.org/paywatch/company-pay-ratios?order=ticker&sort=asc&page=66,2026-07-23T11:11:36.705Z
66,MHK,Mohawk Industries Inc,"$44,175",108:1,https://aflcio.org/paywatch/company-pay-ratios?order=ticker&sort=asc&page=66,2026-07-23T11:11:36.705Z
66,MHO,"M/I Homes, Inc.","$113,632",96:1,https://aflcio.org/paywatch/company-pay-ratios?order=ticker&sort=asc&page=66,2026-07-23T11:11:36.705Z
66,MIDD,MIDDLEBY Corp,"$50,324",150:1,https://aflcio.org/paywatch/company-pay-ratios?order=ticker&sort=asc&page=66,2026-07-23T11:11:36.705Z
66,MIR,"Mirion Technologies, Inc.","$70,026",83:1,https://aflcio.org/paywatch/company-pay-ratios?order=ticker&sort=asc&page=66,2026-07-23T11:11:36.705Z
66,MIRM,"Mirum Pharmaceuticals, Inc.","$393,477",17:1,https://aflcio.org/paywatch/company-pay-ratios?order=ticker&sort=asc&page=66,2026-07-23T11:11:36.705Z
66,MITK,Mitek Systems Inc,"$76,115",31:1,https://aflcio.org/paywatch/company-pay-ratios?order=ticker&sort=asc&page=66,2026-07-23T11:11:36.705Z
66,MKC,McCormick & Co Inc,"$45,444",238:1,https://aflcio.org/paywatch/company-pay-ratios?order=ticker&sort=asc&page=66,2026-07-23T11:11:36.705Z
66,MKL,Markel Group Inc.,"$83,894",116:1,https://aflcio.org/paywatch/company-pay-ratios?order=ticker&sort=asc&page=66,2026-07-23T11:11:36.705Z
66,MKSI,Mks Inc,"$69,685",125:1,https://aflcio.org/paywatch/company-pay-ratios?order=ticker&sort=asc&page=66,2026-07-23T11:11:36.705Z
67,MKTX,MarketAxess Holdings Inc,"$193,750",30:1,https://aflcio.org/paywatch/company-pay-ratios?order=ticker&sort=asc&page=67,2026-07-23T11:11:37.241Z
67,MLAB,Mesa Laboratories Inc,"$79,653",68:1,https://aflcio.org/paywatch/company-pay-ratios?order=ticker&sort=asc&page=67,2026-07-23T11:11:37.241Z
67,MLI,Mueller Industries Inc,"$42,953",531:1,https://aflcio.org/paywatch/company-pay-ratios?order=ticker&sort=asc&page=67,2026-07-23T11:11:37.241Z
67,MLKN,"Millerknoll, Inc.","$64,088",140:1,https://aflcio.org/paywatch/company-pay-ratios?order=ticker&sort=asc&page=67,2026-07-23T11:11:37.241Z
67,MLM,Martin Marietta Materials Inc,"$94,832",187:1,https://aflcio.org/paywatch/company-pay-ratios?order=ticker&sort=asc&page=67,2026-07-23T11:11:37.241Z
67,MLR,Miller Industries Inc,"$62,605",88:1,https://aflcio.org/paywatch/company-pay-ratios?order=ticker&sort=asc&page=67,2026-07-23T11:11:37.241Z
67,MLTX,MoonLake Immunotherapeutics,"$128,943",10:1,https://aflcio.org/paywatch/company-pay-ratios?order=ticker&sort=asc&page=67,2026-07-23T11:11:37.241Z
67,MMC,Marsh & McLennan Cos Inc,"$72,671",314:1,https://aflcio.org/paywatch/company-pay-ratios?order=ticker&sort=asc&page=67,2026-07-23T11:11:37.241Z
67,MMI,"Marcus & Millichap, Inc.","$90,000",51:1,https://aflcio.org/paywatch/company-pay-ratios?order=ticker&sort=asc&page=67,2026-07-23T11:11:37.241Z
67,MMM,3M Co,"$74,417",369:1,https://aflcio.org/paywatch/company-pay-ratios?order=ticker&sort=asc&page=67,2026-07-23T11:11:37.241Z
67,MMS,"Maximus, Inc.","$49,159",207:1,https://aflcio.org/paywatch/company-pay-ratios?order=ticker&sort=asc&page=67,2026-07-23T11:11:37.241Z
67,MMSI,Merit Medical Systems Inc,"$35,793",290:1,https://aflcio.org/paywatch/company-pay-ratios?order=ticker&sort=asc&page=67,2026-07-23T11:11:37.241Z
67,MNKD,Mannkind Corp,"$176,105",54:1,https://aflcio.org/paywatch/company-pay-ratios?order=ticker&sort=asc&page=67,2026-07-23T11:11:37.241Z
67,MNRO,"Monro, Inc.","$40,314",41:1,https://aflcio.org/paywatch/company-pay-ratios?order=ticker&sort=asc&page=67,2026-07-23T11:11:37.241Z
67,MNSB,"MainStreet Bancshares, Inc.","$113,900",6:1,https://aflcio.org/paywatch/company-pay-ratios?order=ticker&sort=asc&page=67,2026-07-23T11:11:37.241Z
67,MNST,Monster Beverage Corp,"$102,247",173:1,https://aflcio.org/paywatch/company-pay-ratios?order=ticker&sort=asc&page=67,2026-07-23T11:11:37.241Z
67,MO,Altria Group Inc,"$158,795",169:1,https://aflcio.org/paywatch/company-pay-ratios?order=ticker&sort=asc&page=67,2026-07-23T11:11:37.241Z
67,MOD,Modine Manufacturing Co,"$38,210",223:1,https://aflcio.org/paywatch/company-pay-ratios?order=ticker&sort=asc&page=67,2026-07-23T11:11:37.241Z
67,MODG,Topgolf Callaway Brands Corp.,"$27,279",344:1,https://aflcio.org/paywatch/company-pay-ratios?order=ticker&sort=asc&page=67,2026-07-23T11:11:37.241Z
67,MODV,ModivCare Inc,"$27,142",93:1,https://aflcio.org/paywatch/company-pay-ratios?order=ticker&sort=asc&page=67,2026-07-23T11:11:37.241Z
68,MOFG,"MidWestOne Financial Group, Inc.","$62,587",25:1,https://aflcio.org/paywatch/company-pay-ratios?order=ticker&sort=asc&page=68,2026-07-23T11:11:37.779Z
68,MOG-A,Moog Inc.,"$75,172",136:1,https://aflcio.org/paywatch/company-pay-ratios?order=ticker&sort=asc&page=68,2026-07-23T11:11:37.779Z
68,MOH,Molina Healthcare Inc,"$81,906",268:1,https://aflcio.org/paywatch/company-pay-ratios?order=ticker&sort=asc&page=68,2026-07-23T11:11:37.779Z
68,MORN,"Morningstar, Inc.","$69,270",125:1,https://aflcio.org/paywatch/company-pay-ratios?order=ticker&sort=asc&page=68,2026-07-23T11:11:37.779Z
68,MOS,Mosaic Co/The,"$43,086",229:1,https://aflcio.org/paywatch/company-pay-ratios?order=ticker&sort=asc&page=68,2026-07-23T11:11:37.779Z
68,MOV,Movado Group Inc,"$32,885",158:1,https://aflcio.org/paywatch/company-pay-ratios?order=ticker&sort=asc&page=68,2026-07-23T11:11:37.779Z
68,MP,MP Materials Corp.,"$92,627",63:1,https://aflcio.org/paywatch/company-pay-ratios?order=ticker&sort=asc&page=68,2026-07-23T11:11:37.779Z
68,MPB,Mid Penn Bancorp Inc,"$62,005",20:1,https://aflcio.org/paywatch/company-pay-ratios?order=ticker&sort=asc&page=68,2026-07-23T11:11:37.779Z
68,MPC,Marathon Petroleum Corp,"$173,773",100:1,https://aflcio.org/paywatch/company-pay-ratios?order=ticker&sort=asc&page=68,2026-07-23T11:11:37.779Z
68,MPW,Medical Properties Trust Inc,"$155,204",106:1,https://aflcio.org/paywatch/company-pay-ratios?order=ticker&sort=asc&page=68,2026-07-23T11:11:37.779Z
68,MPWR,Monolithic Power Systems Inc,"$49,405",384:1,https://aflcio.org/paywatch/company-pay-ratios?order=ticker&sort=asc&page=68,2026-07-23T11:11:37.779Z
68,MPX,Marine Products Corp,"$39,907",33:1,https://aflcio.org/paywatch/company-pay-ratios?order=ticker&sort=asc&page=68,2026-07-23T11:11:37.779Z
68,MQ,"Marqeta, Inc.","$235,379",48:1,https://aflcio.org/paywatch/company-pay-ratios?order=ticker&sort=asc&page=68,2026-07-23T11:11:37.779Z
68,MRC,Mrc Global Inc.,"$85,979",70:1,https://aflcio.org/paywatch/company-pay-ratios?order=ticker&sort=asc&page=68,2026-07-23T11:11:37.779Z
68,MRCY,Mercury Systems Inc,"$105,771",212:1,https://aflcio.org/paywatch/company-pay-ratios?order=ticker&sort=asc&page=68,2026-07-23T11:11:37.779Z
68,MRK,Merck & Co Inc,"$106,091",219:1,https://aflcio.org/paywatch/company-pay-ratios?order=ticker&sort=asc&page=68,2026-07-23T11:11:37.779Z
68,MRNA,Moderna Inc,"$213,200",93:1,https://aflcio.org/paywatch/company-pay-ratios?order=ticker&sort=asc&page=68,2026-07-23T11:11:37.779Z
68,MRSN,"Mersana Therapeutics, Inc.","$316,460",5:1,https://aflcio.org/paywatch/company-pay-ratios?order=ticker&sort=asc&page=68,2026-07-23T11:11:37.779Z
68,MRTN,Marten Transport Ltd,"$73,539",15:1,https://aflcio.org/paywatch/company-pay-ratios?order=ticker&sort=asc&page=68,2026-07-23T11:11:37.779Z
68,MRUS,Merus N.V.,"$204,923",47:1,https://aflcio.org/paywatch/company-pay-ratios?order=ticker&sort=asc&page=68,2026-07-23T11:11:37.779Z
69,MRVI,"Maravai Lifesciences Holdings, Inc.","$133,113",48:1,https://aflcio.org/paywatch/company-pay-ratios?order=ticker&sort=asc&page=69,2026-07-23T11:11:38.414Z
69,MRVL,"Marvell Technology, Inc.","$171,377",188:1,https://aflcio.org/paywatch/company-pay-ratios?order=ticker&sort=asc&page=69,2026-07-23T11:11:38.414Z
69,MS,Morgan Stanley,"$138,509",180:1,https://aflcio.org/paywatch/company-pay-ratios?order=ticker&sort=asc&page=69,2026-07-23T11:11:38.414Z
69,MSA,MSA Safety Inc,"$70,347",64:1,https://aflcio.org/paywatch/company-pay-ratios?order=ticker&sort=asc&page=69,2026-07-23T11:11:38.414Z
69,MSCI,MSCI Inc,"$55,751",282:1,https://aflcio.org/paywatch/company-pay-ratios?order=ticker&sort=asc&page=69,2026-07-23T11:11:38.414Z
69,MSEX,Middlesex Water Co,"$86,718",21:1,https://aflcio.org/paywatch/company-pay-ratios?order=ticker&sort=asc&page=69,2026-07-23T11:11:38.414Z
69,MSFT,Microsoft Corp,"$193,744",408:1,https://aflcio.org/paywatch/company-pay-ratios?order=ticker&sort=asc&page=69,2026-07-23T11:11:38.414Z
69,MSGS,Madison Square Garden Sports Corp.,"$73,563",138:1,https://aflcio.org/paywatch/company-pay-ratios?order=ticker&sort=asc&page=69,2026-07-23T11:11:38.414Z
69,MSI,Motorola Solutions Inc,"$96,957",318:1,https://aflcio.org/paywatch/company-pay-ratios?order=ticker&sort=asc&page=69,2026-07-23T11:11:38.414Z
69,MSM,Msc Industrial Direct Co Inc,"$51,876",86:1,https://aflcio.org/paywatch/company-pay-ratios?order=ticker&sort=asc&page=69,2026-07-23T11:11:38.414Z
69,MSTR,Microstrategy Inc,"$91,502",172:1,https://aflcio.org/paywatch/company-pay-ratios?order=ticker&sort=asc&page=69,2026-07-23T11:11:38.414Z
69,MTB,M&T Bank Corp,"$87,679",117:1,https://aflcio.org/paywatch/company-pay-ratios?order=ticker&sort=asc&page=69,2026-07-23T11:11:38.414Z
69,MTCH,Match Group Inc,"$150,655",105:1,https://aflcio.org/paywatch/company-pay-ratios?order=ticker&sort=asc&page=69,2026-07-23T11:11:38.414Z
69,MTD,Mettler-Toledo International Inc,"$45,374",150:1,https://aflcio.org/paywatch/company-pay-ratios?order=ticker&sort=asc&page=69,2026-07-23T11:11:38.414Z
69,MTDR,Matador Resources Co,"$227,238",37:1,https://aflcio.org/paywatch/company-pay-ratios?order=ticker&sort=asc&page=69,2026-07-23T11:11:38.414Z
69,MTG,Mgic Investment Corp,"$174,516",51:1,https://aflcio.org/paywatch/company-pay-ratios?order=ticker&sort=asc&page=69,2026-07-23T11:11:38.414Z
69,MTH,Meritage Homes CORP,"$135,529",88:1,https://aflcio.org/paywatch/company-pay-ratios?order=ticker&sort=asc&page=69,2026-07-23T11:11:38.414Z
69,MTN,Vail Resorts Inc,"$29,019",217:1,https://aflcio.org/paywatch/company-pay-ratios?order=ticker&sort=asc&page=69,2026-07-23T11:11:38.414Z
69,MTRN,MATERION Corp,"$85,185",69:1,https://aflcio.org/paywatch/company-pay-ratios?order=ticker&sort=asc&page=69,2026-07-23T11:11:38.414Z
69,MTRX,Matrix Service Co,"$105,413",39:1,https://aflcio.org/paywatch/company-pay-ratios?order=ticker&sort=asc&page=69,2026-07-23T11:11:38.414Z
70,MTSI,"MACOM Technology Solutions Holdings, Inc.","$101,834",59:1,https://aflcio.org/paywatch/company-pay-ratios?order=ticker&sort=asc&page=70,2026-07-23T11:11:38.880Z
70,MTTR,"Matterport, Inc.","$256,795",25:1,https://aflcio.org/paywatch/company-pay-ratios?order=ticker&sort=asc&page=70,2026-07-23T11:11:38.880Z
70,MTUS,Metallus Inc.,"$98,050",44:1,https://aflcio.org/paywatch/company-pay-ratios?order=ticker&sort=asc&page=70,2026-07-23T11:11:38.880Z
70,MTW,Manitowoc Co Inc,"$64,996",80:1,https://aflcio.org/paywatch/company-pay-ratios?order=ticker&sort=asc&page=70,2026-07-23T11:11:38.880Z
70,MTX,Minerals Technologies Inc,"$52,605",150:1,https://aflcio.org/paywatch/company-pay-ratios?order=ticker&sort=asc&page=70,2026-07-23T11:11:38.880Z
70,MTZ,Mastec Inc,"$104,535",73:1,https://aflcio.org/paywatch/company-pay-ratios?order=ticker&sort=asc&page=70,2026-07-23T11:11:38.880Z
70,MU,Micron Technology Inc,"$64,042",469:1,https://aflcio.org/paywatch/company-pay-ratios?order=ticker&sort=asc&page=70,2026-07-23T11:11:38.880Z
70,MUR,Murphy Oil Corp,"$202,161",51:1,https://aflcio.org/paywatch/company-pay-ratios?order=ticker&sort=asc&page=70,2026-07-23T11:11:38.880Z
70,MUSA,Murphy USA Inc.,"$18,933",585:1,https://aflcio.org/paywatch/company-pay-ratios?order=ticker&sort=asc&page=70,2026-07-23T11:11:38.880Z
70,MVBF,Mvb Financial Corp,"$84,413",27:1,https://aflcio.org/paywatch/company-pay-ratios?order=ticker&sort=asc&page=70,2026-07-23T11:11:38.880Z
70,MVIS,"Microvision, Inc.","$102,846",63:1,https://aflcio.org/paywatch/company-pay-ratios?order=ticker&sort=asc&page=70,2026-07-23T11:11:38.880Z
70,MWA,"Mueller Water Products, Inc.","$60,077",103:1,https://aflcio.org/paywatch/company-pay-ratios?order=ticker&sort=asc&page=70,2026-07-23T11:11:38.880Z
70,MXL,"Maxlinear, Inc","$130,242",202:1,https://aflcio.org/paywatch/company-pay-ratios?order=ticker&sort=asc&page=70,2026-07-23T11:11:38.880Z
70,MYE,Myers Industries Inc,"$63,074",66:1,https://aflcio.org/paywatch/company-pay-ratios?order=ticker&sort=asc&page=70,2026-07-23T11:11:38.880Z
70,MYGN,Myriad Genetics Inc,"$107,378",127:1,https://aflcio.org/paywatch/company-pay-ratios?order=ticker&sort=asc&page=70,2026-07-23T11:11:38.880Z
70,MYRG,Myr Group Inc.,"$186,808",23:1,https://aflcio.org/paywatch/company-pay-ratios?order=ticker&sort=asc&page=70,2026-07-23T11:11:38.880Z
70,NABL,"N-able, Inc.","$77,894",82:1,https://aflcio.org/paywatch/company-pay-ratios?order=ticker&sort=asc&page=70,2026-07-23T11:11:38.880Z
70,NAGE,"Niagen Bioscience, Inc.","$130,524",9:1,https://aflcio.org/paywatch/company-pay-ratios?order=ticker&sort=asc&page=70,2026-07-23T11:11:38.880Z
70,NAPA,"Duckhorn Portfolio, Inc.","$117,231",57:1,https://aflcio.org/paywatch/company-pay-ratios?order=ticker&sort=asc&page=70,2026-07-23T11:11:38.880Z
70,NATL,NCR Atleos Corp,"$49,479",176:1,https://aflcio.org/paywatch/company-pay-ratios?order=ticker&sort=asc&page=70,2026-07-23T11:11:38.880Z
71,NAVI,Navient Corp,"$56,452",108:1,https://aflcio.org/paywatch/company-pay-ratios?order=ticker&sort=asc&page=71,2026-07-23T11:11:40.546Z
71,NBHC,National Bank Holdings Corp,"$76,225",52:1,https://aflcio.org/paywatch/company-pay-ratios?order=ticker&sort=asc&page=71,2026-07-23T11:11:40.546Z
71,NBIX,Neurocrine Biosciences Inc,"$265,089",35:1,https://aflcio.org/paywatch/company-pay-ratios?order=ticker&sort=asc&page=71,2026-07-23T11:11:40.546Z
71,NBR,Nabors Industries Ltd,"$50,784",296:1,https://aflcio.org/paywatch/company-pay-ratios?order=ticker&sort=asc&page=71,2026-07-23T11:11:40.546Z
71,NBTB,Nbt Bancorp Inc,"$63,025",40:1,https://aflcio.org/paywatch/company-pay-ratios?order=ticker&sort=asc&page=71,2026-07-23T11:11:40.546Z
71,NC,Nacco Industries Inc,"$134,446",37:1,https://aflcio.org/paywatch/company-pay-ratios?order=ticker&sort=asc&page=71,2026-07-23T11:11:40.546Z
71,NCLH,Norwegian Cruise Line Holdings Ltd,"$23,312",550:1,https://aflcio.org/paywatch/company-pay-ratios?order=ticker&sort=asc&page=71,2026-07-23T11:11:40.546Z
71,NDAQ,Nasdaq Inc,"$92,031",234:1,https://aflcio.org/paywatch/company-pay-ratios?order=ticker&sort=asc&page=71,2026-07-23T11:11:40.546Z
71,NDSN,Nordson Corp,"$71,870",119:1,https://aflcio.org/paywatch/company-pay-ratios?order=ticker&sort=asc&page=71,2026-07-23T11:11:40.546Z
71,NEE,NextEra Energy Inc,"$146,532",147:1,https://aflcio.org/paywatch/company-pay-ratios?order=ticker&sort=asc&page=71,2026-07-23T11:11:40.546Z
71,NEM,Newmont Corp,"$64,119",202:1,https://aflcio.org/paywatch/company-pay-ratios?order=ticker&sort=asc&page=71,2026-07-23T11:11:40.546Z
71,NEO,Neogenomics Inc,"$97,169",117:1,https://aflcio.org/paywatch/company-pay-ratios?order=ticker&sort=asc&page=71,2026-07-23T11:11:40.546Z
71,NEOG,Neogen Corp,"$49,064",147:1,https://aflcio.org/paywatch/company-pay-ratios?order=ticker&sort=asc&page=71,2026-07-23T11:11:40.546Z
71,NET,"Cloudflare, Inc.","$151,522",14:1,https://aflcio.org/paywatch/company-pay-ratios?order=ticker&sort=asc&page=71,2026-07-23T11:11:40.546Z
71,NEU,Newmarket Corp,"$127,813",24:1,https://aflcio.org/paywatch/company-pay-ratios?order=ticker&sort=asc&page=71,2026-07-23T11:11:40.546Z
71,NEWT,"NewtekOne, Inc.","$90,000",7:1,https://aflcio.org/paywatch/company-pay-ratios?order=ticker&sort=asc&page=71,2026-07-23T11:11:40.546Z
71,NFBK,"Northfield Bancorp, Inc.","$61,028",24:1,https://aflcio.org/paywatch/company-pay-ratios?order=ticker&sort=asc&page=71,2026-07-23T11:11:40.546Z
71,NFG,National Fuel Gas Co,"$105,975",82:1,https://aflcio.org/paywatch/company-pay-ratios?order=ticker&sort=asc&page=71,2026-07-23T11:11:40.546Z
71,NFLX,Netflix Inc,"$215,503",287:1,https://aflcio.org/paywatch/company-pay-ratios?order=ticker&sort=asc&page=71,2026-07-23T11:11:40.546Z
71,NG,Novagold Resources Inc,"$485,639",10:1,https://aflcio.org/paywatch/company-pay-ratios?order=ticker&sort=asc&page=71,2026-07-23T11:11:40.546Z
72,NGL,NGL Energy Partners LP,"$108,712",25:1,https://aflcio.org/paywatch/company-pay-ratios?order=ticker&sort=asc&page=72,2026-07-23T11:11:41.085Z
72,NGVC,"Natural Grocers by Vitamin Cottage, Inc.","$40,319",16:1,https://aflcio.org/paywatch/company-pay-ratios?order=ticker&sort=asc&page=72,2026-07-23T11:11:41.085Z
72,NGVT,Ingevity Corp,"$91,408",46:1,https://aflcio.org/paywatch/company-pay-ratios?order=ticker&sort=asc&page=72,2026-07-23T11:11:41.085Z
72,NHC,National Healthcare Corp,"$35,147",61:1,https://aflcio.org/paywatch/company-pay-ratios?order=ticker&sort=asc&page=72,2026-07-23T11:11:41.085Z
72,NHI,National Health Investors Inc,"$219,422",10:1,https://aflcio.org/paywatch/company-pay-ratios?order=ticker&sort=asc&page=72,2026-07-23T11:11:41.085Z
72,NI,NiSource Inc,"$125,174",102:1,https://aflcio.org/paywatch/company-pay-ratios?order=ticker&sort=asc&page=72,2026-07-23T11:11:41.085Z
72,NIC,Nicolet Bankshares Inc,"$56,001",57:1,https://aflcio.org/paywatch/company-pay-ratios?order=ticker&sort=asc&page=72,2026-07-23T11:11:41.085Z
72,NJR,New Jersey Resources Corp,"$160,169",45:1,https://aflcio.org/paywatch/company-pay-ratios?order=ticker&sort=asc&page=72,2026-07-23T11:11:41.085Z
72,NKE,NIKE Inc,"$38,462",759:1,https://aflcio.org/paywatch/company-pay-ratios?order=ticker&sort=asc&page=72,2026-07-23T11:11:41.085Z
72,NKTR,Nektar Therapeutics,"$407,377",9:1,https://aflcio.org/paywatch/company-pay-ratios?order=ticker&sort=asc&page=72,2026-07-23T11:11:41.085Z
72,NL,Nl Industries Inc,"$71,990",20:1,https://aflcio.org/paywatch/company-pay-ratios?order=ticker&sort=asc&page=72,2026-07-23T11:11:41.085Z
72,NLY,Annaly Capital Management Inc,"$295,000",60:1,https://aflcio.org/paywatch/company-pay-ratios?order=ticker&sort=asc&page=72,2026-07-23T11:11:41.085Z
72,NMIH,"NMI Holdings, Inc.","$177,504",50:1,https://aflcio.org/paywatch/company-pay-ratios?order=ticker&sort=asc&page=72,2026-07-23T11:11:41.085Z
72,NMRK,"Newmark Group, Inc.","$94,417",212:1,https://aflcio.org/paywatch/company-pay-ratios?order=ticker&sort=asc&page=72,2026-07-23T11:11:41.085Z
72,NNBR,Nn Inc,"$16,776",90:1,https://aflcio.org/paywatch/company-pay-ratios?order=ticker&sort=asc&page=72,2026-07-23T11:11:41.085Z
72,NNI,Nelnet Inc,"$57,240",27:1,https://aflcio.org/paywatch/company-pay-ratios?order=ticker&sort=asc&page=72,2026-07-23T11:11:41.085Z
72,NNN,"Nnn Reit, Inc.","$121,201",69:1,https://aflcio.org/paywatch/company-pay-ratios?order=ticker&sort=asc&page=72,2026-07-23T11:11:41.085Z
72,NOC,Northrop Grumman Corp,"$109,782",222:1,https://aflcio.org/paywatch/company-pay-ratios?order=ticker&sort=asc&page=72,2026-07-23T11:11:41.085Z
72,NODK,"NI Holdings, Inc.","$73,966",30:1,https://aflcio.org/paywatch/company-pay-ratios?order=ticker&sort=asc&page=72,2026-07-23T11:11:41.085Z
72,NOG,"Northern Oil & Gas, Inc.","$252,229",32:1,https://aflcio.org/paywatch/company-pay-ratios?order=ticker&sort=asc&page=72,2026-07-23T11:11:41.085Z
73,NOV,NOV Inc.,"$61,260",195:1,https://aflcio.org/paywatch/company-pay-ratios?order=ticker&sort=asc&page=73,2026-07-23T11:11:41.604Z
73,NOVA,Sunnova Energy International Inc.,"$82,267",69:1,https://aflcio.org/paywatch/company-pay-ratios?order=ticker&sort=asc&page=73,2026-07-23T11:11:41.604Z
73,NOVT,Novanta Inc,"$53,129",165:1,https://aflcio.org/paywatch/company-pay-ratios?order=ticker&sort=asc&page=73,2026-07-23T11:11:41.604Z
73,NOW,ServiceNow Inc,"$199,699",188:1,https://aflcio.org/paywatch/company-pay-ratios?order=ticker&sort=asc&page=73,2026-07-23T11:11:41.604Z
73,NPKI,NPK International Inc.,"$82,813",41:1,https://aflcio.org/paywatch/company-pay-ratios?order=ticker&sort=asc&page=73,2026-07-23T11:11:41.604Z
73,NPO,Enpro Inc.,"$58,810",113:1,https://aflcio.org/paywatch/company-pay-ratios?order=ticker&sort=asc&page=73,2026-07-23T11:11:41.604Z
73,NRC,National Research Corp,"$85,490",2:1,https://aflcio.org/paywatch/company-pay-ratios?order=ticker&sort=asc&page=73,2026-07-23T11:11:41.604Z
73,NRG,NRG Energy Inc,"$88,545",62:1,https://aflcio.org/paywatch/company-pay-ratios?order=ticker&sort=asc&page=73,2026-07-23T11:11:41.604Z
73,NRIM,Northrim Bancorp Inc,"$89,224",12:1,https://aflcio.org/paywatch/company-pay-ratios?order=ticker&sort=asc&page=73,2026-07-23T11:11:41.604Z
73,NRP,Natural Resource Partners Lp,"$182,514",22:1,https://aflcio.org/paywatch/company-pay-ratios?order=ticker&sort=asc&page=73,2026-07-23T11:11:41.604Z
73,NSA,National Storage Affiliates Trust,"$36,443",132:1,https://aflcio.org/paywatch/company-pay-ratios?order=ticker&sort=asc&page=73,2026-07-23T11:11:41.604Z
73,NSC,Norfolk Southern Corp,"$79,792",124:1,https://aflcio.org/paywatch/company-pay-ratios?order=ticker&sort=asc&page=73,2026-07-23T11:11:41.604Z
73,NSIT,Insight Enterprises Inc,"$65,939",131:1,https://aflcio.org/paywatch/company-pay-ratios?order=ticker&sort=asc&page=73,2026-07-23T11:11:41.604Z
73,NSP,"Insperity, Inc.","$95,104",98:1,https://aflcio.org/paywatch/company-pay-ratios?order=ticker&sort=asc&page=73,2026-07-23T11:11:41.604Z
73,NSSC,"Napco Security Technologies, Inc","$4,360",418:1,https://aflcio.org/paywatch/company-pay-ratios?order=ticker&sort=asc&page=73,2026-07-23T11:11:41.604Z
73,NTAP,NetApp Inc,"$140,410",126:1,https://aflcio.org/paywatch/company-pay-ratios?order=ticker&sort=asc&page=73,2026-07-23T11:11:41.604Z
73,NTCT,Netscout Systems Inc,"$144,295",19:1,https://aflcio.org/paywatch/company-pay-ratios?order=ticker&sort=asc&page=73,2026-07-23T11:11:41.604Z
73,NTGR,"Netgear, Inc.","$113,904",156:1,https://aflcio.org/paywatch/company-pay-ratios?order=ticker&sort=asc&page=73,2026-07-23T11:11:41.604Z
73,NTLA,"Intellia Therapeutics, Inc.","$329,586",47:1,https://aflcio.org/paywatch/company-pay-ratios?order=ticker&sort=asc&page=73,2026-07-23T11:11:41.604Z
73,NTNX,"Nutanix, Inc.","$140,339",364:1,https://aflcio.org/paywatch/company-pay-ratios?order=ticker&sort=asc&page=73,2026-07-23T11:11:41.604Z
74,NTRA,"Natera, Inc.","$136,511",95:1,https://aflcio.org/paywatch/company-pay-ratios?order=ticker&sort=asc&page=74,2026-07-23T11:11:42.137Z
74,NTRS,Northern Trust Corp,"$72,673",150:1,https://aflcio.org/paywatch/company-pay-ratios?order=ticker&sort=asc&page=74,2026-07-23T11:11:42.137Z
74,NTST,NETSTREIT Corp.,"$178,800",28:1,https://aflcio.org/paywatch/company-pay-ratios?order=ticker&sort=asc&page=74,2026-07-23T11:11:42.137Z
74,NUE,Nucor Corp,"$98,334",193:1,https://aflcio.org/paywatch/company-pay-ratios?order=ticker&sort=asc&page=74,2026-07-23T11:11:42.137Z
74,NUS,"Nu Skin Enterprises, Inc.",$950,"6,309:1",https://aflcio.org/paywatch/company-pay-ratios?order=ticker&sort=asc&page=74,2026-07-23T11:11:42.137Z
74,NUVL,"Nuvalent, Inc.","$688,370",25:1,https://aflcio.org/paywatch/company-pay-ratios?order=ticker&sort=asc&page=74,2026-07-23T11:11:42.137Z
74,NVAX,Novavax Inc,"$161,162",32:1,https://aflcio.org/paywatch/company-pay-ratios?order=ticker&sort=asc&page=74,2026-07-23T11:11:42.137Z
74,NVCR,NovoCure Ltd,"$141,515",10:1,https://aflcio.org/paywatch/company-pay-ratios?order=ticker&sort=asc&page=74,2026-07-23T11:11:42.137Z
74,NVDA,NVIDIA Corp,"$301,233",166:1,https://aflcio.org/paywatch/company-pay-ratios?order=ticker&sort=asc&page=74,2026-07-23T11:11:42.137Z
74,NVEE,"NV5 Global, Inc.","$80,720",28:1,https://aflcio.org/paywatch/company-pay-ratios?order=ticker&sort=asc&page=74,2026-07-23T11:11:42.137Z
74,NVR,NVR Inc,"$75,244",31:1,https://aflcio.org/paywatch/company-pay-ratios?order=ticker&sort=asc&page=74,2026-07-23T11:11:42.137Z
74,NVRI,ENVIRI Corp,"$55,808",112:1,https://aflcio.org/paywatch/company-pay-ratios?order=ticker&sort=asc&page=74,2026-07-23T11:11:42.137Z
74,NVST,Envista Holdings Corp,"$39,203",618:1,https://aflcio.org/paywatch/company-pay-ratios?order=ticker&sort=asc&page=74,2026-07-23T11:11:42.137Z
74,NVT,nVent Electric plc,"$53,133",185:1,https://aflcio.org/paywatch/company-pay-ratios?order=ticker&sort=asc&page=74,2026-07-23T11:11:42.137Z
74,NWBI,"Northwest Bancshares, Inc.","$54,161",71:1,https://aflcio.org/paywatch/company-pay-ratios?order=ticker&sort=asc&page=74,2026-07-23T11:11:42.137Z
74,NWL,Newell Brands Inc.,"$39,614",313:1,https://aflcio.org/paywatch/company-pay-ratios?order=ticker&sort=asc&page=74,2026-07-23T11:11:42.137Z
74,NWN,Northwest Natural Holding Co,"$131,279",32:1,https://aflcio.org/paywatch/company-pay-ratios?order=ticker&sort=asc&page=74,2026-07-23T11:11:42.137Z
74,NWPX,Northwest Pipe Co,"$80,266",39:1,https://aflcio.org/paywatch/company-pay-ratios?order=ticker&sort=asc&page=74,2026-07-23T11:11:42.137Z
74,NWSA,News Corp,"$82,701",246:1,https://aflcio.org/paywatch/company-pay-ratios?order=ticker&sort=asc&page=74,2026-07-23T11:11:42.137Z
74,NX,Quanex Building Products CORP,"$44,365",107:1,https://aflcio.org/paywatch/company-pay-ratios?order=ticker&sort=asc&page=74,2026-07-23T11:11:42.137Z
75,NXPI,NXP Semiconductors NV,"$46,891",441:1,https://aflcio.org/paywatch/company-pay-ratios?order=ticker&sort=asc&page=75,2026-07-23T11:11:42.785Z
75,NXRT,"NexPoint Residential Trust, Inc.","$233,718",15:1,https://aflcio.org/paywatch/company-pay-ratios?order=ticker&sort=asc&page=75,2026-07-23T11:11:42.785Z
75,NXST,"Nexstar Media Group, Inc.","$69,406",517:1,https://aflcio.org/paywatch/company-pay-ratios?order=ticker&sort=asc&page=75,2026-07-23T11:11:42.785Z
75,NXT,Nextracker Inc.,"$62,379",332:1,https://aflcio.org/paywatch/company-pay-ratios?order=ticker&sort=asc&page=75,2026-07-23T11:11:42.785Z
75,NYMT,"New York Mortgage Trust, Inc.","$220,000",17:1,https://aflcio.org/paywatch/company-pay-ratios?order=ticker&sort=asc&page=75,2026-07-23T11:11:42.785Z
75,NYT,New York Times Co,"$192,315",41:1,https://aflcio.org/paywatch/company-pay-ratios?order=ticker&sort=asc&page=75,2026-07-23T11:11:42.785Z
75,O,Realty Income Corp,"$143,475",106:1,https://aflcio.org/paywatch/company-pay-ratios?order=ticker&sort=asc&page=75,2026-07-23T11:11:42.785Z
75,OBK,"Origin Bancorp, Inc.","$73,015",35:1,https://aflcio.org/paywatch/company-pay-ratios?order=ticker&sort=asc&page=75,2026-07-23T11:11:42.785Z
75,OC,Owens Corning,"$71,403",171:1,https://aflcio.org/paywatch/company-pay-ratios?order=ticker&sort=asc&page=75,2026-07-23T11:11:42.785Z
75,OCFC,Oceanfirst Financial Corp,"$79,354",38:1,https://aflcio.org/paywatch/company-pay-ratios?order=ticker&sort=asc&page=75,2026-07-23T11:11:42.785Z
75,ODFL,Old Dominion Freight Line Inc,"$77,394",163:1,https://aflcio.org/paywatch/company-pay-ratios?order=ticker&sort=asc&page=75,2026-07-23T11:11:42.785Z
75,ODP,ODP Corp,"$26,120",363:1,https://aflcio.org/paywatch/company-pay-ratios?order=ticker&sort=asc&page=75,2026-07-23T11:11:42.785Z
75,OEC,Orion S.A.,"$73,796",62:1,https://aflcio.org/paywatch/company-pay-ratios?order=ticker&sort=asc&page=75,2026-07-23T11:11:42.785Z
75,OFIX,Orthofix Medical Inc.,"$86,095",126:1,https://aflcio.org/paywatch/company-pay-ratios?order=ticker&sort=asc&page=75,2026-07-23T11:11:42.785Z
75,OGE,Oge Energy Corp.,"$137,721",74:1,https://aflcio.org/paywatch/company-pay-ratios?order=ticker&sort=asc&page=75,2026-07-23T11:11:42.785Z
75,OGN,Organon & Co.,"$76,326",224:1,https://aflcio.org/paywatch/company-pay-ratios?order=ticker&sort=asc&page=75,2026-07-23T11:11:42.785Z
75,OGS,"ONE Gas, Inc.","$109,118",48:1,https://aflcio.org/paywatch/company-pay-ratios?order=ticker&sort=asc&page=75,2026-07-23T11:11:42.785Z
75,OHI,Omega Healthcare Investors Inc,"$269,661",50:1,https://aflcio.org/paywatch/company-pay-ratios?order=ticker&sort=asc&page=75,2026-07-23T11:11:42.785Z
75,OI,"O-I Glass, Inc.","$43,691",182:1,https://aflcio.org/paywatch/company-pay-ratios?order=ticker&sort=asc&page=75,2026-07-23T11:11:42.785Z
75,OII,Oceaneering International Inc,"$73,444",101:1,https://aflcio.org/paywatch/company-pay-ratios?order=ticker&sort=asc&page=75,2026-07-23T11:11:42.785Z
76,OIS,"Oil States International, Inc","$65,124",75:1,https://aflcio.org/paywatch/company-pay-ratios?order=ticker&sort=asc&page=76,2026-07-23T11:11:43.211Z
76,OKE,ONEOK Inc,"$158,449",84:1,https://aflcio.org/paywatch/company-pay-ratios?order=ticker&sort=asc&page=76,2026-07-23T11:11:43.211Z
76,OKTA,"Okta, Inc.","$261,591",115:1,https://aflcio.org/paywatch/company-pay-ratios?order=ticker&sort=asc&page=76,2026-07-23T11:11:43.211Z
76,OLED,Universal Display Corp,"$148,030",61:1,https://aflcio.org/paywatch/company-pay-ratios?order=ticker&sort=asc&page=76,2026-07-23T11:11:43.211Z
76,OLLI,"Ollie's Bargain Outlet Holdings, Inc.","$33,037",179:1,https://aflcio.org/paywatch/company-pay-ratios?order=ticker&sort=asc&page=76,2026-07-23T11:11:43.211Z
76,OLN,Olin Corp,"$90,939",254:1,https://aflcio.org/paywatch/company-pay-ratios?order=ticker&sort=asc&page=76,2026-07-23T11:11:43.211Z
76,OLO,Olo Inc.,"$174,489",55:1,https://aflcio.org/paywatch/company-pay-ratios?order=ticker&sort=asc&page=76,2026-07-23T11:11:43.211Z
76,OLP,One Liberty Properties Inc,"$309,430",6:1,https://aflcio.org/paywatch/company-pay-ratios?order=ticker&sort=asc&page=76,2026-07-23T11:11:43.211Z
76,OMC,Omnicom Group Inc,"$43,832",494:1,https://aflcio.org/paywatch/company-pay-ratios?order=ticker&sort=asc&page=76,2026-07-23T11:11:43.211Z
76,OMCL,"Omnicell, Inc.","$103,606",79:1,https://aflcio.org/paywatch/company-pay-ratios?order=ticker&sort=asc&page=76,2026-07-23T11:11:43.211Z
76,OMER,Omeros Corp,"$183,614",20:1,https://aflcio.org/paywatch/company-pay-ratios?order=ticker&sort=asc&page=76,2026-07-23T11:11:43.211Z
76,OMF,"OneMain Holdings, Inc.","$85,089",133:1,https://aflcio.org/paywatch/company-pay-ratios?order=ticker&sort=asc&page=76,2026-07-23T11:11:43.211Z
76,OMI,Owens & Minor Inc,"$40,368",266:1,https://aflcio.org/paywatch/company-pay-ratios?order=ticker&sort=asc&page=76,2026-07-23T11:11:43.211Z
76,ON,ON Semiconductor Corp,"$15,580","1,998:1",https://aflcio.org/paywatch/company-pay-ratios?order=ticker&sort=asc&page=76,2026-07-23T11:11:43.211Z
76,ONB,Old National Bancorp,"$70,751",107:1,https://aflcio.org/paywatch/company-pay-ratios?order=ticker&sort=asc&page=76,2026-07-23T11:11:43.211Z
76,ONEW,OneWater Marine Inc.,"$67,124",56:1,https://aflcio.org/paywatch/company-pay-ratios?order=ticker&sort=asc&page=76,2026-07-23T11:11:43.211Z
76,ONIT,Onity Group Inc.,"$37,674",224:1,https://aflcio.org/paywatch/company-pay-ratios?order=ticker&sort=asc&page=76,2026-07-23T11:11:43.211Z
76,ONTO,Onto Innovation Inc.,"$103,605",67:1,https://aflcio.org/paywatch/company-pay-ratios?order=ticker&sort=asc&page=76,2026-07-23T11:11:43.211Z
76,OOMA,Ooma Inc,"$93,412",38:1,https://aflcio.org/paywatch/company-pay-ratios?order=ticker&sort=asc&page=76,2026-07-23T11:11:43.211Z
76,OPAD,Offerpad Solutions Inc.,"$76,151",14:1,https://aflcio.org/paywatch/company-pay-ratios?order=ticker&sort=asc&page=76,2026-07-23T11:11:43.211Z
77,OPCH,"Option Care Health, Inc.","$53,369",154:1,https://aflcio.org/paywatch/company-pay-ratios?order=ticker&sort=asc&page=77,2026-07-23T11:11:43.704Z
77,OPEN,Opendoor Technologies Inc.,"$91,605",8:1,https://aflcio.org/paywatch/company-pay-ratios?order=ticker&sort=asc&page=77,2026-07-23T11:11:43.704Z
77,OPK,"Opko Health, Inc.","$45,683",47:1,https://aflcio.org/paywatch/company-pay-ratios?order=ticker&sort=asc&page=77,2026-07-23T11:11:43.704Z
77,ORA,"Ormat Technologies, Inc.","$110,239",35:1,https://aflcio.org/paywatch/company-pay-ratios?order=ticker&sort=asc&page=77,2026-07-23T11:11:43.704Z
77,ORCL,Oracle Corp,"$78,950",82:1,https://aflcio.org/paywatch/company-pay-ratios?order=ticker&sort=asc&page=77,2026-07-23T11:11:43.704Z
77,ORGO,Organogenesis Holdings Inc.,"$222,778",31:1,https://aflcio.org/paywatch/company-pay-ratios?order=ticker&sort=asc&page=77,2026-07-23T11:11:43.704Z
77,ORI,Old Republic International Corp,"$83,449",92:1,https://aflcio.org/paywatch/company-pay-ratios?order=ticker&sort=asc&page=77,2026-07-23T11:11:43.704Z
77,ORLY,O’Reilly Automotive Inc,"$31,854",89:1,https://aflcio.org/paywatch/company-pay-ratios?order=ticker&sort=asc&page=77,2026-07-23T11:11:43.704Z
77,ORN,Orion Group Holdings Inc,"$69,160",52:1,https://aflcio.org/paywatch/company-pay-ratios?order=ticker&sort=asc&page=77,2026-07-23T11:11:43.704Z
77,ORRF,Orrstown Financial Services Inc,"$69,621",67:1,https://aflcio.org/paywatch/company-pay-ratios?order=ticker&sort=asc&page=77,2026-07-23T11:11:43.704Z
77,OSBC,Old Second Bancorp Inc,"$64,326",42:1,https://aflcio.org/paywatch/company-pay-ratios?order=ticker&sort=asc&page=77,2026-07-23T11:11:43.704Z
77,OSCR,"Oscar Health, Inc.","$108,236",8:1,https://aflcio.org/paywatch/company-pay-ratios?order=ticker&sort=asc&page=77,2026-07-23T11:11:43.704Z
77,OSIS,Osi Systems Inc,"$20,146","1,027:1",https://aflcio.org/paywatch/company-pay-ratios?order=ticker&sort=asc&page=77,2026-07-23T11:11:43.704Z
77,OSK,Oshkosh Corp,"$59,945",209:1,https://aflcio.org/paywatch/company-pay-ratios?order=ticker&sort=asc&page=77,2026-07-23T11:11:43.704Z
77,OSPN,OneSpan Inc.,"$101,572",71:1,https://aflcio.org/paywatch/company-pay-ratios?order=ticker&sort=asc&page=77,2026-07-23T11:11:43.704Z
77,OSUR,Orasure Technologies Inc,"$71,998",78:1,https://aflcio.org/paywatch/company-pay-ratios?order=ticker&sort=asc&page=77,2026-07-23T11:11:43.704Z
77,OTIS,Otis Worldwide Corp,"$61,120",689:1,https://aflcio.org/paywatch/company-pay-ratios?order=ticker&sort=asc&page=77,2026-07-23T11:11:43.704Z
77,OTTR,Otter Tail Corp,"$78,729",81:1,https://aflcio.org/paywatch/company-pay-ratios?order=ticker&sort=asc&page=77,2026-07-23T11:11:43.704Z
77,OUT,OUTFRONT Media Inc.,"$90,060",80:1,https://aflcio.org/paywatch/company-pay-ratios?order=ticker&sort=asc&page=77,2026-07-23T11:11:43.704Z
77,OVV,Ovintiv Inc.,"$191,240",68:1,https://aflcio.org/paywatch/company-pay-ratios?order=ticker&sort=asc&page=77,2026-07-23T11:11:43.704Z
78,OWL,Blue Owl Capital Inc.,"$364,951",65:1,https://aflcio.org/paywatch/company-pay-ratios?order=ticker&sort=asc&page=78,2026-07-23T11:11:44.260Z
78,OXM,Oxford Industries Inc,"$28,645",186:1,https://aflcio.org/paywatch/company-pay-ratios?order=ticker&sort=asc&page=78,2026-07-23T11:11:44.260Z
78,OXY,Occidental Petroleum Corp,"$218,952",85:1,https://aflcio.org/paywatch/company-pay-ratios?order=ticker&sort=asc&page=78,2026-07-23T11:11:44.260Z
78,PAA,Plains All American Pipeline Lp,"$141,736",60:1,https://aflcio.org/paywatch/company-pay-ratios?order=ticker&sort=asc&page=78,2026-07-23T11:11:44.260Z
78,PACB,"Pacific Biosciences Of California, Inc.","$199,372",46:1,https://aflcio.org/paywatch/company-pay-ratios?order=ticker&sort=asc&page=78,2026-07-23T11:11:44.260Z
78,PACK,Ranpak Holdings Corp.,"$71,338",30:1,https://aflcio.org/paywatch/company-pay-ratios?order=ticker&sort=asc&page=78,2026-07-23T11:11:44.260Z
78,PAG,"Penske Automotive Group, Inc.","$54,232",162:1,https://aflcio.org/paywatch/company-pay-ratios?order=ticker&sort=asc&page=78,2026-07-23T11:11:44.260Z
78,PAGP,Plains Gp Holdings Lp,"$141,736",60:1,https://aflcio.org/paywatch/company-pay-ratios?order=ticker&sort=asc&page=78,2026-07-23T11:11:44.260Z
78,PAHC,Phibro Animal Health Corp,"$68,322",70:1,https://aflcio.org/paywatch/company-pay-ratios?order=ticker&sort=asc&page=78,2026-07-23T11:11:44.260Z
78,PANW,Palo Alto Networks Inc,"$215,882",269:1,https://aflcio.org/paywatch/company-pay-ratios?order=ticker&sort=asc&page=78,2026-07-23T11:11:44.260Z
78,PAR,Par Technology Corp,"$68,819",224:1,https://aflcio.org/paywatch/company-pay-ratios?order=ticker&sort=asc&page=78,2026-07-23T11:11:44.260Z
78,PARA,Paramount Global,"$129,102",151:1,https://aflcio.org/paywatch/company-pay-ratios?order=ticker&sort=asc&page=78,2026-07-23T11:11:44.260Z
78,PARR,"Par Pacific Holdings, Inc.","$114,414",87:1,https://aflcio.org/paywatch/company-pay-ratios?order=ticker&sort=asc&page=78,2026-07-23T11:11:44.260Z
78,PATH,"UiPath, Inc.","$188,349",88:1,https://aflcio.org/paywatch/company-pay-ratios?order=ticker&sort=asc&page=78,2026-07-23T11:11:44.260Z
78,PATK,Patrick Industries Inc,"$47,141",136:1,https://aflcio.org/paywatch/company-pay-ratios?order=ticker&sort=asc&page=78,2026-07-23T11:11:44.260Z
78,PAYC,Paycom Software Inc,"$81,644",148:1,https://aflcio.org/paywatch/company-pay-ratios?order=ticker&sort=asc&page=78,2026-07-23T11:11:44.260Z
78,PAYO,Payoneer Global Inc.,"$98,666",100:1,https://aflcio.org/paywatch/company-pay-ratios?order=ticker&sort=asc&page=78,2026-07-23T11:11:44.260Z
78,PAYX,Paychex Inc,"$73,013",103:1,https://aflcio.org/paywatch/company-pay-ratios?order=ticker&sort=asc&page=78,2026-07-23T11:11:44.260Z
78,PB,Prosperity Bancshares Inc,"$47,128",120:1,https://aflcio.org/paywatch/company-pay-ratios?order=ticker&sort=asc&page=78,2026-07-23T11:11:44.260Z
78,PBF,PBF Energy Inc.,"$189,277",49:1,https://aflcio.org/paywatch/company-pay-ratios?order=ticker&sort=asc&page=78,2026-07-23T11:11:44.260Z
79,PBH,Prestige Consumer Healthcare Inc.,"$82,936",69:1,https://aflcio.org/paywatch/company-pay-ratios?order=ticker&sort=asc&page=79,2026-07-23T11:11:44.819Z
79,PBI,Pitney Bowes Inc,"$48,088",217:1,https://aflcio.org/paywatch/company-pay-ratios?order=ticker&sort=asc&page=79,2026-07-23T11:11:44.819Z
79,PBPB,Potbelly Corp,"$23,611",125:1,https://aflcio.org/paywatch/company-pay-ratios?order=ticker&sort=asc&page=79,2026-07-23T11:11:44.819Z
79,PBYI,"Puma Biotechnology, Inc.","$260,734",15:1,https://aflcio.org/paywatch/company-pay-ratios?order=ticker&sort=asc&page=79,2026-07-23T11:11:44.819Z
79,PCAR,PACCAR Inc,"$91,985",189:1,https://aflcio.org/paywatch/company-pay-ratios?order=ticker&sort=asc&page=79,2026-07-23T11:11:44.819Z
79,PCG,PG&E Corp,"$181,643",87:1,https://aflcio.org/paywatch/company-pay-ratios?order=ticker&sort=asc&page=79,2026-07-23T11:11:44.819Z
79,PCH,Potlatchdeltic Corp,"$81,125",77:1,https://aflcio.org/paywatch/company-pay-ratios?order=ticker&sort=asc&page=79,2026-07-23T11:11:44.819Z
79,PCOR,"Procore Technologies, Inc.","$146,152",110:1,https://aflcio.org/paywatch/company-pay-ratios?order=ticker&sort=asc&page=79,2026-07-23T11:11:44.819Z
79,PCRX,"Pacira BioSciences, Inc.","$233,124",68:1,https://aflcio.org/paywatch/company-pay-ratios?order=ticker&sort=asc&page=79,2026-07-23T11:11:44.819Z
79,PCT,"PureCycle Technologies, Inc.","$141,069",29:1,https://aflcio.org/paywatch/company-pay-ratios?order=ticker&sort=asc&page=79,2026-07-23T11:11:44.819Z
79,PCTY,Paylocity Holding Corp,"$95,675",154:1,https://aflcio.org/paywatch/company-pay-ratios?order=ticker&sort=asc&page=79,2026-07-23T11:11:44.819Z
79,PCVX,"Vaxcyte, Inc.","$323,387",123:1,https://aflcio.org/paywatch/company-pay-ratios?order=ticker&sort=asc&page=79,2026-07-23T11:11:44.819Z
79,PD,"PagerDuty, Inc.","$171,151",116:1,https://aflcio.org/paywatch/company-pay-ratios?order=ticker&sort=asc&page=79,2026-07-23T11:11:44.819Z
79,PDCO,"Patterson Companies, Inc.","$86,663",68:1,https://aflcio.org/paywatch/company-pay-ratios?order=ticker&sort=asc&page=79,2026-07-23T11:11:44.819Z
79,PDFS,Pdf Solutions Inc,"$102,789",5:1,https://aflcio.org/paywatch/company-pay-ratios?order=ticker&sort=asc&page=79,2026-07-23T11:11:44.819Z
79,PDM,"Piedmont Office Realty Trust, Inc.","$143,497",40:1,https://aflcio.org/paywatch/company-pay-ratios?order=ticker&sort=asc&page=79,2026-07-23T11:11:44.819Z
79,PEB,Pebblebrook Hotel Trust,"$175,365",42:1,https://aflcio.org/paywatch/company-pay-ratios?order=ticker&sort=asc&page=79,2026-07-23T11:11:44.819Z
79,PEBO,Peoples Bancorp Inc,"$57,430",20:1,https://aflcio.org/paywatch/company-pay-ratios?order=ticker&sort=asc&page=79,2026-07-23T11:11:44.819Z
79,PECO,"Phillips Edison & Company, Inc.","$124,914",56:1,https://aflcio.org/paywatch/company-pay-ratios?order=ticker&sort=asc&page=79,2026-07-23T11:11:44.819Z
79,PEG,Public Service Enterprise Group Inc,"$152,491",81:1,https://aflcio.org/paywatch/company-pay-ratios?order=ticker&sort=asc&page=79,2026-07-23T11:11:44.819Z
80,PEGA,Pegasystems Inc,"$103,081",74:1,https://aflcio.org/paywatch/company-pay-ratios?order=ticker&sort=asc&page=80,2026-07-23T11:11:45.380Z
80,PEN,Penumbra Inc,"$72,771",9:1,https://aflcio.org/paywatch/company-pay-ratios?order=ticker&sort=asc&page=80,2026-07-23T11:11:45.380Z
80,PENG,"Penguin Solutions, Inc.","$36,779",163:1,https://aflcio.org/paywatch/company-pay-ratios?order=ticker&sort=asc&page=80,2026-07-23T11:11:45.380Z
80,PENN,"PENN Entertainment, Inc.","$36,322",734:1,https://aflcio.org/paywatch/company-pay-ratios?order=ticker&sort=asc&page=80,2026-07-23T11:11:45.380Z
80,PEP,PepsiCo Inc,"$53,551",538:1,https://aflcio.org/paywatch/company-pay-ratios?order=ticker&sort=asc&page=80,2026-07-23T11:11:45.380Z
80,PFC,Premier Financial Corp,"$46,307",27:1,https://aflcio.org/paywatch/company-pay-ratios?order=ticker&sort=asc&page=80,2026-07-23T11:11:45.380Z
80,PFE,Pfizer Inc,"$91,507",269:1,https://aflcio.org/paywatch/company-pay-ratios?order=ticker&sort=asc&page=80,2026-07-23T11:11:45.380Z
80,PFG,Principal Financial Group Inc,"$77,166",214:1,https://aflcio.org/paywatch/company-pay-ratios?order=ticker&sort=asc&page=80,2026-07-23T11:11:45.380Z
80,PFGC,Performance Food Group Co,"$82,729",126:1,https://aflcio.org/paywatch/company-pay-ratios?order=ticker&sort=asc&page=80,2026-07-23T11:11:45.380Z
80,PFIS,Peoples Financial Services Corp.,"$53,587",17:1,https://aflcio.org/paywatch/company-pay-ratios?order=ticker&sort=asc&page=80,2026-07-23T11:11:45.380Z
80,PFS,Provident Financial Services Inc,"$82,088",43:1,https://aflcio.org/paywatch/company-pay-ratios?order=ticker&sort=asc&page=80,2026-07-23T11:11:45.380Z
80,PFSI,"PennyMac Financial Services, Inc.","$86,965",122:1,https://aflcio.org/paywatch/company-pay-ratios?order=ticker&sort=asc&page=80,2026-07-23T11:11:45.380Z
80,PFX,PhenixFIN Corp,"$405,625",7:1,https://aflcio.org/paywatch/company-pay-ratios?order=ticker&sort=asc&page=80,2026-07-23T11:11:45.380Z
80,PG,Procter & Gamble Co,"$69,934",329:1,https://aflcio.org/paywatch/company-pay-ratios?order=ticker&sort=asc&page=80,2026-07-23T11:11:45.380Z
80,PGC,Peapack Gladstone Financial Corp,"$107,993",23:1,https://aflcio.org/paywatch/company-pay-ratios?order=ticker&sort=asc&page=80,2026-07-23T11:11:45.380Z
80,PGEN,"Precigen, Inc.","$155,000",35:1,https://aflcio.org/paywatch/company-pay-ratios?order=ticker&sort=asc&page=80,2026-07-23T11:11:45.380Z
80,PGNY,"Progyny, Inc.","$114,331",12:1,https://aflcio.org/paywatch/company-pay-ratios?order=ticker&sort=asc&page=80,2026-07-23T11:11:45.380Z
80,PGR,Progressive Corp,"$72,617",226:1,https://aflcio.org/paywatch/company-pay-ratios?order=ticker&sort=asc&page=80,2026-07-23T11:11:45.380Z
80,PGRE,"Paramount Group, Inc.","$88,885",50:1,https://aflcio.org/paywatch/company-pay-ratios?order=ticker&sort=asc&page=80,2026-07-23T11:11:45.380Z
80,PH,Parker-Hannifin Corp,"$60,849",308:1,https://aflcio.org/paywatch/company-pay-ratios?order=ticker&sort=asc&page=80,2026-07-23T11:11:45.380Z
81,PHM,PulteGroup Inc,"$114,436",161:1,https://aflcio.org/paywatch/company-pay-ratios?order=ticker&sort=asc&page=81,2026-07-23T11:11:45.879Z
81,PHR,"Phreesia, Inc.","$67,500",156:1,https://aflcio.org/paywatch/company-pay-ratios?order=ticker&sort=asc&page=81,2026-07-23T11:11:45.879Z
81,PI,Impinj Inc,"$209,876",48:1,https://aflcio.org/paywatch/company-pay-ratios?order=ticker&sort=asc&page=81,2026-07-23T11:11:45.879Z
81,PII,Polaris Inc.,"$45,708",197:1,https://aflcio.org/paywatch/company-pay-ratios?order=ticker&sort=asc&page=81,2026-07-23T11:11:45.879Z
81,PINC,"Premier, Inc.","$120,174",98:1,https://aflcio.org/paywatch/company-pay-ratios?order=ticker&sort=asc&page=81,2026-07-23T11:11:45.879Z
81,PINS,"Pinterest, Inc.","$272,717",66:1,https://aflcio.org/paywatch/company-pay-ratios?order=ticker&sort=asc&page=81,2026-07-23T11:11:45.879Z
81,PIPR,Piper Sandler Companies,"$165,906",51:1,https://aflcio.org/paywatch/company-pay-ratios?order=ticker&sort=asc&page=81,2026-07-23T11:11:45.879Z
81,PJT,PJT Partners Inc.,"$315,000",3:1,https://aflcio.org/paywatch/company-pay-ratios?order=ticker&sort=asc&page=81,2026-07-23T11:11:45.879Z
81,PK,Park Hotels & Resorts Inc.,"$269,806",39:1,https://aflcio.org/paywatch/company-pay-ratios?order=ticker&sort=asc&page=81,2026-07-23T11:11:45.879Z
81,PKE,Park Aerospace Corp,"$54,561",6:1,https://aflcio.org/paywatch/company-pay-ratios?order=ticker&sort=asc&page=81,2026-07-23T11:11:45.879Z
81,PKG,Packaging Corp of America,"$85,079",184:1,https://aflcio.org/paywatch/company-pay-ratios?order=ticker&sort=asc&page=81,2026-07-23T11:11:45.879Z
81,PKOH,Park Ohio Holdings Corp,"$34,442",171:1,https://aflcio.org/paywatch/company-pay-ratios?order=ticker&sort=asc&page=81,2026-07-23T11:11:45.879Z
81,PKST,Peakstone Realty Trust,"$202,101",35:1,https://aflcio.org/paywatch/company-pay-ratios?order=ticker&sort=asc&page=81,2026-07-23T11:11:45.879Z
81,PL,Planet Labs PBC,"$106,571",58:1,https://aflcio.org/paywatch/company-pay-ratios?order=ticker&sort=asc&page=81,2026-07-23T11:11:45.879Z
81,PLAB,Photronics Inc,"$48,071",102:1,https://aflcio.org/paywatch/company-pay-ratios?order=ticker&sort=asc&page=81,2026-07-23T11:11:45.879Z
81,PLAY,"Dave & Buster's Entertainment, Inc.","$22,687",91:1,https://aflcio.org/paywatch/company-pay-ratios?order=ticker&sort=asc&page=81,2026-07-23T11:11:45.879Z
81,PLCE,"Childrens Place, Inc.","$7,155",264:1,https://aflcio.org/paywatch/company-pay-ratios?order=ticker&sort=asc&page=81,2026-07-23T11:11:45.879Z
81,PLD,Prologis Inc,"$123,745",201:1,https://aflcio.org/paywatch/company-pay-ratios?order=ticker&sort=asc&page=81,2026-07-23T11:11:45.879Z
81,PLMR,"Palomar Holdings, Inc.","$164,269",33:1,https://aflcio.org/paywatch/company-pay-ratios?order=ticker&sort=asc&page=81,2026-07-23T11:11:45.879Z
81,PLNT,"Planet Fitness, Inc.","$19,936",575:1,https://aflcio.org/paywatch/company-pay-ratios?order=ticker&sort=asc&page=81,2026-07-23T11:11:45.879Z
82,PLOW,"Douglas Dynamics, Inc","$65,142",27:1,https://aflcio.org/paywatch/company-pay-ratios?order=ticker&sort=asc&page=82,2026-07-23T11:11:46.411Z
82,PLPC,Preformed Line Products Co,"$22,794",205:1,https://aflcio.org/paywatch/company-pay-ratios?order=ticker&sort=asc&page=82,2026-07-23T11:11:46.411Z
82,PLRX,"Pliant Therapeutics, Inc.","$301,141",22:1,https://aflcio.org/paywatch/company-pay-ratios?order=ticker&sort=asc&page=82,2026-07-23T11:11:46.411Z
82,PLTK,Playtika Holding Corp.,"$83,361","1,009:1",https://aflcio.org/paywatch/company-pay-ratios?order=ticker&sort=asc&page=82,2026-07-23T11:11:46.411Z
82,PLTR,Palantir Technologies Inc,"$229,912",20:1,https://aflcio.org/paywatch/company-pay-ratios?order=ticker&sort=asc&page=82,2026-07-23T11:11:46.411Z
82,PLUG,Plug Power Inc,"$66,793",34:1,https://aflcio.org/paywatch/company-pay-ratios?order=ticker&sort=asc&page=82,2026-07-23T11:11:46.411Z
82,PLUS,Eplus Inc,"$119,703",47:1,https://aflcio.org/paywatch/company-pay-ratios?order=ticker&sort=asc&page=82,2026-07-23T11:11:46.411Z
82,PLXS,Plexus Corp,"$17,758",472:1,https://aflcio.org/paywatch/company-pay-ratios?order=ticker&sort=asc&page=82,2026-07-23T11:11:46.411Z
82,PLYM,"Plymouth Industrial REIT, Inc.","$136,950",22:1,https://aflcio.org/paywatch/company-pay-ratios?order=ticker&sort=asc&page=82,2026-07-23T11:11:46.411Z
82,PM,Philip Morris International Inc,"$47,109",430:1,https://aflcio.org/paywatch/company-pay-ratios?order=ticker&sort=asc&page=82,2026-07-23T11:11:46.411Z
82,PMT,PennyMac Mortgage Investment Trust,"$62,590",16:1,https://aflcio.org/paywatch/company-pay-ratios?order=ticker&sort=asc&page=82,2026-07-23T11:11:46.411Z
82,PNC,PNC Financial Services Group Inc/The,"$125,000",179:1,https://aflcio.org/paywatch/company-pay-ratios?order=ticker&sort=asc&page=82,2026-07-23T11:11:46.411Z
82,PNFP,Pinnacle Financial Partners Inc,"$106,556",58:1,https://aflcio.org/paywatch/company-pay-ratios?order=ticker&sort=asc&page=82,2026-07-23T11:11:46.411Z
82,PNR,Pentair PLC,"$62,850",171:1,https://aflcio.org/paywatch/company-pay-ratios?order=ticker&sort=asc&page=82,2026-07-23T11:11:46.411Z
82,PNTG,"Pennant Group, Inc.","$68,016",38:1,https://aflcio.org/paywatch/company-pay-ratios?order=ticker&sort=asc&page=82,2026-07-23T11:11:46.411Z
82,PNW,Pinnacle West Capital Corp,"$168,002",65:1,https://aflcio.org/paywatch/company-pay-ratios?order=ticker&sort=asc&page=82,2026-07-23T11:11:46.411Z
82,PODD,Insulet Corp,"$96,785",137:1,https://aflcio.org/paywatch/company-pay-ratios?order=ticker&sort=asc&page=82,2026-07-23T11:11:46.411Z
82,POOL,Pool Corp,"$53,497",99:1,https://aflcio.org/paywatch/company-pay-ratios?order=ticker&sort=asc&page=82,2026-07-23T11:11:46.411Z
82,POR,Portland General Electric Co,"$163,109",45:1,https://aflcio.org/paywatch/company-pay-ratios?order=ticker&sort=asc&page=82,2026-07-23T11:11:46.411Z
82,POST,"Post Holdings, Inc.","$90,138",244:1,https://aflcio.org/paywatch/company-pay-ratios?order=ticker&sort=asc&page=82,2026-07-23T11:11:46.411Z
83,POWL,Powell Industries Inc,"$58,976",58:1,https://aflcio.org/paywatch/company-pay-ratios?order=ticker&sort=asc&page=83,2026-07-23T11:11:46.930Z
83,POWW,Outdoor Holding Co,"$43,968",70:1,https://aflcio.org/paywatch/company-pay-ratios?order=ticker&sort=asc&page=83,2026-07-23T11:11:46.930Z
83,PPBI,Pacific Premier Bancorp Inc,"$94,878",49:1,https://aflcio.org/paywatch/company-pay-ratios?order=ticker&sort=asc&page=83,2026-07-23T11:11:46.930Z
83,PPC,Pilgrims Pride Corp,"$35,058",113:1,https://aflcio.org/paywatch/company-pay-ratios?order=ticker&sort=asc&page=83,2026-07-23T11:11:46.930Z
83,PPG,PPG Industries Inc,"$61,459",191:1,https://aflcio.org/paywatch/company-pay-ratios?order=ticker&sort=asc&page=83,2026-07-23T11:11:46.930Z
83,PPL,PPL Corp,"$166,915",68:1,https://aflcio.org/paywatch/company-pay-ratios?order=ticker&sort=asc&page=83,2026-07-23T11:11:46.930Z
83,PRA,Proassurance Corp,"$118,349",52:1,https://aflcio.org/paywatch/company-pay-ratios?order=ticker&sort=asc&page=83,2026-07-23T11:11:46.930Z
83,PRAA,Pra Group Inc,"$54,966",137:1,https://aflcio.org/paywatch/company-pay-ratios?order=ticker&sort=asc&page=83,2026-07-23T11:11:46.930Z
83,PRCH,"Porch Group, Inc.","$93,810",136:1,https://aflcio.org/paywatch/company-pay-ratios?order=ticker&sort=asc&page=83,2026-07-23T11:11:46.930Z
83,PRCT,PROCEPT BioRobotics Corp,"$170,462",38:1,https://aflcio.org/paywatch/company-pay-ratios?order=ticker&sort=asc&page=83,2026-07-23T11:11:46.930Z
83,PRDO,PERDOCEO EDUCATION Corp,"$36,658",183:1,https://aflcio.org/paywatch/company-pay-ratios?order=ticker&sort=asc&page=83,2026-07-23T11:11:46.930Z
83,PRG,"PROG Holdings, Inc.","$55,717",239:1,https://aflcio.org/paywatch/company-pay-ratios?order=ticker&sort=asc&page=83,2026-07-23T11:11:46.930Z
83,PRGO,PERRIGO Co plc,"$83,689",93:1,https://aflcio.org/paywatch/company-pay-ratios?order=ticker&sort=asc&page=83,2026-07-23T11:11:46.930Z
83,PRGS,Progress Software Corp,"$103,957",100:1,https://aflcio.org/paywatch/company-pay-ratios?order=ticker&sort=asc&page=83,2026-07-23T11:11:46.930Z
83,PRI,"Primerica, Inc.","$59,340",121:1,https://aflcio.org/paywatch/company-pay-ratios?order=ticker&sort=asc&page=83,2026-07-23T11:11:46.930Z
83,PRIM,Primoris Services Corp,"$71,058",80:1,https://aflcio.org/paywatch/company-pay-ratios?order=ticker&sort=asc&page=83,2026-07-23T11:11:46.930Z
83,PRK,Park National Corp,"$66,192",40:1,https://aflcio.org/paywatch/company-pay-ratios?order=ticker&sort=asc&page=83,2026-07-23T11:11:46.930Z
83,PRKS,United Parks & Resorts Inc.,"$14,151",76:1,https://aflcio.org/paywatch/company-pay-ratios?order=ticker&sort=asc&page=83,2026-07-23T11:11:46.930Z
83,PRLB,Proto Labs Inc,"$59,126",73:1,https://aflcio.org/paywatch/company-pay-ratios?order=ticker&sort=asc&page=83,2026-07-23T11:11:46.930Z
83,PRM,"Perimeter Solutions, Inc.","$70,720",58:1,https://aflcio.org/paywatch/company-pay-ratios?order=ticker&sort=asc&page=83,2026-07-23T11:11:46.930Z
84,PRO,"PROS Holdings, Inc.","$82,510",109:1,https://aflcio.org/paywatch/company-pay-ratios?order=ticker&sort=asc&page=84,2026-07-23T11:11:47.400Z
84,PRPL,"Purple Innovation, Inc.","$76,105",13:1,https://aflcio.org/paywatch/company-pay-ratios?order=ticker&sort=asc&page=84,2026-07-23T11:11:47.400Z
84,PRSU,"Pursuit Attractions & Hospitality, Inc.","$64,623",106:1,https://aflcio.org/paywatch/company-pay-ratios?order=ticker&sort=asc&page=84,2026-07-23T11:11:47.400Z
84,PRTA,Prothena Corp Public Ltd Co,"$369,174",20:1,https://aflcio.org/paywatch/company-pay-ratios?order=ticker&sort=asc&page=84,2026-07-23T11:11:47.400Z
84,PRU,Prudential Financial Inc,"$96,126",293:1,https://aflcio.org/paywatch/company-pay-ratios?order=ticker&sort=asc&page=84,2026-07-23T11:11:47.400Z
84,PRVA,"Privia Health Group, Inc.","$82,875",99:1,https://aflcio.org/paywatch/company-pay-ratios?order=ticker&sort=asc&page=84,2026-07-23T11:11:47.400Z
84,PSA,Public Storage,"$36,953",257:1,https://aflcio.org/paywatch/company-pay-ratios?order=ticker&sort=asc&page=84,2026-07-23T11:11:47.400Z
84,PSN,Parsons Corp,"$113,677",97:1,https://aflcio.org/paywatch/company-pay-ratios?order=ticker&sort=asc&page=84,2026-07-23T11:11:47.400Z
84,PSTG,"Pure Storage, Inc.","$167,057",84:1,https://aflcio.org/paywatch/company-pay-ratios?order=ticker&sort=asc&page=84,2026-07-23T11:11:47.400Z
84,PSX,Phillips 66,"$171,593",132:1,https://aflcio.org/paywatch/company-pay-ratios?order=ticker&sort=asc&page=84,2026-07-23T11:11:47.400Z
84,PTC,PTC Inc,"$89,870",182:1,https://aflcio.org/paywatch/company-pay-ratios?order=ticker&sort=asc&page=84,2026-07-23T11:11:47.400Z
84,PTCT,"Ptc Therapeutics, Inc.","$220,097",33:1,https://aflcio.org/paywatch/company-pay-ratios?order=ticker&sort=asc&page=84,2026-07-23T11:11:47.400Z
84,PTEN,Patterson Uti Energy Inc,"$140,204",86:1,https://aflcio.org/paywatch/company-pay-ratios?order=ticker&sort=asc&page=84,2026-07-23T11:11:47.400Z
84,PTGX,"Protagonist Therapeutics, Inc","$273,222",35:1,https://aflcio.org/paywatch/company-pay-ratios?order=ticker&sort=asc&page=84,2026-07-23T11:11:47.400Z
84,PTLO,Portillo's Inc.,"$18,941",310:1,https://aflcio.org/paywatch/company-pay-ratios?order=ticker&sort=asc&page=84,2026-07-23T11:11:47.400Z
84,PTON,"Peloton Interactive, Inc.","$174,504",31:1,https://aflcio.org/paywatch/company-pay-ratios?order=ticker&sort=asc&page=84,2026-07-23T11:11:47.400Z
84,PTVE,Pactiv Evergreen Inc.,"$65,135",183:1,https://aflcio.org/paywatch/company-pay-ratios?order=ticker&sort=asc&page=84,2026-07-23T11:11:47.400Z
84,PUBM,"PubMatic, Inc.","$54,878",167:1,https://aflcio.org/paywatch/company-pay-ratios?order=ticker&sort=asc&page=84,2026-07-23T11:11:47.400Z
84,PUMP,ProPetro Holding Corp.,"$123,943",48:1,https://aflcio.org/paywatch/company-pay-ratios?order=ticker&sort=asc&page=84,2026-07-23T11:11:47.400Z
84,PVH,Pvh Corp.,"$22,097",737:1,https://aflcio.org/paywatch/company-pay-ratios?order=ticker&sort=asc&page=84,2026-07-23T11:11:47.400Z
85,PWR,Quanta Services Inc,"$115,503",135:1,https://aflcio.org/paywatch/company-pay-ratios?order=ticker&sort=asc&page=85,2026-07-23T11:11:47.963Z
85,PYPL,PayPal Holdings Inc,"$95,903",69:1,https://aflcio.org/paywatch/company-pay-ratios?order=ticker&sort=asc&page=85,2026-07-23T11:11:47.963Z
85,PZZA,Papa Johns International Inc,"$10,347",820:1,https://aflcio.org/paywatch/company-pay-ratios?order=ticker&sort=asc&page=85,2026-07-23T11:11:47.963Z
85,QCOM,QUALCOMM Inc,"$99,451",261:1,https://aflcio.org/paywatch/company-pay-ratios?order=ticker&sort=asc&page=85,2026-07-23T11:11:47.963Z
85,QCRH,Qcr Holdings Inc,"$70,817",22:1,https://aflcio.org/paywatch/company-pay-ratios?order=ticker&sort=asc&page=85,2026-07-23T11:11:47.963Z
85,QLYS,"Qualys, Inc.","$37,775",414:1,https://aflcio.org/paywatch/company-pay-ratios?order=ticker&sort=asc&page=85,2026-07-23T11:11:47.963Z
85,QMCO,Quantum Corp /De/,"$122,229",7:1,https://aflcio.org/paywatch/company-pay-ratios?order=ticker&sort=asc&page=85,2026-07-23T11:11:47.963Z
85,QNST,"Quinstreet, Inc","$80,075",74:1,https://aflcio.org/paywatch/company-pay-ratios?order=ticker&sort=asc&page=85,2026-07-23T11:11:47.963Z
85,QRVO,"Qorvo, Inc.","$68,257",188:1,https://aflcio.org/paywatch/company-pay-ratios?order=ticker&sort=asc&page=85,2026-07-23T11:11:47.963Z
85,QS,QuantumScape Corp,"$216,222",92:1,https://aflcio.org/paywatch/company-pay-ratios?order=ticker&sort=asc&page=85,2026-07-23T11:11:47.963Z
85,QTRX,Quanterix Corp,"$131,871",48:1,https://aflcio.org/paywatch/company-pay-ratios?order=ticker&sort=asc&page=85,2026-07-23T11:11:47.963Z
85,QTWO,"Q2 Holdings, Inc.","$138,746",87:1,https://aflcio.org/paywatch/company-pay-ratios?order=ticker&sort=asc&page=85,2026-07-23T11:11:47.963Z
85,QUIK,QUICKLOGIC Corp,"$201,825",5:1,https://aflcio.org/paywatch/company-pay-ratios?order=ticker&sort=asc&page=85,2026-07-23T11:11:47.963Z
85,R,Ryder System Inc,"$55,208",168:1,https://aflcio.org/paywatch/company-pay-ratios?order=ticker&sort=asc&page=85,2026-07-23T11:11:47.963Z
85,RAMP,"LiveRamp Holdings, Inc.","$168,891",60:1,https://aflcio.org/paywatch/company-pay-ratios?order=ticker&sort=asc&page=85,2026-07-23T11:11:47.963Z
85,RARE,Ultragenyx Pharmaceutical Inc.,"$325,295",42:1,https://aflcio.org/paywatch/company-pay-ratios?order=ticker&sort=asc&page=85,2026-07-23T11:11:47.963Z
85,RBB,RBB Bancorp,"$65,962",21:1,https://aflcio.org/paywatch/company-pay-ratios?order=ticker&sort=asc&page=85,2026-07-23T11:11:47.963Z
85,RBBN,Ribbon Communications Inc.,"$68,453",65:1,https://aflcio.org/paywatch/company-pay-ratios?order=ticker&sort=asc&page=85,2026-07-23T11:11:47.963Z
85,RBC,RBC Bearings INC,"$59,658",150:1,https://aflcio.org/paywatch/company-pay-ratios?order=ticker&sort=asc&page=85,2026-07-23T11:11:47.963Z
85,RBCAA,Republic Bancorp Inc,"$62,787",14:1,https://aflcio.org/paywatch/company-pay-ratios?order=ticker&sort=asc&page=85,2026-07-23T11:11:47.963Z
86,RBLX,Roblox Corp,"$420,936",7:1,https://aflcio.org/paywatch/company-pay-ratios?order=ticker&sort=asc&page=86,2026-07-23T11:11:48.589Z
86,RCKT,"Rocket Pharmaceuticals, Inc.","$138,170",49:1,https://aflcio.org/paywatch/company-pay-ratios?order=ticker&sort=asc&page=86,2026-07-23T11:11:48.589Z
86,RCKY,"Rocky Brands, Inc.","$10,595",73:1,https://aflcio.org/paywatch/company-pay-ratios?order=ticker&sort=asc&page=86,2026-07-23T11:11:48.589Z
86,RCL,Royal Caribbean Cruises Ltd,"$18,799","1,037:1",https://aflcio.org/paywatch/company-pay-ratios?order=ticker&sort=asc&page=86,2026-07-23T11:11:48.589Z
86,RCUS,"Arcus Biosciences, Inc.","$243,173",29:1,https://aflcio.org/paywatch/company-pay-ratios?order=ticker&sort=asc&page=86,2026-07-23T11:11:48.589Z
86,RDFN,Redfin Corp,"$92,297",3:1,https://aflcio.org/paywatch/company-pay-ratios?order=ticker&sort=asc&page=86,2026-07-23T11:11:48.589Z
86,RDN,Radian Group Inc,"$141,788",71:1,https://aflcio.org/paywatch/company-pay-ratios?order=ticker&sort=asc&page=86,2026-07-23T11:11:48.589Z
86,RDNT,"RadNet, Inc.","$43,611",208:1,https://aflcio.org/paywatch/company-pay-ratios?order=ticker&sort=asc&page=86,2026-07-23T11:11:48.589Z
86,RDUS,"Radius Recycling, Inc.","$80,890",61:1,https://aflcio.org/paywatch/company-pay-ratios?order=ticker&sort=asc&page=86,2026-07-23T11:11:48.589Z
86,REAL,"TheRealReal, Inc.","$45,168",199:1,https://aflcio.org/paywatch/company-pay-ratios?order=ticker&sort=asc&page=86,2026-07-23T11:11:48.589Z
86,REG,Regency Centers Corp,"$137,444",70:1,https://aflcio.org/paywatch/company-pay-ratios?order=ticker&sort=asc&page=86,2026-07-23T11:11:48.589Z
86,REGN,Regeneron Pharmaceuticals Inc,"$164,447",41:1,https://aflcio.org/paywatch/company-pay-ratios?order=ticker&sort=asc&page=86,2026-07-23T11:11:48.589Z
86,REI,"Ring Energy, Inc.","$146,542",23:1,https://aflcio.org/paywatch/company-pay-ratios?order=ticker&sort=asc&page=86,2026-07-23T11:11:48.589Z
86,RELL,"Richardson Electronics, Ltd.","$68,000",23:1,https://aflcio.org/paywatch/company-pay-ratios?order=ticker&sort=asc&page=86,2026-07-23T11:11:48.589Z
86,RELY,"Remitly Global, Inc.","$28,684",10:1,https://aflcio.org/paywatch/company-pay-ratios?order=ticker&sort=asc&page=86,2026-07-23T11:11:48.589Z
86,RES,Rpc Inc,"$101,161",18:1,https://aflcio.org/paywatch/company-pay-ratios?order=ticker&sort=asc&page=86,2026-07-23T11:11:48.589Z
86,REVG,"REV Group, Inc.","$64,457",80:1,https://aflcio.org/paywatch/company-pay-ratios?order=ticker&sort=asc&page=86,2026-07-23T11:11:48.589Z
86,REX,REX AMERICAN RESOURCES Corp,"$70,294",60:1,https://aflcio.org/paywatch/company-pay-ratios?order=ticker&sort=asc&page=86,2026-07-23T11:11:48.589Z
86,REXR,"Rexford Industrial Realty, Inc.","$153,113",86:1,https://aflcio.org/paywatch/company-pay-ratios?order=ticker&sort=asc&page=86,2026-07-23T11:11:48.589Z
86,REYN,Reynolds Consumer Products Inc.,"$71,749",120:1,https://aflcio.org/paywatch/company-pay-ratios?order=ticker&sort=asc&page=86,2026-07-23T11:11:48.589Z
87,REZI,"Resideo Technologies, Inc.","$47,057",319:1,https://aflcio.org/paywatch/company-pay-ratios?order=ticker&sort=asc&page=87,2026-07-23T11:11:49.079Z
87,RF,Regions Financial Corp,"$81,589",130:1,https://aflcio.org/paywatch/company-pay-ratios?order=ticker&sort=asc&page=87,2026-07-23T11:11:49.079Z
87,RGA,Reinsurance Group Of America Inc,"$149,975",76:1,https://aflcio.org/paywatch/company-pay-ratios?order=ticker&sort=asc&page=87,2026-07-23T11:11:49.079Z
87,RGCO,Rgc Resources Inc,"$113,385",9:1,https://aflcio.org/paywatch/company-pay-ratios?order=ticker&sort=asc&page=87,2026-07-23T11:11:49.079Z
87,RGEN,Repligen Corp,"$104,324",69:1,https://aflcio.org/paywatch/company-pay-ratios?order=ticker&sort=asc&page=87,2026-07-23T11:11:49.079Z
87,RGLD,Royal Gold Inc,"$503,383",8:1,https://aflcio.org/paywatch/company-pay-ratios?order=ticker&sort=asc&page=87,2026-07-23T11:11:49.079Z
87,RGNX,REGENXBIO Inc.,"$226,641",15:1,https://aflcio.org/paywatch/company-pay-ratios?order=ticker&sort=asc&page=87,2026-07-23T11:11:49.079Z
87,RGP,"Resources Connection, Inc.","$122,300",23:1,https://aflcio.org/paywatch/company-pay-ratios?order=ticker&sort=asc&page=87,2026-07-23T11:11:49.079Z
87,RGR,Sturm Ruger & Co Inc,"$56,199",61:1,https://aflcio.org/paywatch/company-pay-ratios?order=ticker&sort=asc&page=87,2026-07-23T11:11:49.079Z
87,RH,Rh,"$52,615",24:1,https://aflcio.org/paywatch/company-pay-ratios?order=ticker&sort=asc&page=87,2026-07-23T11:11:49.079Z
87,RHI,Robert Half Inc.,"$39,461",177:1,https://aflcio.org/paywatch/company-pay-ratios?order=ticker&sort=asc&page=87,2026-07-23T11:11:49.079Z
87,RHP,"Ryman Hospitality Properties, Inc.","$32,797",176:1,https://aflcio.org/paywatch/company-pay-ratios?order=ticker&sort=asc&page=87,2026-07-23T11:11:49.079Z
87,RICK,"Rci Hospitality Holdings, Inc.","$30,890",59:1,https://aflcio.org/paywatch/company-pay-ratios?order=ticker&sort=asc&page=87,2026-07-23T11:11:49.079Z
87,RIG,Transocean Ltd.,"$108,600",101:1,https://aflcio.org/paywatch/company-pay-ratios?order=ticker&sort=asc&page=87,2026-07-23T11:11:49.079Z
87,RIGL,Rigel Pharmaceuticals Inc,"$288,081",10:1,https://aflcio.org/paywatch/company-pay-ratios?order=ticker&sort=asc&page=87,2026-07-23T11:11:49.079Z
87,RIOT,"Riot Platforms, Inc.","$58,875","1,419:1",https://aflcio.org/paywatch/company-pay-ratios?order=ticker&sort=asc&page=87,2026-07-23T11:11:49.079Z
87,RITM,Rithm Capital Corp.,"$76,718",275:1,https://aflcio.org/paywatch/company-pay-ratios?order=ticker&sort=asc&page=87,2026-07-23T11:11:49.079Z
87,RIVN,"Rivian Automotive, Inc.","$145,582",102:1,https://aflcio.org/paywatch/company-pay-ratios?order=ticker&sort=asc&page=87,2026-07-23T11:11:49.079Z
87,RJF,Raymond James Financial Inc,"$119,044",194:1,https://aflcio.org/paywatch/company-pay-ratios?order=ticker&sort=asc&page=87,2026-07-23T11:11:49.079Z
87,RKLB,Rocket Lab Corp,"$71,805",280:1,https://aflcio.org/paywatch/company-pay-ratios?order=ticker&sort=asc&page=87,2026-07-23T11:11:49.079Z
88,RKT,"Rocket Companies, Inc.","$99,760",260:1,https://aflcio.org/paywatch/company-pay-ratios?order=ticker&sort=asc&page=88,2026-07-23T11:11:49.617Z
88,RL,Ralph Lauren Corp,"$30,874",539:1,https://aflcio.org/paywatch/company-pay-ratios?order=ticker&sort=asc&page=88,2026-07-23T11:11:49.617Z
88,RLAY,"Relay Therapeutics, Inc.","$298,080",44:1,https://aflcio.org/paywatch/company-pay-ratios?order=ticker&sort=asc&page=88,2026-07-23T11:11:49.617Z
88,RLI,Rli Corp,"$138,232",48:1,https://aflcio.org/paywatch/company-pay-ratios?order=ticker&sort=asc&page=88,2026-07-23T11:11:49.617Z
88,RLJ,RLJ Lodging Trust,"$203,560",46:1,https://aflcio.org/paywatch/company-pay-ratios?order=ticker&sort=asc&page=88,2026-07-23T11:11:49.617Z
88,RM,Regional Management Corp.,"$52,130",94:1,https://aflcio.org/paywatch/company-pay-ratios?order=ticker&sort=asc&page=88,2026-07-23T11:11:49.617Z
88,RMAX,"RE/MAX Holdings, Inc.","$103,697",17:1,https://aflcio.org/paywatch/company-pay-ratios?order=ticker&sort=asc&page=88,2026-07-23T11:11:49.617Z
88,RMBS,Rambus Inc,"$191,416",37:1,https://aflcio.org/paywatch/company-pay-ratios?order=ticker&sort=asc&page=88,2026-07-23T11:11:49.617Z
88,RMD,ResMed Inc,"$79,096",179:1,https://aflcio.org/paywatch/company-pay-ratios?order=ticker&sort=asc&page=88,2026-07-23T11:11:49.617Z
88,RMNI,"Rimini Street, Inc.","$57,121",66:1,https://aflcio.org/paywatch/company-pay-ratios?order=ticker&sort=asc&page=88,2026-07-23T11:11:49.617Z
88,RMR,Rmr Group Inc.,"$83,706",58:1,https://aflcio.org/paywatch/company-pay-ratios?order=ticker&sort=asc&page=88,2026-07-23T11:11:49.617Z
88,RNA,"Avidity Biosciences, Inc.","$297,345",48:1,https://aflcio.org/paywatch/company-pay-ratios?order=ticker&sort=asc&page=88,2026-07-23T11:11:49.617Z
88,RNG,"RingCentral, Inc.","$107,639",143:1,https://aflcio.org/paywatch/company-pay-ratios?order=ticker&sort=asc&page=88,2026-07-23T11:11:49.617Z
88,RNR,Renaissancere Holdings Ltd,"$269,231",42:1,https://aflcio.org/paywatch/company-pay-ratios?order=ticker&sort=asc&page=88,2026-07-23T11:11:49.617Z
88,RNST,Renasant Corp,"$64,879",54:1,https://aflcio.org/paywatch/company-pay-ratios?order=ticker&sort=asc&page=88,2026-07-23T11:11:49.617Z
88,ROAD,"Construction Partners, Inc.","$53,254",64:1,https://aflcio.org/paywatch/company-pay-ratios?order=ticker&sort=asc&page=88,2026-07-23T11:11:49.617Z
88,ROCK,"Gibraltar Industries, Inc.","$77,158",68:1,https://aflcio.org/paywatch/company-pay-ratios?order=ticker&sort=asc&page=88,2026-07-23T11:11:49.617Z
88,ROG,Rogers Corp,"$48,885",141:1,https://aflcio.org/paywatch/company-pay-ratios?order=ticker&sort=asc&page=88,2026-07-23T11:11:49.617Z
88,ROK,Rockwell Automation Inc,"$53,679",306:1,https://aflcio.org/paywatch/company-pay-ratios?order=ticker&sort=asc&page=88,2026-07-23T11:11:49.617Z
88,ROKU,"Roku, Inc","$255,499",108:1,https://aflcio.org/paywatch/company-pay-ratios?order=ticker&sort=asc&page=88,2026-07-23T11:11:49.617Z
89,ROL,Rollins Inc,"$62,200",132:1,https://aflcio.org/paywatch/company-pay-ratios?order=ticker&sort=asc&page=89,2026-07-23T11:11:50.238Z
89,ROOT,"Root, Inc.","$71,842",148:1,https://aflcio.org/paywatch/company-pay-ratios?order=ticker&sort=asc&page=89,2026-07-23T11:11:50.238Z
89,ROP,Roper Technologies Inc,"$95,181",249:1,https://aflcio.org/paywatch/company-pay-ratios?order=ticker&sort=asc&page=89,2026-07-23T11:11:50.238Z
89,ROST,Ross Stores Inc,"$9,602","1,770:1",https://aflcio.org/paywatch/company-pay-ratios?order=ticker&sort=asc&page=89,2026-07-23T11:11:50.238Z
89,RPAY,Repay Holdings Corp,"$100,755",86:1,https://aflcio.org/paywatch/company-pay-ratios?order=ticker&sort=asc&page=89,2026-07-23T11:11:50.238Z
89,RPD,"Rapid7, Inc.","$134,316",111:1,https://aflcio.org/paywatch/company-pay-ratios?order=ticker&sort=asc&page=89,2026-07-23T11:11:50.238Z
89,RPM,Rpm International In,"$60,654",194:1,https://aflcio.org/paywatch/company-pay-ratios?order=ticker&sort=asc&page=89,2026-07-23T11:11:50.238Z
89,RPRX,Royalty Pharma plc,"$335,000",93:1,https://aflcio.org/paywatch/company-pay-ratios?order=ticker&sort=asc&page=89,2026-07-23T11:11:50.238Z
89,RRC,Range Resources Corp,"$193,000",39:1,https://aflcio.org/paywatch/company-pay-ratios?order=ticker&sort=asc&page=89,2026-07-23T11:11:50.238Z
89,RRGB,Red Robin Gourmet Burgers Inc,"$26,487",207:1,https://aflcio.org/paywatch/company-pay-ratios?order=ticker&sort=asc&page=89,2026-07-23T11:11:50.238Z
89,RRR,"Red Rock Resorts, Inc.","$42,864",78:1,https://aflcio.org/paywatch/company-pay-ratios?order=ticker&sort=asc&page=89,2026-07-23T11:11:50.238Z
89,RS,"Reliance, Inc.","$73,702",183:1,https://aflcio.org/paywatch/company-pay-ratios?order=ticker&sort=asc&page=89,2026-07-23T11:11:50.238Z
89,RSG,Republic Services Inc,"$84,950",153:1,https://aflcio.org/paywatch/company-pay-ratios?order=ticker&sort=asc&page=89,2026-07-23T11:11:50.238Z
89,RSI,"Rush Street Interactive, Inc.","$65,709",138:1,https://aflcio.org/paywatch/company-pay-ratios?order=ticker&sort=asc&page=89,2026-07-23T11:11:50.238Z
89,RTX,RTX Corp,"$113,094",163:1,https://aflcio.org/paywatch/company-pay-ratios?order=ticker&sort=asc&page=89,2026-07-23T11:11:50.238Z
89,RUN,Sunrun Inc.,"$78,864",120:1,https://aflcio.org/paywatch/company-pay-ratios?order=ticker&sort=asc&page=89,2026-07-23T11:11:50.238Z
89,RUSHA,Rush Enterprises Inc,"$78,676",127:1,https://aflcio.org/paywatch/company-pay-ratios?order=ticker&sort=asc&page=89,2026-07-23T11:11:50.238Z
89,RVLV,"Revolve Group, Inc.","$40,388",12:1,https://aflcio.org/paywatch/company-pay-ratios?order=ticker&sort=asc&page=89,2026-07-23T11:11:50.238Z
89,RVMD,"Revolution Medicines, Inc.","$365,127",28:1,https://aflcio.org/paywatch/company-pay-ratios?order=ticker&sort=asc&page=89,2026-07-23T11:11:50.238Z
89,RVTY,Revvity Inc,"$53,846",221:1,https://aflcio.org/paywatch/company-pay-ratios?order=ticker&sort=asc&page=89,2026-07-23T11:11:50.238Z
90,RWT,Redwood Trust Inc,"$137,984",51:1,https://aflcio.org/paywatch/company-pay-ratios?order=ticker&sort=asc&page=90,2026-07-23T11:11:50.761Z
90,RXO,"RXO, Inc.","$62,157",124:1,https://aflcio.org/paywatch/company-pay-ratios?order=ticker&sort=asc&page=90,2026-07-23T11:11:50.761Z
90,RXRX,"Recursion Pharmaceuticals, Inc.","$300,991",28:1,https://aflcio.org/paywatch/company-pay-ratios?order=ticker&sort=asc&page=90,2026-07-23T11:11:50.761Z
90,RXST,"RxSight, Inc.","$148,932",47:1,https://aflcio.org/paywatch/company-pay-ratios?order=ticker&sort=asc&page=90,2026-07-23T11:11:50.761Z
90,RXT,"Rackspace Technology, Inc.","$54,844",154:1,https://aflcio.org/paywatch/company-pay-ratios?order=ticker&sort=asc&page=90,2026-07-23T11:11:50.761Z
90,RYAM,Rayonier Advanced Materials Inc.,"$86,714",42:1,https://aflcio.org/paywatch/company-pay-ratios?order=ticker&sort=asc&page=90,2026-07-23T11:11:50.761Z
90,RYAN,"Ryan Specialty Holdings, Inc.","$90,828",65:1,https://aflcio.org/paywatch/company-pay-ratios?order=ticker&sort=asc&page=90,2026-07-23T11:11:50.761Z
90,RYI,Ryerson Holding Corp,"$70,347",71:1,https://aflcio.org/paywatch/company-pay-ratios?order=ticker&sort=asc&page=90,2026-07-23T11:11:50.761Z
90,RYN,Rayonier Inc,"$98,862",49:1,https://aflcio.org/paywatch/company-pay-ratios?order=ticker&sort=asc&page=90,2026-07-23T11:11:50.761Z
90,RYTM,"Rhythm Pharmaceuticals, Inc.","$410,271",36:1,https://aflcio.org/paywatch/company-pay-ratios?order=ticker&sort=asc&page=90,2026-07-23T11:11:50.761Z
90,S,"SentinelOne, Inc.","$220,300",75:1,https://aflcio.org/paywatch/company-pay-ratios?order=ticker&sort=asc&page=90,2026-07-23T11:11:50.761Z
90,SABR,Sabre Corp,"$55,017",155:1,https://aflcio.org/paywatch/company-pay-ratios?order=ticker&sort=asc&page=90,2026-07-23T11:11:50.761Z
90,SAFE,Safehold Inc.,"$276,477",2:1,https://aflcio.org/paywatch/company-pay-ratios?order=ticker&sort=asc&page=90,2026-07-23T11:11:50.761Z
90,SAFT,Safety Insurance Group Inc,"$93,528",39:1,https://aflcio.org/paywatch/company-pay-ratios?order=ticker&sort=asc&page=90,2026-07-23T11:11:50.761Z
90,SAGE,"Sage Therapeutics, Inc.","$316,350",22:1,https://aflcio.org/paywatch/company-pay-ratios?order=ticker&sort=asc&page=90,2026-07-23T11:11:50.761Z
90,SAH,Sonic Automotive Inc,"$67,304",147:1,https://aflcio.org/paywatch/company-pay-ratios?order=ticker&sort=asc&page=90,2026-07-23T11:11:50.761Z
90,SAIA,Saia Inc,"$63,788",83:1,https://aflcio.org/paywatch/company-pay-ratios?order=ticker&sort=asc&page=90,2026-07-23T11:11:50.761Z
90,SAIC,Science Applications International Corp,"$112,098",98:1,https://aflcio.org/paywatch/company-pay-ratios?order=ticker&sort=asc&page=90,2026-07-23T11:11:50.761Z
90,SAM,Boston Beer Co Inc,"$101,556",82:1,https://aflcio.org/paywatch/company-pay-ratios?order=ticker&sort=asc&page=90,2026-07-23T11:11:50.761Z
90,SAMG,Silvercrest Asset Management Group Inc.,"$250,000",16:1,https://aflcio.org/paywatch/company-pay-ratios?order=ticker&sort=asc&page=90,2026-07-23T11:11:50.761Z
91,SANM,Sanmina Corp,"$14,250","1,165:1",https://aflcio.org/paywatch/company-pay-ratios?order=ticker&sort=asc&page=91,2026-07-23T11:11:51.136Z
91,SASR,Sandy Spring Bancorp Inc,"$101,413",40:1,https://aflcio.org/paywatch/company-pay-ratios?order=ticker&sort=asc&page=91,2026-07-23T11:11:51.136Z
91,SATS,EchoStar CORP,"$85,048",105:1,https://aflcio.org/paywatch/company-pay-ratios?order=ticker&sort=asc&page=91,2026-07-23T11:11:51.136Z
91,SBAC,SBA Communications Corp,"$68,157",129:1,https://aflcio.org/paywatch/company-pay-ratios?order=ticker&sort=asc&page=91,2026-07-23T11:11:51.136Z
91,SBCF,Seacoast Banking Corp Of Florida,"$72,047",54:1,https://aflcio.org/paywatch/company-pay-ratios?order=ticker&sort=asc&page=91,2026-07-23T11:11:51.136Z
91,SBH,"Sally Beauty Holdings, Inc.","$16,599",454:1,https://aflcio.org/paywatch/company-pay-ratios?order=ticker&sort=asc&page=91,2026-07-23T11:11:51.136Z
91,SBRA,"Sabra Health Care REIT, Inc.","$323,969",26:1,https://aflcio.org/paywatch/company-pay-ratios?order=ticker&sort=asc&page=91,2026-07-23T11:11:51.136Z
91,SBSI,Southside Bancshares Inc,"$55,378",36:1,https://aflcio.org/paywatch/company-pay-ratios?order=ticker&sort=asc&page=91,2026-07-23T11:11:51.136Z
91,SBT,"Sterling Bancorp, Inc.","$82,542",11:1,https://aflcio.org/paywatch/company-pay-ratios?order=ticker&sort=asc&page=91,2026-07-23T11:11:51.136Z
91,SBUX,Starbucks Corp,"$14,674","6,666:1",https://aflcio.org/paywatch/company-pay-ratios?order=ticker&sort=asc&page=91,2026-07-23T11:11:51.136Z
91,SCCO,Southern Copper Cor,"$39,634",30:1,https://aflcio.org/paywatch/company-pay-ratios?order=ticker&sort=asc&page=91,2026-07-23T11:11:51.136Z
91,SCHL,Scholastic Corp,"$43,540",47:1,https://aflcio.org/paywatch/company-pay-ratios?order=ticker&sort=asc&page=91,2026-07-23T11:11:51.136Z
91,SCHW,Charles Schwab Corp,"$125,038",211:1,https://aflcio.org/paywatch/company-pay-ratios?order=ticker&sort=asc&page=91,2026-07-23T11:11:51.136Z
91,SCI,Service Corp International,"$42,640",276:1,https://aflcio.org/paywatch/company-pay-ratios?order=ticker&sort=asc&page=91,2026-07-23T11:11:51.136Z
91,SCL,Stepan Co,"$85,429",39:1,https://aflcio.org/paywatch/company-pay-ratios?order=ticker&sort=asc&page=91,2026-07-23T11:11:51.136Z
91,SCS,Steelcase Inc,"$46,298",133:1,https://aflcio.org/paywatch/company-pay-ratios?order=ticker&sort=asc&page=91,2026-07-23T11:11:51.136Z
91,SCSC,"Scansource, Inc.","$54,913",107:1,https://aflcio.org/paywatch/company-pay-ratios?order=ticker&sort=asc&page=91,2026-07-23T11:11:51.136Z
91,SCVL,Shoe Carnival Inc,"$20,024",250:1,https://aflcio.org/paywatch/company-pay-ratios?order=ticker&sort=asc&page=91,2026-07-23T11:11:51.136Z
91,SCWX,SecureWorks Corp,"$125,566",65:1,https://aflcio.org/paywatch/company-pay-ratios?order=ticker&sort=asc&page=91,2026-07-23T11:11:51.136Z
91,SD,Sandridge Energy Inc,"$95,962",9:1,https://aflcio.org/paywatch/company-pay-ratios?order=ticker&sort=asc&page=91,2026-07-23T11:11:51.136Z
92,SDGR,"Schrodinger, Inc.","$171,183",26:1,https://aflcio.org/paywatch/company-pay-ratios?order=ticker&sort=asc&page=92,2026-07-23T11:11:51.674Z
92,SDRL,Seadrill Ltd,"$56,309",148:1,https://aflcio.org/paywatch/company-pay-ratios?order=ticker&sort=asc&page=92,2026-07-23T11:11:51.674Z
92,SEB,Seaboard Corp,"$47,838",129:1,https://aflcio.org/paywatch/company-pay-ratios?order=ticker&sort=asc&page=92,2026-07-23T11:11:51.674Z
92,SEE,Sealed Air Corp,"$57,409",233:1,https://aflcio.org/paywatch/company-pay-ratios?order=ticker&sort=asc&page=92,2026-07-23T11:11:51.674Z
92,SEI,"Solaris Energy Infrastructure, Inc.","$106,224",36:1,https://aflcio.org/paywatch/company-pay-ratios?order=ticker&sort=asc&page=92,2026-07-23T11:11:51.674Z
92,SEIC,Sei Investments Co,"$119,254",73:1,https://aflcio.org/paywatch/company-pay-ratios?order=ticker&sort=asc&page=92,2026-07-23T11:11:51.674Z
92,SEM,Select Medical Holdings Corp,"$52,981",195:1,https://aflcio.org/paywatch/company-pay-ratios?order=ticker&sort=asc&page=92,2026-07-23T11:11:51.674Z
92,SENEA,Seneca Foods Corp,"$81,938",15:1,https://aflcio.org/paywatch/company-pay-ratios?order=ticker&sort=asc&page=92,2026-07-23T11:11:51.674Z
92,SF,Stifel Financial Corp,"$124,449",129:1,https://aflcio.org/paywatch/company-pay-ratios?order=ticker&sort=asc&page=92,2026-07-23T11:11:51.674Z
92,SFBS,"ServisFirst Bancshares, Inc.","$86,598",24:1,https://aflcio.org/paywatch/company-pay-ratios?order=ticker&sort=asc&page=92,2026-07-23T11:11:51.674Z
92,SFIX,"Stitch Fix, Inc.","$38,021",39:1,https://aflcio.org/paywatch/company-pay-ratios?order=ticker&sort=asc&page=92,2026-07-23T11:11:51.674Z
92,SFM,"Sprouts Farmers Market, Inc.","$31,784",385:1,https://aflcio.org/paywatch/company-pay-ratios?order=ticker&sort=asc&page=92,2026-07-23T11:11:51.674Z
92,SFNC,Simmons First National Corp,"$65,987",63:1,https://aflcio.org/paywatch/company-pay-ratios?order=ticker&sort=asc&page=92,2026-07-23T11:11:51.674Z
92,SFST,Southern First Bancshares Inc,"$74,203",15:1,https://aflcio.org/paywatch/company-pay-ratios?order=ticker&sort=asc&page=92,2026-07-23T11:11:51.674Z
92,SG,"Sweetgreen, Inc.","$23,469",39:1,https://aflcio.org/paywatch/company-pay-ratios?order=ticker&sort=asc&page=92,2026-07-23T11:11:51.674Z
92,SGI,Somnigroup International Inc.,"$54,432",201:1,https://aflcio.org/paywatch/company-pay-ratios?order=ticker&sort=asc&page=92,2026-07-23T11:11:51.674Z
92,SGRY,"Surgery Partners, Inc.","$54,265",119:1,https://aflcio.org/paywatch/company-pay-ratios?order=ticker&sort=asc&page=92,2026-07-23T11:11:51.674Z
92,SHAK,Shake Shack Inc.,"$22,730",577:1,https://aflcio.org/paywatch/company-pay-ratios?order=ticker&sort=asc&page=92,2026-07-23T11:11:51.674Z
92,SHC,Sotera Health Co,"$76,629",136:1,https://aflcio.org/paywatch/company-pay-ratios?order=ticker&sort=asc&page=92,2026-07-23T11:11:51.674Z
92,SHEN,Shenandoah Telecommunications Co,"$65,580",51:1,https://aflcio.org/paywatch/company-pay-ratios?order=ticker&sort=asc&page=92,2026-07-23T11:11:51.674Z
93,SHLS,"Shoals Technologies Group, Inc.","$67,671",120:1,https://aflcio.org/paywatch/company-pay-ratios?order=ticker&sort=asc&page=93,2026-07-23T11:11:52.194Z
93,SHO,"Sunstone Hotel Investors, Inc.","$200,165",19:1,https://aflcio.org/paywatch/company-pay-ratios?order=ticker&sort=asc&page=93,2026-07-23T11:11:52.194Z
93,SHOO,"Steven Madden, Ltd.","$33,100",274:1,https://aflcio.org/paywatch/company-pay-ratios?order=ticker&sort=asc&page=93,2026-07-23T11:11:52.194Z
93,SHW,Sherwin-Williams Co,"$56,120",232:1,https://aflcio.org/paywatch/company-pay-ratios?order=ticker&sort=asc&page=93,2026-07-23T11:11:52.194Z
93,SHYF,"Shyft Group, Inc.","$61,980",109:1,https://aflcio.org/paywatch/company-pay-ratios?order=ticker&sort=asc&page=93,2026-07-23T11:11:52.194Z
93,SIBN,"SI-BONE, Inc.","$182,358",39:1,https://aflcio.org/paywatch/company-pay-ratios?order=ticker&sort=asc&page=93,2026-07-23T11:11:52.194Z
93,SIGA,Siga Technologies Inc,"$163,709",28:1,https://aflcio.org/paywatch/company-pay-ratios?order=ticker&sort=asc&page=93,2026-07-23T11:11:52.194Z
93,SIGI,Selective Insurance Group Inc,"$136,133",46:1,https://aflcio.org/paywatch/company-pay-ratios?order=ticker&sort=asc&page=93,2026-07-23T11:11:52.194Z
93,SIRI,Sirius Xm Holdings Inc.,"$176,070",211:1,https://aflcio.org/paywatch/company-pay-ratios?order=ticker&sort=asc&page=93,2026-07-23T11:11:52.194Z
93,SITC,SITE Centers Corp.,"$110,735",72:1,https://aflcio.org/paywatch/company-pay-ratios?order=ticker&sort=asc&page=93,2026-07-23T11:11:52.194Z
93,SITE,"SiteOne Landscape Supply, Inc.","$62,934",81:1,https://aflcio.org/paywatch/company-pay-ratios?order=ticker&sort=asc&page=93,2026-07-23T11:11:52.194Z
93,SITM,SITIME Corp,"$151,187",84:1,https://aflcio.org/paywatch/company-pay-ratios?order=ticker&sort=asc&page=93,2026-07-23T11:11:52.194Z
93,SJM,J M Smucker Co,"$78,111",133:1,https://aflcio.org/paywatch/company-pay-ratios?order=ticker&sort=asc&page=93,2026-07-23T11:11:52.194Z
93,SKIN,Beauty Health Co,"$94,000",82:1,https://aflcio.org/paywatch/company-pay-ratios?order=ticker&sort=asc&page=93,2026-07-23T11:11:52.194Z
93,SKT,Tanger Inc.,"$95,000",72:1,https://aflcio.org/paywatch/company-pay-ratios?order=ticker&sort=asc&page=93,2026-07-23T11:11:52.194Z
93,SKX,Skechers Usa Inc,"$10,918","2,155:1",https://aflcio.org/paywatch/company-pay-ratios?order=ticker&sort=asc&page=93,2026-07-23T11:11:52.194Z
93,SKY,"Champion Homes, Inc.","$44,360",128:1,https://aflcio.org/paywatch/company-pay-ratios?order=ticker&sort=asc&page=93,2026-07-23T11:11:52.194Z
93,SKYW,Skywest Inc,"$54,700",132:1,https://aflcio.org/paywatch/company-pay-ratios?order=ticker&sort=asc&page=93,2026-07-23T11:11:52.194Z
93,SLAB,Silicon Laboratories Inc.,"$90,321",79:1,https://aflcio.org/paywatch/company-pay-ratios?order=ticker&sort=asc&page=93,2026-07-23T11:11:52.194Z
93,SLB,Schlumberger NV,"$93,576",185:1,https://aflcio.org/paywatch/company-pay-ratios?order=ticker&sort=asc&page=93,2026-07-23T11:11:52.194Z
94,SLG,Sl Green Realty Corp,"$62,678",330:1,https://aflcio.org/paywatch/company-pay-ratios?order=ticker&sort=asc&page=94,2026-07-23T11:11:52.662Z
94,SLGN,Silgan Holdings Inc,"$56,060",133:1,https://aflcio.org/paywatch/company-pay-ratios?order=ticker&sort=asc&page=94,2026-07-23T11:11:52.662Z
94,SLM,SLM Corp,"$102,523",115:1,https://aflcio.org/paywatch/company-pay-ratios?order=ticker&sort=asc&page=94,2026-07-23T11:11:52.662Z
94,SLN,Silence Therapeutics plc,"$148,994",25:1,https://aflcio.org/paywatch/company-pay-ratios?order=ticker&sort=asc&page=94,2026-07-23T11:11:52.662Z
94,SLP,"Simulations Plus, Inc.","$160,901",10:1,https://aflcio.org/paywatch/company-pay-ratios?order=ticker&sort=asc&page=94,2026-07-23T11:11:52.662Z
94,SM,SM Energy Co,"$190,364",64:1,https://aflcio.org/paywatch/company-pay-ratios?order=ticker&sort=asc&page=94,2026-07-23T11:11:52.662Z
94,SMAR,Smartsheet Inc,"$159,258",64:1,https://aflcio.org/paywatch/company-pay-ratios?order=ticker&sort=asc&page=94,2026-07-23T11:11:52.662Z
94,SMBC,"Southern Missouri Bancorp, Inc.","$40,646",16:1,https://aflcio.org/paywatch/company-pay-ratios?order=ticker&sort=asc&page=94,2026-07-23T11:11:52.662Z
94,SMBK,Smartfinancial Inc.,"$64,303",16:1,https://aflcio.org/paywatch/company-pay-ratios?order=ticker&sort=asc&page=94,2026-07-23T11:11:52.662Z
94,SMC,Summit Midstream Corp,"$130,647",53:1,https://aflcio.org/paywatch/company-pay-ratios?order=ticker&sort=asc&page=94,2026-07-23T11:11:52.662Z
94,SMCI,Super Micro Computer Inc,"$142,498",197:1,https://aflcio.org/paywatch/company-pay-ratios?order=ticker&sort=asc&page=94,2026-07-23T11:11:52.662Z
94,SMG,Scotts Miracle-Gro Co,"$57,810",264:1,https://aflcio.org/paywatch/company-pay-ratios?order=ticker&sort=asc&page=94,2026-07-23T11:11:52.662Z
94,SMHI,SEACOR Marine Holdings Inc.,"$56,429",67:1,https://aflcio.org/paywatch/company-pay-ratios?order=ticker&sort=asc&page=94,2026-07-23T11:11:52.662Z
94,SMP,"Standard Motor Products, Inc.","$20,868",75:1,https://aflcio.org/paywatch/company-pay-ratios?order=ticker&sort=asc&page=94,2026-07-23T11:11:52.662Z
94,SMPL,Simply Good Foods Co,"$144,399",28:1,https://aflcio.org/paywatch/company-pay-ratios?order=ticker&sort=asc&page=94,2026-07-23T11:11:52.662Z
94,SMTC,Semtech Corp,"$106,692",66:1,https://aflcio.org/paywatch/company-pay-ratios?order=ticker&sort=asc&page=94,2026-07-23T11:11:52.662Z
94,SNA,Snap-on Inc,"$60,771",172:1,https://aflcio.org/paywatch/company-pay-ratios?order=ticker&sort=asc&page=94,2026-07-23T11:11:52.662Z
94,SNAP,Snap Inc,"$362,910",9:1,https://aflcio.org/paywatch/company-pay-ratios?order=ticker&sort=asc&page=94,2026-07-23T11:11:52.662Z
94,SNBR,Sleep Number Corp,"$59,362",111:1,https://aflcio.org/paywatch/company-pay-ratios?order=ticker&sort=asc&page=94,2026-07-23T11:11:52.662Z
94,SNCR,Synchronoss Technologies Inc,"$81,746",47:1,https://aflcio.org/paywatch/company-pay-ratios?order=ticker&sort=asc&page=94,2026-07-23T11:11:52.662Z
95,SNCY,"Sun Country Airlines Holdings, Inc.","$38,532",90:1,https://aflcio.org/paywatch/company-pay-ratios?order=ticker&sort=asc&page=95,2026-07-23T11:11:53.238Z
95,SNDR,"Schneider National, Inc.","$57,463",161:1,https://aflcio.org/paywatch/company-pay-ratios?order=ticker&sort=asc&page=95,2026-07-23T11:11:53.238Z
95,SNDX,Syndax Pharmaceuticals Inc,"$353,274",22:1,https://aflcio.org/paywatch/company-pay-ratios?order=ticker&sort=asc&page=95,2026-07-23T11:11:53.238Z
95,SNEX,StoneX Group Inc.,"$93,617",198:1,https://aflcio.org/paywatch/company-pay-ratios?order=ticker&sort=asc&page=95,2026-07-23T11:11:53.238Z
95,SNOW,Snowflake Inc.,"$298,219",340:1,https://aflcio.org/paywatch/company-pay-ratios?order=ticker&sort=asc&page=95,2026-07-23T11:11:53.238Z
95,SNPS,Synopsys Inc,"$93,786",292:1,https://aflcio.org/paywatch/company-pay-ratios?order=ticker&sort=asc&page=95,2026-07-23T11:11:53.238Z
95,SNV,Synovus Financial Corp,"$78,241",88:1,https://aflcio.org/paywatch/company-pay-ratios?order=ticker&sort=asc&page=95,2026-07-23T11:11:53.238Z
95,SNX,Td Synnex Corp,"$39,904",174:1,https://aflcio.org/paywatch/company-pay-ratios?order=ticker&sort=asc&page=95,2026-07-23T11:11:53.238Z
95,SO,Southern Co,"$155,611",154:1,https://aflcio.org/paywatch/company-pay-ratios?order=ticker&sort=asc&page=95,2026-07-23T11:11:53.238Z
95,SOFI,"SoFi Technologies, Inc.","$91,520",307:1,https://aflcio.org/paywatch/company-pay-ratios?order=ticker&sort=asc&page=95,2026-07-23T11:11:53.238Z
95,SOHO,Sotherly Hotels Inc.,"$338,905",2:1,https://aflcio.org/paywatch/company-pay-ratios?order=ticker&sort=asc&page=95,2026-07-23T11:11:53.238Z
95,SON,Sonoco Products Co,"$63,079",160:1,https://aflcio.org/paywatch/company-pay-ratios?order=ticker&sort=asc&page=95,2026-07-23T11:11:53.238Z
95,SONO,Sonos Inc,"$164,289",35:1,https://aflcio.org/paywatch/company-pay-ratios?order=ticker&sort=asc&page=95,2026-07-23T11:11:53.238Z
95,SOUN,"Soundhound Ai, Inc.","$184,823",42:1,https://aflcio.org/paywatch/company-pay-ratios?order=ticker&sort=asc&page=95,2026-07-23T11:11:53.238Z
95,SPB,"Spectrum Brands Holdings, Inc.","$76,567",138:1,https://aflcio.org/paywatch/company-pay-ratios?order=ticker&sort=asc&page=95,2026-07-23T11:11:53.238Z
95,SPCE,"Virgin Galactic Holdings, Inc","$169,027",33:1,https://aflcio.org/paywatch/company-pay-ratios?order=ticker&sort=asc&page=95,2026-07-23T11:11:53.238Z
95,SPFI,"South Plains Financial, Inc.","$44,029",47:1,https://aflcio.org/paywatch/company-pay-ratios?order=ticker&sort=asc&page=95,2026-07-23T11:11:53.238Z
95,SPG,Simon Property Group Inc,"$78,174",785:1,https://aflcio.org/paywatch/company-pay-ratios?order=ticker&sort=asc&page=95,2026-07-23T11:11:53.238Z
95,SPGI,S&P Global Inc,"$45,512",526:1,https://aflcio.org/paywatch/company-pay-ratios?order=ticker&sort=asc&page=95,2026-07-23T11:11:53.238Z
95,SPHR,Sphere Entertainment Co.,"$27,434","1,000:1",https://aflcio.org/paywatch/company-pay-ratios?order=ticker&sort=asc&page=95,2026-07-23T11:11:53.238Z
96,SPNT,SiriusPoint Ltd,"$90,006",104:1,https://aflcio.org/paywatch/company-pay-ratios?order=ticker&sort=asc&page=96,2026-07-23T11:11:53.786Z
96,SPR,"Spirit AeroSystems Holdings, Inc.","$65,721",174:1,https://aflcio.org/paywatch/company-pay-ratios?order=ticker&sort=asc&page=96,2026-07-23T11:11:53.786Z
96,SPSC,Sps Commerce Inc,"$89,749",161:1,https://aflcio.org/paywatch/company-pay-ratios?order=ticker&sort=asc&page=96,2026-07-23T11:11:53.786Z
96,SPT,"Sprout Social, Inc.","$168,294",45:1,https://aflcio.org/paywatch/company-pay-ratios?order=ticker&sort=asc&page=96,2026-07-23T11:11:53.786Z
96,SPTN,SpartanNash Co,"$26,148",267:1,https://aflcio.org/paywatch/company-pay-ratios?order=ticker&sort=asc&page=96,2026-07-23T11:11:53.786Z
96,SPXC,"SPX Technologies, Inc.","$65,381",142:1,https://aflcio.org/paywatch/company-pay-ratios?order=ticker&sort=asc&page=96,2026-07-23T11:11:53.786Z
96,SR,Spire Inc,"$113,236",30:1,https://aflcio.org/paywatch/company-pay-ratios?order=ticker&sort=asc&page=96,2026-07-23T11:11:53.786Z
96,SRCE,1St Source Corp,"$64,967",31:1,https://aflcio.org/paywatch/company-pay-ratios?order=ticker&sort=asc&page=96,2026-07-23T11:11:53.786Z
96,SRDX,Surmodics Inc,"$85,880",43:1,https://aflcio.org/paywatch/company-pay-ratios?order=ticker&sort=asc&page=96,2026-07-23T11:11:53.786Z
96,SRE,Sempra,"$125,107",172:1,https://aflcio.org/paywatch/company-pay-ratios?order=ticker&sort=asc&page=96,2026-07-23T11:11:53.786Z
96,SRI,Stoneridge Inc,"$11,294",188:1,https://aflcio.org/paywatch/company-pay-ratios?order=ticker&sort=asc&page=96,2026-07-23T11:11:53.786Z
96,SRPT,"Sarepta Therapeutics, Inc.","$292,690",7:1,https://aflcio.org/paywatch/company-pay-ratios?order=ticker&sort=asc&page=96,2026-07-23T11:11:53.786Z
96,SSB,SouthState Corp,"$69,066",90:1,https://aflcio.org/paywatch/company-pay-ratios?order=ticker&sort=asc&page=96,2026-07-23T11:11:53.786Z
96,SSD,"Simpson Manufacturing Co., Inc.","$56,711",65:1,https://aflcio.org/paywatch/company-pay-ratios?order=ticker&sort=asc&page=96,2026-07-23T11:11:53.786Z
96,SSNC,SS&C Technologies Holdings Inc,"$67,831",381:1,https://aflcio.org/paywatch/company-pay-ratios?order=ticker&sort=asc&page=96,2026-07-23T11:11:53.786Z
96,SSP,E.W. SCRIPPS Co,"$66,878",65:1,https://aflcio.org/paywatch/company-pay-ratios?order=ticker&sort=asc&page=96,2026-07-23T11:11:53.786Z
96,SSRM,Ssr Mining Inc.,"$37,662",135:1,https://aflcio.org/paywatch/company-pay-ratios?order=ticker&sort=asc&page=96,2026-07-23T11:11:53.786Z
96,SSTK,"Shutterstock, Inc.","$163,640",44:1,https://aflcio.org/paywatch/company-pay-ratios?order=ticker&sort=asc&page=96,2026-07-23T11:11:53.786Z
96,ST,Sensata Technologies Holding plc,"$12,816",598:1,https://aflcio.org/paywatch/company-pay-ratios?order=ticker&sort=asc&page=96,2026-07-23T11:11:53.786Z
96,STAA,Staar Surgical Co,"$82,643",95:1,https://aflcio.org/paywatch/company-pay-ratios?order=ticker&sort=asc&page=96,2026-07-23T11:11:53.786Z
97,STAG,"STAG Industrial, Inc.","$244,524",23:1,https://aflcio.org/paywatch/company-pay-ratios?order=ticker&sort=asc&page=97,2026-07-23T11:11:54.373Z
97,STBA,S&T Bancorp Inc,"$52,691",45:1,https://aflcio.org/paywatch/company-pay-ratios?order=ticker&sort=asc&page=97,2026-07-23T11:11:54.373Z
97,STC,Stewart Information Services Corp,"$55,959",96:1,https://aflcio.org/paywatch/company-pay-ratios?order=ticker&sort=asc&page=97,2026-07-23T11:11:54.373Z
97,STE,STERIS PLC,"$68,040",141:1,https://aflcio.org/paywatch/company-pay-ratios?order=ticker&sort=asc&page=97,2026-07-23T11:11:54.373Z
97,STEL,"Stellar Bancorp, Inc.","$79,581",34:1,https://aflcio.org/paywatch/company-pay-ratios?order=ticker&sort=asc&page=97,2026-07-23T11:11:54.373Z
97,STEP,StepStone Group Inc.,"$177,731",15:1,https://aflcio.org/paywatch/company-pay-ratios?order=ticker&sort=asc&page=97,2026-07-23T11:11:54.373Z
97,STGW,Stagwell Inc,"$120,946",60:1,https://aflcio.org/paywatch/company-pay-ratios?order=ticker&sort=asc&page=97,2026-07-23T11:11:54.373Z
97,STKL,SunOpta Inc.,"$64,966",94:1,https://aflcio.org/paywatch/company-pay-ratios?order=ticker&sort=asc&page=97,2026-07-23T11:11:54.373Z
97,STLD,Steel Dynamics Inc,"$107,859",109:1,https://aflcio.org/paywatch/company-pay-ratios?order=ticker&sort=asc&page=97,2026-07-23T11:11:54.373Z
97,STOR,Store Capital Llc,"$134,523",18:1,https://aflcio.org/paywatch/company-pay-ratios?order=ticker&sort=asc&page=97,2026-07-23T11:11:54.373Z
97,STRA,"Strategic Education, Inc.","$62,861",88:1,https://aflcio.org/paywatch/company-pay-ratios?order=ticker&sort=asc&page=97,2026-07-23T11:11:54.373Z
97,STRL,"Sterling Infrastructure, Inc.","$84,884",199:1,https://aflcio.org/paywatch/company-pay-ratios?order=ticker&sort=asc&page=97,2026-07-23T11:11:54.373Z
97,STT,State Street Corp,"$41,630",402:1,https://aflcio.org/paywatch/company-pay-ratios?order=ticker&sort=asc&page=97,2026-07-23T11:11:54.373Z
97,STX,Seagate Technology Holdings PLC,"$13,040","1,045:1",https://aflcio.org/paywatch/company-pay-ratios?order=ticker&sort=asc&page=97,2026-07-23T11:11:54.373Z
97,STZ,Constellation Brands Inc,"$49,050",306:1,https://aflcio.org/paywatch/company-pay-ratios?order=ticker&sort=asc&page=97,2026-07-23T11:11:54.373Z
97,SUI,Sun Communities Inc,"$40,086",49:1,https://aflcio.org/paywatch/company-pay-ratios?order=ticker&sort=asc&page=97,2026-07-23T11:11:54.373Z
97,SUN,Sunoco LP,"$111,268",57:1,https://aflcio.org/paywatch/company-pay-ratios?order=ticker&sort=asc&page=97,2026-07-23T11:11:54.373Z
97,SUPN,"Supernus Pharmaceuticals, Inc.","$166,121",107:1,https://aflcio.org/paywatch/company-pay-ratios?order=ticker&sort=asc&page=97,2026-07-23T11:11:54.373Z
97,SVRA,Savara Inc,"$490,319",10:1,https://aflcio.org/paywatch/company-pay-ratios?order=ticker&sort=asc&page=97,2026-07-23T11:11:54.373Z
97,SWBI,"Smith & Wesson Brands, Inc.","$54,230",67:1,https://aflcio.org/paywatch/company-pay-ratios?order=ticker&sort=asc&page=97,2026-07-23T11:11:54.373Z
98,SWI,SolarWinds Corp,"$81,108",116:1,https://aflcio.org/paywatch/company-pay-ratios?order=ticker&sort=asc&page=98,2026-07-23T11:11:54.882Z
98,SWK,Stanley Black & Decker Inc,"$76,984",208:1,https://aflcio.org/paywatch/company-pay-ratios?order=ticker&sort=asc&page=98,2026-07-23T11:11:54.882Z
98,SWKS,Skyworks Solutions Inc,"$31,541",574:1,https://aflcio.org/paywatch/company-pay-ratios?order=ticker&sort=asc&page=98,2026-07-23T11:11:54.882Z
98,SWTX,"SpringWorks Therapeutics, Inc.","$454,858",36:1,https://aflcio.org/paywatch/company-pay-ratios?order=ticker&sort=asc&page=98,2026-07-23T11:11:54.882Z
98,SWX,"Southwest Gas Holdings, Inc.","$103,614",79:1,https://aflcio.org/paywatch/company-pay-ratios?order=ticker&sort=asc&page=98,2026-07-23T11:11:54.882Z
98,SXC,"SunCoke Energy, Inc.","$110,897",41:1,https://aflcio.org/paywatch/company-pay-ratios?order=ticker&sort=asc&page=98,2026-07-23T11:11:54.882Z
98,SXI,Standex International Cor,"$32,531",154:1,https://aflcio.org/paywatch/company-pay-ratios?order=ticker&sort=asc&page=98,2026-07-23T11:11:54.882Z
98,SXT,Sensient Technologies Corp,"$69,057",114:1,https://aflcio.org/paywatch/company-pay-ratios?order=ticker&sort=asc&page=98,2026-07-23T11:11:54.882Z
98,SYBT,"Stock Yards Bancorp, Inc.","$60,139",42:1,https://aflcio.org/paywatch/company-pay-ratios?order=ticker&sort=asc&page=98,2026-07-23T11:11:54.882Z
98,SYF,Synchrony Financial,"$58,195",323:1,https://aflcio.org/paywatch/company-pay-ratios?order=ticker&sort=asc&page=98,2026-07-23T11:11:54.882Z
98,SYK,Stryker Corp,"$83,642",263:1,https://aflcio.org/paywatch/company-pay-ratios?order=ticker&sort=asc&page=98,2026-07-23T11:11:54.882Z
98,SYNA,SYNAPTICS Inc,"$103,974",229:1,https://aflcio.org/paywatch/company-pay-ratios?order=ticker&sort=asc&page=98,2026-07-23T11:11:54.882Z
98,SYY,Sysco Corp,"$71,868",217:1,https://aflcio.org/paywatch/company-pay-ratios?order=ticker&sort=asc&page=98,2026-07-23T11:11:54.882Z
98,T,AT&T Inc,"$122,611",215:1,https://aflcio.org/paywatch/company-pay-ratios?order=ticker&sort=asc&page=98,2026-07-23T11:11:54.882Z
98,TALO,Talos Energy Inc.,"$194,948",7:1,https://aflcio.org/paywatch/company-pay-ratios?order=ticker&sort=asc&page=98,2026-07-23T11:11:54.882Z
98,TAP,Molson Coors Beverage Co,"$100,197",113:1,https://aflcio.org/paywatch/company-pay-ratios?order=ticker&sort=asc&page=98,2026-07-23T11:11:54.882Z
98,TARS,"Tarsus Pharmaceuticals, Inc.","$216,313",37:1,https://aflcio.org/paywatch/company-pay-ratios?order=ticker&sort=asc&page=98,2026-07-23T11:11:54.882Z
98,TBBK,"Bancorp, Inc.","$105,928",71:1,https://aflcio.org/paywatch/company-pay-ratios?order=ticker&sort=asc&page=98,2026-07-23T11:11:54.882Z
98,TBCH,Turtle Beach Corp,"$130,120",19:1,https://aflcio.org/paywatch/company-pay-ratios?order=ticker&sort=asc&page=98,2026-07-23T11:11:54.882Z
98,TBI,"TrueBlue, Inc.","$6,817",563:1,https://aflcio.org/paywatch/company-pay-ratios?order=ticker&sort=asc&page=98,2026-07-23T11:11:54.882Z
99,TBRG,"TruBridge, Inc.","$57,273",41:1,https://aflcio.org/paywatch/company-pay-ratios?order=ticker&sort=asc&page=99,2026-07-23T11:11:55.292Z
99,TCBI,Texas Capital Bancshares In,"$152,524",76:1,https://aflcio.org/paywatch/company-pay-ratios?order=ticker&sort=asc&page=99,2026-07-23T11:11:55.292Z
99,TCBK,Trico Bancshares,"$92,194",32:1,https://aflcio.org/paywatch/company-pay-ratios?order=ticker&sort=asc&page=99,2026-07-23T11:11:55.292Z
99,TCMD,Tactile Systems Technology Inc,"$84,879",36:1,https://aflcio.org/paywatch/company-pay-ratios?order=ticker&sort=asc&page=99,2026-07-23T11:11:55.292Z
99,TCX,Tucows Inc,"$84,386",12:1,https://aflcio.org/paywatch/company-pay-ratios?order=ticker&sort=asc&page=99,2026-07-23T11:11:55.292Z
99,TDC,Teradata Corp,"$68,247",255:1,https://aflcio.org/paywatch/company-pay-ratios?order=ticker&sort=asc&page=99,2026-07-23T11:11:55.292Z
99,TDG,TransDigm Group Inc,"$62,513",343:1,https://aflcio.org/paywatch/company-pay-ratios?order=ticker&sort=asc&page=99,2026-07-23T11:11:55.292Z
99,TDOC,"Teladoc Health, Inc.","$79,902",210:1,https://aflcio.org/paywatch/company-pay-ratios?order=ticker&sort=asc&page=99,2026-07-23T11:11:55.292Z
99,TDS,Telephone & Data Systems Inc,"$72,458",132:1,https://aflcio.org/paywatch/company-pay-ratios?order=ticker&sort=asc&page=99,2026-07-23T11:11:55.292Z
99,TDW,Tidewater Inc,"$47,380",124:1,https://aflcio.org/paywatch/company-pay-ratios?order=ticker&sort=asc&page=99,2026-07-23T11:11:55.292Z
99,TDY,Teledyne Technologies Inc,"$72,064",56:1,https://aflcio.org/paywatch/company-pay-ratios?order=ticker&sort=asc&page=99,2026-07-23T11:11:55.292Z
99,TECH,Bio-Techne Corp,"$87,290",79:1,https://aflcio.org/paywatch/company-pay-ratios?order=ticker&sort=asc&page=99,2026-07-23T11:11:55.292Z
99,TEL,TE Connectivity PLC,"$28,591",589:1,https://aflcio.org/paywatch/company-pay-ratios?order=ticker&sort=asc&page=99,2026-07-23T11:11:55.292Z
99,TENB,"Tenable Holdings, Inc.","$235,438",58:1,https://aflcio.org/paywatch/company-pay-ratios?order=ticker&sort=asc&page=99,2026-07-23T11:11:55.292Z
99,TER,Teradyne Inc,"$116,338",101:1,https://aflcio.org/paywatch/company-pay-ratios?order=ticker&sort=asc&page=99,2026-07-23T11:11:55.292Z
99,TEX,Terex Corp,"$52,886",125:1,https://aflcio.org/paywatch/company-pay-ratios?order=ticker&sort=asc&page=99,2026-07-23T11:11:55.292Z
99,TFC,Truist Financial Corp,"$93,785",149:1,https://aflcio.org/paywatch/company-pay-ratios?order=ticker&sort=asc&page=99,2026-07-23T11:11:55.292Z
99,TFIN,"Triumph Financial, Inc.","$73,920",47:1,https://aflcio.org/paywatch/company-pay-ratios?order=ticker&sort=asc&page=99,2026-07-23T11:11:55.292Z
99,TFSL,TFS Financial CORP,"$72,461",64:1,https://aflcio.org/paywatch/company-pay-ratios?order=ticker&sort=asc&page=99,2026-07-23T11:11:55.292Z
99,TFX,Teleflex Inc,"$37,551",245:1,https://aflcio.org/paywatch/company-pay-ratios?order=ticker&sort=asc&page=99,2026-07-23T11:11:55.292Z
100,TG,Tredegar Corp,"$63,688",39:1,https://aflcio.org/paywatch/company-pay-ratios?order=ticker&sort=asc&page=100,2026-07-23T11:11:55.752Z
100,TGI,Triumph Group Inc,"$42,198",133:1,https://aflcio.org/paywatch/company-pay-ratios?order=ticker&sort=asc&page=100,2026-07-23T11:11:55.752Z
100,TGLS,Tecnoglass Inc.,"$5,242",848:1,https://aflcio.org/paywatch/company-pay-ratios?order=ticker&sort=asc&page=100,2026-07-23T11:11:55.752Z
100,TGNA,Tegna Inc,"$65,573",130:1,https://aflcio.org/paywatch/company-pay-ratios?order=ticker&sort=asc&page=100,2026-07-23T11:11:55.752Z
100,TGT,Target Corp,"$27,090",753:1,https://aflcio.org/paywatch/company-pay-ratios?order=ticker&sort=asc&page=100,2026-07-23T11:11:55.752Z
100,TGTX,"Tg Therapeutics, Inc.","$321,473",58:1,https://aflcio.org/paywatch/company-pay-ratios?order=ticker&sort=asc&page=100,2026-07-23T11:11:55.752Z
100,TH,Target Hospitality Corp.,"$44,566",91:1,https://aflcio.org/paywatch/company-pay-ratios?order=ticker&sort=asc&page=100,2026-07-23T11:11:55.752Z
100,THC,Tenet Healthcare Corp,"$60,698",406:1,https://aflcio.org/paywatch/company-pay-ratios?order=ticker&sort=asc&page=100,2026-07-23T11:11:55.752Z
100,THFF,First Financial Corp,"$68,246",20:1,https://aflcio.org/paywatch/company-pay-ratios?order=ticker&sort=asc&page=100,2026-07-23T11:11:55.752Z
100,THG,"Hanover Insurance Group, Inc.","$126,501",76:1,https://aflcio.org/paywatch/company-pay-ratios?order=ticker&sort=asc&page=100,2026-07-23T11:11:55.752Z
100,THO,Thor Industries Inc,"$56,330",188:1,https://aflcio.org/paywatch/company-pay-ratios?order=ticker&sort=asc&page=100,2026-07-23T11:11:55.752Z
100,THR,"Thermon Group Holdings, Inc.","$62,099",41:1,https://aflcio.org/paywatch/company-pay-ratios?order=ticker&sort=asc&page=100,2026-07-23T11:11:55.752Z
100,THRM,Gentherm Inc,"$9,078",696:1,https://aflcio.org/paywatch/company-pay-ratios?order=ticker&sort=asc&page=100,2026-07-23T11:11:55.752Z
100,THRY,"Thryv Holdings, Inc.","$119,236",46:1,https://aflcio.org/paywatch/company-pay-ratios?order=ticker&sort=asc&page=100,2026-07-23T11:11:55.752Z
100,THS,"TreeHouse Foods, Inc.","$67,793",123:1,https://aflcio.org/paywatch/company-pay-ratios?order=ticker&sort=asc&page=100,2026-07-23T11:11:55.752Z
100,TILE,Interface Inc,"$60,557",92:1,https://aflcio.org/paywatch/company-pay-ratios?order=ticker&sort=asc&page=100,2026-07-23T11:11:55.752Z
100,TIPT,Tiptree Inc.,"$100,476",89:1,https://aflcio.org/paywatch/company-pay-ratios?order=ticker&sort=asc&page=100,2026-07-23T11:11:55.752Z
100,TITN,Titan Machinery Inc.,"$74,654",15:1,https://aflcio.org/paywatch/company-pay-ratios?order=ticker&sort=asc&page=100,2026-07-23T11:11:55.752Z
100,TJX,TJX Cos Inc,"$15,002","1,565:1",https://aflcio.org/paywatch/company-pay-ratios?order=ticker&sort=asc&page=100,2026-07-23T11:11:55.752Z
100,TKO,TKO Group Holdings Inc,"$105,026",173:1,https://aflcio.org/paywatch/company-pay-ratios?order=ticker&sort=asc&page=100,2026-07-23T11:11:55.752Z
101,TKR,Timken Co,"$57,093",142:1,https://aflcio.org/paywatch/company-pay-ratios?order=ticker&sort=asc&page=101,2026-07-23T11:11:56.254Z
101,TLS,Telos Corp,"$114,767",158:1,https://aflcio.org/paywatch/company-pay-ratios?order=ticker&sort=asc&page=101,2026-07-23T11:11:56.254Z
101,TLYS,"Tilly'S, Inc.","$5,676",165:1,https://aflcio.org/paywatch/company-pay-ratios?order=ticker&sort=asc&page=101,2026-07-23T11:11:56.254Z
101,TMCI,"Treace Medical Concepts, Inc.","$193,007",34:1,https://aflcio.org/paywatch/company-pay-ratios?order=ticker&sort=asc&page=101,2026-07-23T11:11:56.254Z
101,TMDX,"TransMedics Group, Inc.","$141,564",58:1,https://aflcio.org/paywatch/company-pay-ratios?order=ticker&sort=asc&page=101,2026-07-23T11:11:56.254Z
101,TMHC,Taylor Morrison Home Corp,"$137,923",112:1,https://aflcio.org/paywatch/company-pay-ratios?order=ticker&sort=asc&page=101,2026-07-23T11:11:56.254Z
101,TMO,Thermo Fisher Scientific Inc,"$75,643",403:1,https://aflcio.org/paywatch/company-pay-ratios?order=ticker&sort=asc&page=101,2026-07-23T11:11:56.254Z
101,TMP,Tompkins Financial Corp,"$77,664",24:1,https://aflcio.org/paywatch/company-pay-ratios?order=ticker&sort=asc&page=101,2026-07-23T11:11:56.254Z
101,TMUS,T-Mobile US Inc,"$74,097",406:1,https://aflcio.org/paywatch/company-pay-ratios?order=ticker&sort=asc&page=101,2026-07-23T11:11:56.254Z
101,TNC,Tennant Co,"$53,461",96:1,https://aflcio.org/paywatch/company-pay-ratios?order=ticker&sort=asc&page=101,2026-07-23T11:11:56.254Z
101,TNDM,Tandem Diabetes Care Inc,"$107,111",80:1,https://aflcio.org/paywatch/company-pay-ratios?order=ticker&sort=asc&page=101,2026-07-23T11:11:56.254Z
101,TNET,"Trinet Group, Inc.","$103,482",178:1,https://aflcio.org/paywatch/company-pay-ratios?order=ticker&sort=asc&page=101,2026-07-23T11:11:56.254Z
101,TNGX,"Tango Therapeutics, Inc.","$294,361",22:1,https://aflcio.org/paywatch/company-pay-ratios?order=ticker&sort=asc&page=101,2026-07-23T11:11:56.254Z
101,TNL,Travel & Leisure Co.,"$47,741",308:1,https://aflcio.org/paywatch/company-pay-ratios?order=ticker&sort=asc&page=101,2026-07-23T11:11:56.254Z
101,TOL,"Toll Brothers, Inc.","$115,589",142:1,https://aflcio.org/paywatch/company-pay-ratios?order=ticker&sort=asc&page=101,2026-07-23T11:11:56.254Z
101,TOST,"Toast, Inc.","$138,338",82:1,https://aflcio.org/paywatch/company-pay-ratios?order=ticker&sort=asc&page=101,2026-07-23T11:11:56.254Z
101,TPB,"Turning Point Brands, Inc.","$65,000",47:1,https://aflcio.org/paywatch/company-pay-ratios?order=ticker&sort=asc&page=101,2026-07-23T11:11:56.254Z
101,TPC,Tutor Perini Corp,"$65,577",397:1,https://aflcio.org/paywatch/company-pay-ratios?order=ticker&sort=asc&page=101,2026-07-23T11:11:56.254Z
101,TPG,TPG Inc.,"$286,200",114:1,https://aflcio.org/paywatch/company-pay-ratios?order=ticker&sort=asc&page=101,2026-07-23T11:11:56.254Z
101,TPH,"Tri Pointe Homes, Inc.","$126,904",91:1,https://aflcio.org/paywatch/company-pay-ratios?order=ticker&sort=asc&page=101,2026-07-23T11:11:56.254Z
102,TPIC,"Tpi Composites, Inc","$15,131",107:1,https://aflcio.org/paywatch/company-pay-ratios?order=ticker&sort=asc&page=102,2026-07-23T11:11:56.773Z
102,TPL,Texas Pacific Land Corp,"$152,405",46:1,https://aflcio.org/paywatch/company-pay-ratios?order=ticker&sort=asc&page=102,2026-07-23T11:11:56.773Z
102,TPR,Tapestry Inc,"$26,657",579:1,https://aflcio.org/paywatch/company-pay-ratios?order=ticker&sort=asc&page=102,2026-07-23T11:11:56.773Z
102,TRC,Tejon Ranch Co,"$63,509",85:1,https://aflcio.org/paywatch/company-pay-ratios?order=ticker&sort=asc&page=102,2026-07-23T11:11:56.773Z
102,TREE,"LendingTree, Inc.","$135,316",35:1,https://aflcio.org/paywatch/company-pay-ratios?order=ticker&sort=asc&page=102,2026-07-23T11:11:56.773Z
102,TREX,Trex Co Inc,"$67,612",87:1,https://aflcio.org/paywatch/company-pay-ratios?order=ticker&sort=asc&page=102,2026-07-23T11:11:56.773Z
102,TRGP,Targa Resources Corp,"$141,711",109:1,https://aflcio.org/paywatch/company-pay-ratios?order=ticker&sort=asc&page=102,2026-07-23T11:11:56.773Z
102,TRIP,"TripAdvisor, Inc.","$140,214",72:1,https://aflcio.org/paywatch/company-pay-ratios?order=ticker&sort=asc&page=102,2026-07-23T11:11:56.773Z
102,TRMB,Trimble Inc,"$84,344",224:1,https://aflcio.org/paywatch/company-pay-ratios?order=ticker&sort=asc&page=102,2026-07-23T11:11:56.773Z
102,TRMK,Trustmark Corp,"$62,825",52:1,https://aflcio.org/paywatch/company-pay-ratios?order=ticker&sort=asc&page=102,2026-07-23T11:11:56.773Z
102,TRN,Trinity Industries Inc,"$20,082",357:1,https://aflcio.org/paywatch/company-pay-ratios?order=ticker&sort=asc&page=102,2026-07-23T11:11:56.773Z
102,TRNO,Terreno Realty Corp,"$279,120",19:1,https://aflcio.org/paywatch/company-pay-ratios?order=ticker&sort=asc&page=102,2026-07-23T11:11:56.773Z
102,TRNS,Transcat Inc,"$79,313",31:1,https://aflcio.org/paywatch/company-pay-ratios?order=ticker&sort=asc&page=102,2026-07-23T11:11:56.773Z
102,TROW,T Rowe Price Group Inc,"$163,864",118:1,https://aflcio.org/paywatch/company-pay-ratios?order=ticker&sort=asc&page=102,2026-07-23T11:11:56.773Z
102,TROX,Tronox Holdings plc,"$59,711",144:1,https://aflcio.org/paywatch/company-pay-ratios?order=ticker&sort=asc&page=102,2026-07-23T11:11:56.773Z
102,TRS,Trimas Corp,"$49,736",80:1,https://aflcio.org/paywatch/company-pay-ratios?order=ticker&sort=asc&page=102,2026-07-23T11:11:56.773Z
102,TRST,Trustco Bank Corp N Y,"$38,539",74:1,https://aflcio.org/paywatch/company-pay-ratios?order=ticker&sort=asc&page=102,2026-07-23T11:11:56.773Z
102,TRU,TransUnion,"$46,722",329:1,https://aflcio.org/paywatch/company-pay-ratios?order=ticker&sort=asc&page=102,2026-07-23T11:11:56.773Z
102,TRUE,"TrueCar, Inc.","$187,154",25:1,https://aflcio.org/paywatch/company-pay-ratios?order=ticker&sort=asc&page=102,2026-07-23T11:11:56.773Z
102,TRUP,"Trupanion, Inc.","$95,548",50:1,https://aflcio.org/paywatch/company-pay-ratios?order=ticker&sort=asc&page=102,2026-07-23T11:11:56.773Z
103,TRV,Travelers Cos Inc,"$120,893",191:1,https://aflcio.org/paywatch/company-pay-ratios?order=ticker&sort=asc&page=103,2026-07-23T11:11:57.309Z
103,TSCO,Tractor Supply Co,"$36,352",324:1,https://aflcio.org/paywatch/company-pay-ratios?order=ticker&sort=asc&page=103,2026-07-23T11:11:57.309Z
103,TSE,Trinseo PLC,"$69,673",78:1,https://aflcio.org/paywatch/company-pay-ratios?order=ticker&sort=asc&page=103,2026-07-23T11:11:57.309Z
103,TSN,Tyson Foods Inc,"$43,417",525:1,https://aflcio.org/paywatch/company-pay-ratios?order=ticker&sort=asc&page=103,2026-07-23T11:11:57.309Z
103,TT,Trane Technologies PLC,"$66,179",426:1,https://aflcio.org/paywatch/company-pay-ratios?order=ticker&sort=asc&page=103,2026-07-23T11:11:57.309Z
103,TTC,Toro Co,"$75,236",110:1,https://aflcio.org/paywatch/company-pay-ratios?order=ticker&sort=asc&page=103,2026-07-23T11:11:57.309Z
103,TTD,"Trade Desk, Inc.","$234,034",29:1,https://aflcio.org/paywatch/company-pay-ratios?order=ticker&sort=asc&page=103,2026-07-23T11:11:57.309Z
103,TTEC,"TTEC Holdings, Inc.","$11,575",6:1,https://aflcio.org/paywatch/company-pay-ratios?order=ticker&sort=asc&page=103,2026-07-23T11:11:57.309Z
103,TTEK,Tetra Tech Inc,"$101,288",124:1,https://aflcio.org/paywatch/company-pay-ratios?order=ticker&sort=asc&page=103,2026-07-23T11:11:57.309Z
103,TTI,Tetra Technologies Inc,"$94,835",52:1,https://aflcio.org/paywatch/company-pay-ratios?order=ticker&sort=asc&page=103,2026-07-23T11:11:57.309Z
103,TTMI,Ttm Technologies Inc,"$17,973",223:1,https://aflcio.org/paywatch/company-pay-ratios?order=ticker&sort=asc&page=103,2026-07-23T11:11:57.309Z
103,TTSH,"Tile Shop Holdings, Inc.","$49,441",14:1,https://aflcio.org/paywatch/company-pay-ratios?order=ticker&sort=asc&page=103,2026-07-23T11:11:57.309Z
103,TTWO,Take-Two Interactive Software Inc,"$69,783",4:1,https://aflcio.org/paywatch/company-pay-ratios?order=ticker&sort=asc&page=103,2026-07-23T11:11:57.309Z
103,TVTX,"Travere Therapeutics, Inc.","$310,735",17:1,https://aflcio.org/paywatch/company-pay-ratios?order=ticker&sort=asc&page=103,2026-07-23T11:11:57.309Z
103,TW,Tradeweb Markets Inc.,"$241,835",69:1,https://aflcio.org/paywatch/company-pay-ratios?order=ticker&sort=asc&page=103,2026-07-23T11:11:57.309Z
103,TWI,Titan International Inc,"$36,010",76:1,https://aflcio.org/paywatch/company-pay-ratios?order=ticker&sort=asc&page=103,2026-07-23T11:11:57.309Z
103,TWLO,Twilio Inc,"$229,615",119:1,https://aflcio.org/paywatch/company-pay-ratios?order=ticker&sort=asc&page=103,2026-07-23T11:11:57.309Z
103,TWO,Two Harbors Investment Corp.,"$64,142",90:1,https://aflcio.org/paywatch/company-pay-ratios?order=ticker&sort=asc&page=103,2026-07-23T11:11:57.309Z
103,TWST,Twist Bioscience Corp,"$208,280",36:1,https://aflcio.org/paywatch/company-pay-ratios?order=ticker&sort=asc&page=103,2026-07-23T11:11:57.309Z
103,TXG,"10x Genomics, Inc.","$205,000",39:1,https://aflcio.org/paywatch/company-pay-ratios?order=ticker&sort=asc&page=103,2026-07-23T11:11:57.309Z
104,TXN,Texas Instruments Inc,"$80,568",237:1,https://aflcio.org/paywatch/company-pay-ratios?order=ticker&sort=asc&page=104,2026-07-23T11:11:57.836Z
104,TXNM,Txnm Energy Inc,"$143,214",39:1,https://aflcio.org/paywatch/company-pay-ratios?order=ticker&sort=asc&page=104,2026-07-23T11:11:57.836Z
104,TXRH,"Texas Roadhouse, Inc.","$20,391",303:1,https://aflcio.org/paywatch/company-pay-ratios?order=ticker&sort=asc&page=104,2026-07-23T11:11:57.836Z
104,TXT,Textron Inc,"$114,864",171:1,https://aflcio.org/paywatch/company-pay-ratios?order=ticker&sort=asc&page=104,2026-07-23T11:11:57.836Z
104,TYL,Tyler Technologies Inc,"$101,183",87:1,https://aflcio.org/paywatch/company-pay-ratios?order=ticker&sort=asc&page=104,2026-07-23T11:11:57.836Z
104,U,Unity Software Inc.,"$130,532",403:1,https://aflcio.org/paywatch/company-pay-ratios?order=ticker&sort=asc&page=104,2026-07-23T11:11:57.836Z
104,UAA,"Under Armour, Inc.","$10,250","1,023:1",https://aflcio.org/paywatch/company-pay-ratios?order=ticker&sort=asc&page=104,2026-07-23T11:11:57.836Z
104,UAL,United Airlines Holdings Inc,"$89,197",380:1,https://aflcio.org/paywatch/company-pay-ratios?order=ticker&sort=asc&page=104,2026-07-23T11:11:57.836Z
104,UBER,Uber Technologies Inc,"$92,958",424:1,https://aflcio.org/paywatch/company-pay-ratios?order=ticker&sort=asc&page=104,2026-07-23T11:11:57.836Z
104,UBSI,United Bankshares Inc,"$57,024",97:1,https://aflcio.org/paywatch/company-pay-ratios?order=ticker&sort=asc&page=104,2026-07-23T11:11:57.836Z
104,UCB,United Community Banks Inc,"$63,405",78:1,https://aflcio.org/paywatch/company-pay-ratios?order=ticker&sort=asc&page=104,2026-07-23T11:11:57.836Z
104,UCTT,"Ultra Clean Holdings, Inc.","$30,276",191:1,https://aflcio.org/paywatch/company-pay-ratios?order=ticker&sort=asc&page=104,2026-07-23T11:11:57.836Z
104,UDMY,"Udemy, Inc.","$156,242",33:1,https://aflcio.org/paywatch/company-pay-ratios?order=ticker&sort=asc&page=104,2026-07-23T11:11:57.836Z
104,UDR,UDR Inc,"$85,691",119:1,https://aflcio.org/paywatch/company-pay-ratios?order=ticker&sort=asc&page=104,2026-07-23T11:11:57.836Z
104,UE,Urban Edge Properties,"$121,498",83:1,https://aflcio.org/paywatch/company-pay-ratios?order=ticker&sort=asc&page=104,2026-07-23T11:11:57.836Z
104,UEC,Uranium Energy Corp,"$81,440",66:1,https://aflcio.org/paywatch/company-pay-ratios?order=ticker&sort=asc&page=104,2026-07-23T11:11:57.836Z
104,UEIC,Universal Electronics Inc,"$11,434",117:1,https://aflcio.org/paywatch/company-pay-ratios?order=ticker&sort=asc&page=104,2026-07-23T11:11:57.836Z
104,UFCS,United Fire Group Inc,"$100,838",35:1,https://aflcio.org/paywatch/company-pay-ratios?order=ticker&sort=asc&page=104,2026-07-23T11:11:57.836Z
104,UFPI,Ufp Industries Inc,"$53,356",112:1,https://aflcio.org/paywatch/company-pay-ratios?order=ticker&sort=asc&page=104,2026-07-23T11:11:57.836Z
104,UFPT,Ufp Technologies Inc,"$5,806",909:1,https://aflcio.org/paywatch/company-pay-ratios?order=ticker&sort=asc&page=104,2026-07-23T11:11:57.836Z
105,UGI,Ugi Corp,"$79,008",84:1,https://aflcio.org/paywatch/company-pay-ratios?order=ticker&sort=asc&page=105,2026-07-23T11:11:58.275Z
105,UHAL,U-Haul Holding Co,"$26,450",38:1,https://aflcio.org/paywatch/company-pay-ratios?order=ticker&sort=asc&page=105,2026-07-23T11:11:58.275Z
105,UHS,Universal Health Services Inc,"$53,396",281:1,https://aflcio.org/paywatch/company-pay-ratios?order=ticker&sort=asc&page=105,2026-07-23T11:11:58.275Z
105,UI,Ubiquiti Inc.,"$63,402",12:1,https://aflcio.org/paywatch/company-pay-ratios?order=ticker&sort=asc&page=105,2026-07-23T11:11:58.275Z
105,UIS,Unisys Corp,"$22,265",309:1,https://aflcio.org/paywatch/company-pay-ratios?order=ticker&sort=asc&page=105,2026-07-23T11:11:58.275Z
105,ULCC,"Frontier Group Holdings, Inc.","$58,277",25:1,https://aflcio.org/paywatch/company-pay-ratios?order=ticker&sort=asc&page=105,2026-07-23T11:11:58.275Z
105,ULH,"Universal Logistics Holdings, Inc.","$62,947",20:1,https://aflcio.org/paywatch/company-pay-ratios?order=ticker&sort=asc&page=105,2026-07-23T11:11:58.275Z
105,ULTA,Ulta Beauty Inc,"$11,078","1,130:1",https://aflcio.org/paywatch/company-pay-ratios?order=ticker&sort=asc&page=105,2026-07-23T11:11:58.275Z
105,UMBF,Umb Financial Corp,"$114,644",57:1,https://aflcio.org/paywatch/company-pay-ratios?order=ticker&sort=asc&page=105,2026-07-23T11:11:58.275Z
105,UMH,"Umh Properties, Inc.","$49,558",71:1,https://aflcio.org/paywatch/company-pay-ratios?order=ticker&sort=asc&page=105,2026-07-23T11:11:58.275Z
105,UNF,Unifirst Corp,"$37,214",104:1,https://aflcio.org/paywatch/company-pay-ratios?order=ticker&sort=asc&page=105,2026-07-23T11:11:58.275Z
105,UNFI,United Natural Foods Inc,"$60,276",126:1,https://aflcio.org/paywatch/company-pay-ratios?order=ticker&sort=asc&page=105,2026-07-23T11:11:58.275Z
105,UNH,UnitedHealth Group Inc,"$75,778",348:1,https://aflcio.org/paywatch/company-pay-ratios?order=ticker&sort=asc&page=105,2026-07-23T11:11:58.275Z
105,UNIT,Uniti Group Inc.,"$100,330",112:1,https://aflcio.org/paywatch/company-pay-ratios?order=ticker&sort=asc&page=105,2026-07-23T11:11:58.275Z
105,UNM,Unum Group,"$83,155",221:1,https://aflcio.org/paywatch/company-pay-ratios?order=ticker&sort=asc&page=105,2026-07-23T11:11:58.275Z
105,UNP,Union Pacific Corp,"$134,862",131:1,https://aflcio.org/paywatch/company-pay-ratios?order=ticker&sort=asc&page=105,2026-07-23T11:11:58.275Z
105,UNTY,Unity Bancorp Inc,"$82,957",40:1,https://aflcio.org/paywatch/company-pay-ratios?order=ticker&sort=asc&page=105,2026-07-23T11:11:58.275Z
105,UPBD,"Upbound Group, Inc.","$33,897",281:1,https://aflcio.org/paywatch/company-pay-ratios?order=ticker&sort=asc&page=105,2026-07-23T11:11:58.275Z
105,UPS,United Parcel Service Inc,"$55,200",436:1,https://aflcio.org/paywatch/company-pay-ratios?order=ticker&sort=asc&page=105,2026-07-23T11:11:58.275Z
105,UPST,"Upstart Holdings, Inc.","$281,338",25:1,https://aflcio.org/paywatch/company-pay-ratios?order=ticker&sort=asc&page=105,2026-07-23T11:11:58.275Z
106,UPWK,"Upwork, Inc","$230,794",43:1,https://aflcio.org/paywatch/company-pay-ratios?order=ticker&sort=asc&page=106,2026-07-23T11:11:58.832Z
106,URBN,Urban Outfitters Inc,"$21,778",48:1,https://aflcio.org/paywatch/company-pay-ratios?order=ticker&sort=asc&page=106,2026-07-23T11:11:58.832Z
106,URI,United Rentals Inc,"$98,913",132:1,https://aflcio.org/paywatch/company-pay-ratios?order=ticker&sort=asc&page=106,2026-07-23T11:11:58.832Z
106,USB,US Bancorp,"$90,217",215:1,https://aflcio.org/paywatch/company-pay-ratios?order=ticker&sort=asc&page=106,2026-07-23T11:11:58.832Z
106,USFD,US Foods Holding Corp.,"$93,410",121:1,https://aflcio.org/paywatch/company-pay-ratios?order=ticker&sort=asc&page=106,2026-07-23T11:11:58.832Z
106,USLM,United States Lime & Minerals Inc,"$85,297",91:1,https://aflcio.org/paywatch/company-pay-ratios?order=ticker&sort=asc&page=106,2026-07-23T11:11:58.832Z
106,USM,United States Cellular Corp,"$84,463",90:1,https://aflcio.org/paywatch/company-pay-ratios?order=ticker&sort=asc&page=106,2026-07-23T11:11:58.832Z
106,USNA,Usana Health Sciences Inc,"$47,149",71:1,https://aflcio.org/paywatch/company-pay-ratios?order=ticker&sort=asc&page=106,2026-07-23T11:11:58.832Z
106,USPH,U S Physical Therapy Inc,"$44,829",81:1,https://aflcio.org/paywatch/company-pay-ratios?order=ticker&sort=asc&page=106,2026-07-23T11:11:58.832Z
106,UTHR,UNITED THERAPEUTICS Corp,"$211,298",109:1,https://aflcio.org/paywatch/company-pay-ratios?order=ticker&sort=asc&page=106,2026-07-23T11:11:58.832Z
106,UTI,Universal Technical Institute Inc,"$68,467",51:1,https://aflcio.org/paywatch/company-pay-ratios?order=ticker&sort=asc&page=106,2026-07-23T11:11:58.832Z
106,UTL,Unitil Corp,"$111,081",23:1,https://aflcio.org/paywatch/company-pay-ratios?order=ticker&sort=asc&page=106,2026-07-23T11:11:58.832Z
106,UTMD,Utah Medical Products Inc,"$41,600",11:1,https://aflcio.org/paywatch/company-pay-ratios?order=ticker&sort=asc&page=106,2026-07-23T11:11:58.832Z
106,UTZ,"Utz Brands, Inc.","$56,265",87:1,https://aflcio.org/paywatch/company-pay-ratios?order=ticker&sort=asc&page=106,2026-07-23T11:11:58.832Z
106,UUUU,Energy Fuels Inc,"$154,000",15:1,https://aflcio.org/paywatch/company-pay-ratios?order=ticker&sort=asc&page=106,2026-07-23T11:11:58.832Z
106,UVE,"Universal Insurance Holdings, Inc.","$92,758",49:1,https://aflcio.org/paywatch/company-pay-ratios?order=ticker&sort=asc&page=106,2026-07-23T11:11:58.832Z
106,UVSP,UNIVEST FINANCIAL Corp,"$73,344",26:1,https://aflcio.org/paywatch/company-pay-ratios?order=ticker&sort=asc&page=106,2026-07-23T11:11:58.832Z
106,UVV,Universal Corp,"$1,711","3,083:1",https://aflcio.org/paywatch/company-pay-ratios?order=ticker&sort=asc&page=106,2026-07-23T11:11:58.832Z
106,UWMC,UWM Holdings Corp,"$43,349",303:1,https://aflcio.org/paywatch/company-pay-ratios?order=ticker&sort=asc&page=106,2026-07-23T11:11:58.832Z
106,V,Visa Inc,"$154,266",169:1,https://aflcio.org/paywatch/company-pay-ratios?order=ticker&sort=asc&page=106,2026-07-23T11:11:58.832Z
107,VABK,Virginia National Bankshares Corp,"$73,344",26:1,https://aflcio.org/paywatch/company-pay-ratios?order=ticker&sort=asc&page=107,2026-07-23T11:11:59.320Z
107,VAC,MARRIOTT VACATIONS WORLDWIDE Corp,"$47,537",156:1,https://aflcio.org/paywatch/company-pay-ratios?order=ticker&sort=asc&page=107,2026-07-23T11:11:59.320Z
107,VAL,Valaris Ltd,"$113,707",68:1,https://aflcio.org/paywatch/company-pay-ratios?order=ticker&sort=asc&page=107,2026-07-23T11:11:59.320Z
107,VALU,Value Line Inc,"$82,450",11:1,https://aflcio.org/paywatch/company-pay-ratios?order=ticker&sort=asc&page=107,2026-07-23T11:11:59.320Z
107,VBTX,"Veritex Holdings, Inc.","$92,000",35:1,https://aflcio.org/paywatch/company-pay-ratios?order=ticker&sort=asc&page=107,2026-07-23T11:11:59.320Z
107,VC,Visteon Corp,"$26,796",538:1,https://aflcio.org/paywatch/company-pay-ratios?order=ticker&sort=asc&page=107,2026-07-23T11:11:59.320Z
107,VCEL,Vericel Corp,"$250,482",41:1,https://aflcio.org/paywatch/company-pay-ratios?order=ticker&sort=asc&page=107,2026-07-23T11:11:59.320Z
107,VCTR,"Victory Capital Holdings, Inc.","$231,651",50:1,https://aflcio.org/paywatch/company-pay-ratios?order=ticker&sort=asc&page=107,2026-07-23T11:11:59.320Z
107,VCYT,"Veracyte, Inc.","$154,756",44:1,https://aflcio.org/paywatch/company-pay-ratios?order=ticker&sort=asc&page=107,2026-07-23T11:11:59.320Z
107,VECO,Veeco Instruments Inc,"$124,704",55:1,https://aflcio.org/paywatch/company-pay-ratios?order=ticker&sort=asc&page=107,2026-07-23T11:11:59.320Z
107,VEEV,Veeva Systems Inc,"$137,866","1,250:1",https://aflcio.org/paywatch/company-pay-ratios?order=ticker&sort=asc&page=107,2026-07-23T11:11:59.320Z
107,VERX,"Vertex, Inc.","$179,778",47:1,https://aflcio.org/paywatch/company-pay-ratios?order=ticker&sort=asc&page=107,2026-07-23T11:11:59.320Z
107,VFC,V F Corp,"$32,142",334:1,https://aflcio.org/paywatch/company-pay-ratios?order=ticker&sort=asc&page=107,2026-07-23T11:11:59.320Z
107,VHI,Valhi Inc,"$93,695",27:1,https://aflcio.org/paywatch/company-pay-ratios?order=ticker&sort=asc&page=107,2026-07-23T11:11:59.320Z
107,VIAV,Viavi Solutions Inc.,"$88,179",94:1,https://aflcio.org/paywatch/company-pay-ratios?order=ticker&sort=asc&page=107,2026-07-23T11:11:59.320Z
107,VICI,VICI Properties Inc,"$465,476",28:1,https://aflcio.org/paywatch/company-pay-ratios?order=ticker&sort=asc&page=107,2026-07-23T11:11:59.320Z
107,VICR,Vicor Corp,"$81,950",11:1,https://aflcio.org/paywatch/company-pay-ratios?order=ticker&sort=asc&page=107,2026-07-23T11:11:59.320Z
107,VIR,"Vir Biotechnology, Inc.","$328,725",28:1,https://aflcio.org/paywatch/company-pay-ratios?order=ticker&sort=asc&page=107,2026-07-23T11:11:59.320Z
107,VIRT,"Virtu Financial, Inc.","$287,500",34:1,https://aflcio.org/paywatch/company-pay-ratios?order=ticker&sort=asc&page=107,2026-07-23T11:11:59.320Z
107,VKTX,"Viking Therapeutics, Inc.","$427,777",33:1,https://aflcio.org/paywatch/company-pay-ratios?order=ticker&sort=asc&page=107,2026-07-23T11:11:59.320Z
108,VLO,Valero Energy Corp,"$193,216",116:1,https://aflcio.org/paywatch/company-pay-ratios?order=ticker&sort=asc&page=108,2026-07-23T11:11:59.823Z
108,VLTO,Veralto Corp,"$58,832",196:1,https://aflcio.org/paywatch/company-pay-ratios?order=ticker&sort=asc&page=108,2026-07-23T11:11:59.823Z
108,VLY,Valley National Bancorp,"$76,462",80:1,https://aflcio.org/paywatch/company-pay-ratios?order=ticker&sort=asc&page=108,2026-07-23T11:11:59.823Z
108,VMC,Vulcan Materials Co,"$108,068",119:1,https://aflcio.org/paywatch/company-pay-ratios?order=ticker&sort=asc&page=108,2026-07-23T11:11:59.823Z
108,VMD,"Viemed Healthcare, Inc.","$38,892",67:1,https://aflcio.org/paywatch/company-pay-ratios?order=ticker&sort=asc&page=108,2026-07-23T11:11:59.823Z
108,VMEO,"Vimeo, Inc.","$143,986",58:1,https://aflcio.org/paywatch/company-pay-ratios?order=ticker&sort=asc&page=108,2026-07-23T11:11:59.823Z
108,VMI,Valmont Industries Inc,"$52,361",145:1,https://aflcio.org/paywatch/company-pay-ratios?order=ticker&sort=asc&page=108,2026-07-23T11:11:59.823Z
108,VNDA,Vanda Pharmaceuticals Inc.,"$186,541",20:1,https://aflcio.org/paywatch/company-pay-ratios?order=ticker&sort=asc&page=108,2026-07-23T11:11:59.823Z
108,VNO,Vornado Realty Trust,"$81,968",35:1,https://aflcio.org/paywatch/company-pay-ratios?order=ticker&sort=asc&page=108,2026-07-23T11:11:59.823Z
108,VNT,Vontier Corp,"$42,731",233:1,https://aflcio.org/paywatch/company-pay-ratios?order=ticker&sort=asc&page=108,2026-07-23T11:11:59.823Z
108,VOYA,"Voya Financial, Inc.","$83,158",117:1,https://aflcio.org/paywatch/company-pay-ratios?order=ticker&sort=asc&page=108,2026-07-23T11:11:59.823Z
108,VRA,"Vera Bradley, Inc.","$14,657",161:1,https://aflcio.org/paywatch/company-pay-ratios?order=ticker&sort=asc&page=108,2026-07-23T11:11:59.823Z
108,VRDN,"Viridian Therapeutics, Inc.","$400,174",2:1,https://aflcio.org/paywatch/company-pay-ratios?order=ticker&sort=asc&page=108,2026-07-23T11:11:59.823Z
108,VRE,"Veris Residential, Inc.","$106,506",69:1,https://aflcio.org/paywatch/company-pay-ratios?order=ticker&sort=asc&page=108,2026-07-23T11:11:59.823Z
108,VREX,Varex Imaging Corp,"$59,978",79:1,https://aflcio.org/paywatch/company-pay-ratios?order=ticker&sort=asc&page=108,2026-07-23T11:11:59.823Z
108,VRNA,Verona Pharma plc,"$444,444",44:1,https://aflcio.org/paywatch/company-pay-ratios?order=ticker&sort=asc&page=108,2026-07-23T11:11:59.823Z
108,VRNS,Varonis Systems Inc,"$155,704",93:1,https://aflcio.org/paywatch/company-pay-ratios?order=ticker&sort=asc&page=108,2026-07-23T11:11:59.823Z
108,VRNT,Verint Systems Inc,"$90,911",99:1,https://aflcio.org/paywatch/company-pay-ratios?order=ticker&sort=asc&page=108,2026-07-23T11:11:59.823Z
108,VRRM,VERRA MOBILITY Corp,"$77,076",72:1,https://aflcio.org/paywatch/company-pay-ratios?order=ticker&sort=asc&page=108,2026-07-23T11:11:59.823Z
108,VRSK,Verisk Analytics Inc,"$91,464",132:1,https://aflcio.org/paywatch/company-pay-ratios?order=ticker&sort=asc&page=108,2026-07-23T11:11:59.823Z
109,VRSN,VeriSign Inc,"$221,962",63:1,https://aflcio.org/paywatch/company-pay-ratios?order=ticker&sort=asc&page=109,2026-07-23T11:12:00.348Z
109,VRT,Vertiv Holdings Co,"$25,463",482:1,https://aflcio.org/paywatch/company-pay-ratios?order=ticker&sort=asc&page=109,2026-07-23T11:12:00.348Z
109,VRTS,"Virtus Investment Partners, Inc.","$251,470",27:1,https://aflcio.org/paywatch/company-pay-ratios?order=ticker&sort=asc&page=109,2026-07-23T11:12:00.348Z
109,VRTX,Vertex Pharmaceuticals Inc,"$245,708",88:1,https://aflcio.org/paywatch/company-pay-ratios?order=ticker&sort=asc&page=109,2026-07-23T11:12:00.348Z
109,VSAT,Viasat Inc,"$156,402",57:1,https://aflcio.org/paywatch/company-pay-ratios?order=ticker&sort=asc&page=109,2026-07-23T11:12:00.348Z
109,VSEC,Vse Corp,"$63,528",78:1,https://aflcio.org/paywatch/company-pay-ratios?order=ticker&sort=asc&page=109,2026-07-23T11:12:00.348Z
109,VSH,Vishay Intertechnology Inc,"$18,593",293:1,https://aflcio.org/paywatch/company-pay-ratios?order=ticker&sort=asc&page=109,2026-07-23T11:12:00.348Z
109,VST,Vistra Corp,"$132,568",92:1,https://aflcio.org/paywatch/company-pay-ratios?order=ticker&sort=asc&page=109,2026-07-23T11:12:00.348Z
109,VTLE,"Vital Energy, Inc.","$173,539",47:1,https://aflcio.org/paywatch/company-pay-ratios?order=ticker&sort=asc&page=109,2026-07-23T11:12:00.348Z
109,VTOL,Bristow Group Inc.,"$123,998",45:1,https://aflcio.org/paywatch/company-pay-ratios?order=ticker&sort=asc&page=109,2026-07-23T11:12:00.348Z
109,VTR,Ventas Inc,"$123,389",117:1,https://aflcio.org/paywatch/company-pay-ratios?order=ticker&sort=asc&page=109,2026-07-23T11:12:00.348Z
109,VTRS,Viatris Inc,"$48,598",304:1,https://aflcio.org/paywatch/company-pay-ratios?order=ticker&sort=asc&page=109,2026-07-23T11:12:00.348Z
109,VVV,Valvoline Inc,"$32,385",132:1,https://aflcio.org/paywatch/company-pay-ratios?order=ticker&sort=asc&page=109,2026-07-23T11:12:00.348Z
109,VYX,NCR Voyix Corp,"$41,785",240:1,https://aflcio.org/paywatch/company-pay-ratios?order=ticker&sort=asc&page=109,2026-07-23T11:12:00.348Z
109,VZ,Verizon Communications Inc,"$132,471",183:1,https://aflcio.org/paywatch/company-pay-ratios?order=ticker&sort=asc&page=109,2026-07-23T11:12:00.348Z
109,W,Wayfair Inc.,"$49,158",6:1,https://aflcio.org/paywatch/company-pay-ratios?order=ticker&sort=asc&page=109,2026-07-23T11:12:00.348Z
109,WAB,Westinghouse Air Brake Technologies Corp,"$48,337",434:1,https://aflcio.org/paywatch/company-pay-ratios?order=ticker&sort=asc&page=109,2026-07-23T11:12:00.348Z
109,WABC,Westamerica Bancorporation,"$46,293",16:1,https://aflcio.org/paywatch/company-pay-ratios?order=ticker&sort=asc&page=109,2026-07-23T11:12:00.348Z
109,WAFD,Wafd Inc,"$60,470",67:1,https://aflcio.org/paywatch/company-pay-ratios?order=ticker&sort=asc&page=109,2026-07-23T11:12:00.348Z
109,WAL,Western Alliance Bancorporation,"$112,120",92:1,https://aflcio.org/paywatch/company-pay-ratios?order=ticker&sort=asc&page=109,2026-07-23T11:12:00.348Z
110,WASH,Washington Trust Bancorp Inc,"$79,701",21:1,https://aflcio.org/paywatch/company-pay-ratios?order=ticker&sort=asc&page=110,2026-07-23T11:12:00.853Z
110,WAT,Waters Corp,"$84,397",132:1,https://aflcio.org/paywatch/company-pay-ratios?order=ticker&sort=asc&page=110,2026-07-23T11:12:00.853Z
110,WBA,Walgreens Boots Alliance Inc,"$32,958",410:1,https://aflcio.org/paywatch/company-pay-ratios?order=ticker&sort=asc&page=110,2026-07-23T11:12:00.853Z
110,WBD,Warner Bros Discovery Inc,"$130,316",398:1,https://aflcio.org/paywatch/company-pay-ratios?order=ticker&sort=asc&page=110,2026-07-23T11:12:00.853Z
110,WBS,Webster Financial Corp,"$91,031",66:1,https://aflcio.org/paywatch/company-pay-ratios?order=ticker&sort=asc&page=110,2026-07-23T11:12:00.853Z
110,WCC,Wesco International Inc,"$65,066",176:1,https://aflcio.org/paywatch/company-pay-ratios?order=ticker&sort=asc&page=110,2026-07-23T11:12:00.853Z
110,WD,"Walker & Dunlop, Inc.","$161,699",47:1,https://aflcio.org/paywatch/company-pay-ratios?order=ticker&sort=asc&page=110,2026-07-23T11:12:00.853Z
110,WDAY,Workday Inc,"$219,720",119:1,https://aflcio.org/paywatch/company-pay-ratios?order=ticker&sort=asc&page=110,2026-07-23T11:12:00.853Z
110,WDC,Western Digital Corp,"$10,726","1,649:1",https://aflcio.org/paywatch/company-pay-ratios?order=ticker&sort=asc&page=110,2026-07-23T11:12:00.853Z
110,WDFC,Wd 40 Co,"$82,860",44:1,https://aflcio.org/paywatch/company-pay-ratios?order=ticker&sort=asc&page=110,2026-07-23T11:12:00.853Z
110,WEC,WEC Energy Group Inc,"$134,997",81:1,https://aflcio.org/paywatch/company-pay-ratios?order=ticker&sort=asc&page=110,2026-07-23T11:12:00.853Z
110,WELL,Welltower Inc,"$120,000",168:1,https://aflcio.org/paywatch/company-pay-ratios?order=ticker&sort=asc&page=110,2026-07-23T11:12:00.853Z
110,WERN,Werner Enterprises Inc,"$58,260",100:1,https://aflcio.org/paywatch/company-pay-ratios?order=ticker&sort=asc&page=110,2026-07-23T11:12:00.853Z
110,WES,"Western Midstream Partners, LP","$161,174",41:1,https://aflcio.org/paywatch/company-pay-ratios?order=ticker&sort=asc&page=110,2026-07-23T11:12:00.853Z
110,WEX,WEX Inc.,"$122,229",103:1,https://aflcio.org/paywatch/company-pay-ratios?order=ticker&sort=asc&page=110,2026-07-23T11:12:00.853Z
110,WFC,Wells Fargo & Co,"$80,296",378:1,https://aflcio.org/paywatch/company-pay-ratios?order=ticker&sort=asc&page=110,2026-07-23T11:12:00.853Z
110,WFRD,Weatherford International plc,"$46,234",320:1,https://aflcio.org/paywatch/company-pay-ratios?order=ticker&sort=asc&page=110,2026-07-23T11:12:00.853Z
110,WGO,Winnebago Industries Inc,"$74,456",97:1,https://aflcio.org/paywatch/company-pay-ratios?order=ticker&sort=asc&page=110,2026-07-23T11:12:00.853Z
110,WH,"Wyndham Hotels & Resorts, Inc.","$92,621",150:1,https://aflcio.org/paywatch/company-pay-ratios?order=ticker&sort=asc&page=110,2026-07-23T11:12:00.853Z
110,WHD,"Cactus, Inc.","$106,541",31:1,https://aflcio.org/paywatch/company-pay-ratios?order=ticker&sort=asc&page=110,2026-07-23T11:12:00.853Z
111,WHR,Whirlpool Corp,"$28,747",485:1,https://aflcio.org/paywatch/company-pay-ratios?order=ticker&sort=asc&page=111,2026-07-23T11:12:01.383Z
111,WINA,Winmark Corp,"$86,989",21:1,https://aflcio.org/paywatch/company-pay-ratios?order=ticker&sort=asc&page=111,2026-07-23T11:12:01.383Z
111,WING,Wingstop Inc.,"$29,745",311:1,https://aflcio.org/paywatch/company-pay-ratios?order=ticker&sort=asc&page=111,2026-07-23T11:12:01.383Z
111,WK,Workiva Inc,"$145,600",93:1,https://aflcio.org/paywatch/company-pay-ratios?order=ticker&sort=asc&page=111,2026-07-23T11:12:01.383Z
111,WLDN,"Willdan Group, Inc.","$68,917",34:1,https://aflcio.org/paywatch/company-pay-ratios?order=ticker&sort=asc&page=111,2026-07-23T11:12:01.383Z
111,WLY,"John Wiley & Sons, Inc.","$55,823",76:1,https://aflcio.org/paywatch/company-pay-ratios?order=ticker&sort=asc&page=111,2026-07-23T11:12:01.383Z
111,WM,Waste Management Inc,"$85,147",201:1,https://aflcio.org/paywatch/company-pay-ratios?order=ticker&sort=asc&page=111,2026-07-23T11:12:01.383Z
111,WMB,Williams Cos Inc,"$134,239",122:1,https://aflcio.org/paywatch/company-pay-ratios?order=ticker&sort=asc&page=111,2026-07-23T11:12:01.383Z
111,WMG,Warner Music Group Corp.,"$72,592",257:1,https://aflcio.org/paywatch/company-pay-ratios?order=ticker&sort=asc&page=111,2026-07-23T11:12:01.383Z
111,WMK,Weis Markets Inc,"$20,575",451:1,https://aflcio.org/paywatch/company-pay-ratios?order=ticker&sort=asc&page=111,2026-07-23T11:12:01.383Z
111,WMS,"Advanced Drainage Systems, Inc.","$76,200",97:1,https://aflcio.org/paywatch/company-pay-ratios?order=ticker&sort=asc&page=111,2026-07-23T11:12:01.383Z
111,WMT,Walmart Inc,"$29,469",930:1,https://aflcio.org/paywatch/company-pay-ratios?order=ticker&sort=asc&page=111,2026-07-23T11:12:01.383Z
111,WNC,WABASH NATIONAL Corp,"$49,778",120:1,https://aflcio.org/paywatch/company-pay-ratios?order=ticker&sort=asc&page=111,2026-07-23T11:12:01.383Z
111,WNEB,"Western New England Bancorp, Inc.","$53,127",28:1,https://aflcio.org/paywatch/company-pay-ratios?order=ticker&sort=asc&page=111,2026-07-23T11:12:01.383Z
111,WOLF,"Wolfspeed, Inc.","$79,085",144:1,https://aflcio.org/paywatch/company-pay-ratios?order=ticker&sort=asc&page=111,2026-07-23T11:12:01.383Z
111,WOOF,"Petco Health & Wellness Company, Inc.","$35,424",536:1,https://aflcio.org/paywatch/company-pay-ratios?order=ticker&sort=asc&page=111,2026-07-23T11:12:01.383Z
111,WOR,"Worthington Enterprises, Inc.","$57,719",176:1,https://aflcio.org/paywatch/company-pay-ratios?order=ticker&sort=asc&page=111,2026-07-23T11:12:01.383Z
111,WPC,W. P. Carey Inc.,"$195,516",52:1,https://aflcio.org/paywatch/company-pay-ratios?order=ticker&sort=asc&page=111,2026-07-23T11:12:01.383Z
111,WRB,W R Berkley Corp,"$130,099",134:1,https://aflcio.org/paywatch/company-pay-ratios?order=ticker&sort=asc&page=111,2026-07-23T11:12:01.383Z
111,WRBY,Warby Parker Inc.,"$44,796",33:1,https://aflcio.org/paywatch/company-pay-ratios?order=ticker&sort=asc&page=111,2026-07-23T11:12:01.383Z
112,WRLD,World Acceptance Corp,"$42,718",23:1,https://aflcio.org/paywatch/company-pay-ratios?order=ticker&sort=asc&page=112,2026-07-23T11:12:01.885Z
112,WSBC,Wesbanco Inc,"$68,218",39:1,https://aflcio.org/paywatch/company-pay-ratios?order=ticker&sort=asc&page=112,2026-07-23T11:12:01.885Z
112,WSBF,"Waterstone Financial, Inc.","$66,761",10:1,https://aflcio.org/paywatch/company-pay-ratios?order=ticker&sort=asc&page=112,2026-07-23T11:12:01.885Z
112,WSC,WillScot Holdings Corp,"$67,580",106:1,https://aflcio.org/paywatch/company-pay-ratios?order=ticker&sort=asc&page=112,2026-07-23T11:12:01.885Z
112,WSFS,Wsfs Financial Corp,"$115,627",40:1,https://aflcio.org/paywatch/company-pay-ratios?order=ticker&sort=asc&page=112,2026-07-23T11:12:01.885Z
112,WSM,Williams-Sonoma Inc,"$26,078","1,062:1",https://aflcio.org/paywatch/company-pay-ratios?order=ticker&sort=asc&page=112,2026-07-23T11:12:01.885Z
112,WSO,Watsco Inc,"$65,247",98:1,https://aflcio.org/paywatch/company-pay-ratios?order=ticker&sort=asc&page=112,2026-07-23T11:12:01.885Z
112,WSR,Whitestone REIT,"$98,051",24:1,https://aflcio.org/paywatch/company-pay-ratios?order=ticker&sort=asc&page=112,2026-07-23T11:12:01.885Z
112,WST,West Pharmaceutical Services Inc,"$61,069",137:1,https://aflcio.org/paywatch/company-pay-ratios?order=ticker&sort=asc&page=112,2026-07-23T11:12:01.885Z
112,WT,"WisdomTree, Inc.","$205,100",33:1,https://aflcio.org/paywatch/company-pay-ratios?order=ticker&sort=asc&page=112,2026-07-23T11:12:01.885Z
112,WTBA,West Bancorporation Inc,"$74,576",16:1,https://aflcio.org/paywatch/company-pay-ratios?order=ticker&sort=asc&page=112,2026-07-23T11:12:01.885Z
112,WTFC,Wintrust Financial Corp,"$78,741",77:1,https://aflcio.org/paywatch/company-pay-ratios?order=ticker&sort=asc&page=112,2026-07-23T11:12:01.885Z
112,WTI,W&T Offshore Inc,"$139,800",30:1,https://aflcio.org/paywatch/company-pay-ratios?order=ticker&sort=asc&page=112,2026-07-23T11:12:01.885Z
112,WTM,White Mountains Insurance Group Ltd,"$74,181",100:1,https://aflcio.org/paywatch/company-pay-ratios?order=ticker&sort=asc&page=112,2026-07-23T11:12:01.885Z
112,WTRG,"Essential Utilities, Inc.","$97,843",64:1,https://aflcio.org/paywatch/company-pay-ratios?order=ticker&sort=asc&page=112,2026-07-23T11:12:01.885Z
112,WTS,Watts Water Technologies Inc,"$51,654",175:1,https://aflcio.org/paywatch/company-pay-ratios?order=ticker&sort=asc&page=112,2026-07-23T11:12:01.885Z
112,WTTR,"Select Water Solutions, Inc.","$85,525",57:1,https://aflcio.org/paywatch/company-pay-ratios?order=ticker&sort=asc&page=112,2026-07-23T11:12:01.885Z
112,WTW,Willis Towers Watson PLC,"$48,869",256:1,https://aflcio.org/paywatch/company-pay-ratios?order=ticker&sort=asc&page=112,2026-07-23T11:12:01.885Z
112,WU,Western Union CO,"$32,899",403:1,https://aflcio.org/paywatch/company-pay-ratios?order=ticker&sort=asc&page=112,2026-07-23T11:12:01.885Z
112,WWD,"Woodward, Inc.","$63,650",176:1,https://aflcio.org/paywatch/company-pay-ratios?order=ticker&sort=asc&page=112,2026-07-23T11:12:01.885Z
113,WWW,Wolverine World Wide Inc,"$52,621",178:1,https://aflcio.org/paywatch/company-pay-ratios?order=ticker&sort=asc&page=113,2026-07-23T11:12:02.383Z
113,WY,Weyerhaeuser Co,"$89,676",144:1,https://aflcio.org/paywatch/company-pay-ratios?order=ticker&sort=asc&page=113,2026-07-23T11:12:02.383Z
113,WYNN,Wynn Resorts Ltd,"$57,631",276:1,https://aflcio.org/paywatch/company-pay-ratios?order=ticker&sort=asc&page=113,2026-07-23T11:12:02.383Z
113,X,United States Steel Corp,"$99,474",148:1,https://aflcio.org/paywatch/company-pay-ratios?order=ticker&sort=asc&page=113,2026-07-23T11:12:02.383Z
113,XBIT,XBiotech Inc.,"$100,800",62:1,https://aflcio.org/paywatch/company-pay-ratios?order=ticker&sort=asc&page=113,2026-07-23T11:12:02.383Z
113,XEL,Xcel Energy Inc,"$130,406",99:1,https://aflcio.org/paywatch/company-pay-ratios?order=ticker&sort=asc&page=113,2026-07-23T11:12:02.383Z
113,XHR,"Xenia Hotels & Resorts, Inc.","$270,751",25:1,https://aflcio.org/paywatch/company-pay-ratios?order=ticker&sort=asc&page=113,2026-07-23T11:12:02.383Z
113,XMTR,"Xometry, Inc.","$92,060",42:1,https://aflcio.org/paywatch/company-pay-ratios?order=ticker&sort=asc&page=113,2026-07-23T11:12:02.383Z
113,XNCR,Xencor Inc,"$270,292",25:1,https://aflcio.org/paywatch/company-pay-ratios?order=ticker&sort=asc&page=113,2026-07-23T11:12:02.383Z
113,XOM,Exxon Mobil Corp,"$190,266",232:1,https://aflcio.org/paywatch/company-pay-ratios?order=ticker&sort=asc&page=113,2026-07-23T11:12:02.383Z
113,XPEL,"XPEL, Inc.","$55,382",40:1,https://aflcio.org/paywatch/company-pay-ratios?order=ticker&sort=asc&page=113,2026-07-23T11:12:02.383Z
113,XPO,"XPO, Inc.","$59,304",237:1,https://aflcio.org/paywatch/company-pay-ratios?order=ticker&sort=asc&page=113,2026-07-23T11:12:02.383Z
113,XPRO,Expro Group Holdings N.V.,"$32,206",216:1,https://aflcio.org/paywatch/company-pay-ratios?order=ticker&sort=asc&page=113,2026-07-23T11:12:02.383Z
113,XRAY,DENTSPLY SIRONA Inc.,"$52,892",164:1,https://aflcio.org/paywatch/company-pay-ratios?order=ticker&sort=asc&page=113,2026-07-23T11:12:02.383Z
113,XRX,Xerox Holdings Corp,"$53,149",260:1,https://aflcio.org/paywatch/company-pay-ratios?order=ticker&sort=asc&page=113,2026-07-23T11:12:02.383Z
113,XYL,Xylem Inc/NY,"$58,781",180:1,https://aflcio.org/paywatch/company-pay-ratios?order=ticker&sort=asc&page=113,2026-07-23T11:12:02.383Z
113,YELP,Yelp Inc,"$102,259",94:1,https://aflcio.org/paywatch/company-pay-ratios?order=ticker&sort=asc&page=113,2026-07-23T11:12:02.383Z
113,YETI,"YETI Holdings, Inc.","$83,007",94:1,https://aflcio.org/paywatch/company-pay-ratios?order=ticker&sort=asc&page=113,2026-07-23T11:12:02.383Z
113,YEXT,"Yext, Inc.","$136,500",45:1,https://aflcio.org/paywatch/company-pay-ratios?order=ticker&sort=asc&page=113,2026-07-23T11:12:02.383Z
113,YOU,"Clear Secure, Inc.","$37,293",165:1,https://aflcio.org/paywatch/company-pay-ratios?order=ticker&sort=asc&page=113,2026-07-23T11:12:02.383Z
114,YUM,Yum! Brands Inc,"$17,160","1,440:1",https://aflcio.org/paywatch/company-pay-ratios?order=ticker&sort=asc&page=114,2026-07-23T11:12:02.942Z
114,ZBH,Zimmer Biomet Holdings Inc,"$68,111",220:1,https://aflcio.org/paywatch/company-pay-ratios?order=ticker&sort=asc&page=114,2026-07-23T11:12:02.942Z
114,ZBRA,Zebra Technologies Corp,"$72,654",185:1,https://aflcio.org/paywatch/company-pay-ratios?order=ticker&sort=asc&page=114,2026-07-23T11:12:02.942Z
114,ZD,"Ziff Davis, Inc.","$81,093",156:1,https://aflcio.org/paywatch/company-pay-ratios?order=ticker&sort=asc&page=114,2026-07-23T11:12:02.942Z
114,ZETA,Zeta Global Holdings Corp.,"$92,177",284:1,https://aflcio.org/paywatch/company-pay-ratios?order=ticker&sort=asc&page=114,2026-07-23T11:12:02.942Z
114,ZEUS,Olympic Steel Inc,"$65,382",59:1,https://aflcio.org/paywatch/company-pay-ratios?order=ticker&sort=asc&page=114,2026-07-23T11:12:02.942Z
114,ZG,"Zillow Group, Inc.","$169,166",93:1,https://aflcio.org/paywatch/company-pay-ratios?order=ticker&sort=asc&page=114,2026-07-23T11:12:02.942Z
114,ZIMV,ZimVie Inc.,"$88,746",81:1,https://aflcio.org/paywatch/company-pay-ratios?order=ticker&sort=asc&page=114,2026-07-23T11:12:02.942Z
114,ZION,"Zions Bancorporation, National Association","$86,114",66:1,https://aflcio.org/paywatch/company-pay-ratios?order=ticker&sort=asc&page=114,2026-07-23T11:12:02.942Z
114,ZIP,"Ziprecruiter, Inc.","$122,140",46:1,https://aflcio.org/paywatch/company-pay-ratios?order=ticker&sort=asc&page=114,2026-07-23T11:12:02.942Z
114,ZM,"Zoom Communications, Inc.","$174,796",20:1,https://aflcio.org/paywatch/company-pay-ratios?order=ticker&sort=asc&page=114,2026-07-23T11:12:02.942Z
114,ZTS,Zoetis Inc,"$79,134",217:1,https://aflcio.org/paywatch/company-pay-ratios?order=ticker&sort=asc&page=114,2026-07-23T11:12:02.942Z
114,ZUMZ,Zumiez Inc,"$6,732",130:1,https://aflcio.org/paywatch/company-pay-ratios?order=ticker&sort=asc&page=114,2026-07-23T11:12:02.942Z
114,ZUO,Zuora Inc,"$131,644",67:1,https://aflcio.org/paywatch/company-pay-ratios?order=ticker&sort=asc&page=114,2026-07-23T11:12:02.942Z
114,ZWS,Zurn Elkay Water Solutions Corp,"$63,103",177:1,https://aflcio.org/paywatch/company-pay-ratios?order=ticker&sort=asc&page=114,2026-07-23T11:12:02.942Z
